"Date","Site","Depth","DOC_interp","DOCinf_interp"
2014-05-05,50,0.1,1.9,2
2014-05-05,50,0.8,NA,2
2014-05-05,50,1.6,NA,2
2014-05-05,50,2.8,NA,2
2014-05-05,50,3.8,NA,2
2014-05-05,50,5,1.8,2
2014-05-05,50,5.2,NA,NA
2014-05-05,50,5.5,NA,NA
2014-05-05,50,5.8,NA,NA
2014-05-05,50,6,NA,NA
2014-05-05,50,6.2,NA,2
2014-05-05,50,8,NA,2
2014-05-05,50,9,1.8,2
2014-05-05,50,9.3,NA,NA
2014-05-06,50,0.1,1.9,2
2014-05-06,50,0.8,NA,2
2014-05-06,50,1.6,NA,2
2014-05-06,50,2.8,NA,2
2014-05-06,50,3.8,NA,2
2014-05-06,50,5,1.8,2
2014-05-06,50,5.2,NA,NA
2014-05-06,50,5.5,NA,NA
2014-05-06,50,5.8,NA,NA
2014-05-06,50,6,NA,NA
2014-05-06,50,6.2,NA,2
2014-05-06,50,8,NA,2
2014-05-06,50,9,1.8,2
2014-05-06,50,9.3,NA,NA
2014-05-07,50,0.1,1.9,2
2014-05-07,50,0.8,NA,2
2014-05-07,50,1.6,NA,2
2014-05-07,50,2.8,NA,2
2014-05-07,50,3.8,NA,2
2014-05-07,50,5,1.8,2
2014-05-07,50,5.2,NA,NA
2014-05-07,50,5.5,NA,NA
2014-05-07,50,5.8,NA,NA
2014-05-07,50,6,NA,NA
2014-05-07,50,6.2,NA,2
2014-05-07,50,8,NA,2
2014-05-07,50,9,1.8,2
2014-05-07,50,9.3,NA,NA
2014-05-08,50,0.1,1.9,2
2014-05-08,50,0.8,NA,2
2014-05-08,50,1.6,NA,2
2014-05-08,50,2.8,NA,2
2014-05-08,50,3.8,NA,2
2014-05-08,50,5,1.8,2
2014-05-08,50,5.2,NA,NA
2014-05-08,50,5.5,NA,NA
2014-05-08,50,5.8,NA,NA
2014-05-08,50,6,NA,NA
2014-05-08,50,6.2,NA,2
2014-05-08,50,8,NA,2
2014-05-08,50,9,1.8,2
2014-05-08,50,9.3,NA,NA
2014-05-09,50,0.1,1.9,2
2014-05-09,50,0.8,NA,2
2014-05-09,50,1.6,NA,2
2014-05-09,50,2.8,NA,2
2014-05-09,50,3.8,NA,2
2014-05-09,50,5,1.8,2
2014-05-09,50,5.2,NA,NA
2014-05-09,50,5.5,NA,NA
2014-05-09,50,5.8,NA,NA
2014-05-09,50,6,NA,NA
2014-05-09,50,6.2,NA,2
2014-05-09,50,8,NA,2
2014-05-09,50,9,1.8,2
2014-05-09,50,9.3,NA,NA
2014-05-10,50,0.1,1.9,2
2014-05-10,50,0.8,NA,2
2014-05-10,50,1.6,NA,2
2014-05-10,50,2.8,NA,2
2014-05-10,50,3.8,NA,2
2014-05-10,50,5,1.8,2
2014-05-10,50,5.2,NA,NA
2014-05-10,50,5.5,NA,NA
2014-05-10,50,5.8,NA,NA
2014-05-10,50,6,NA,NA
2014-05-10,50,6.2,NA,2
2014-05-10,50,8,NA,2
2014-05-10,50,9,1.8,2
2014-05-10,50,9.3,NA,NA
2014-05-12,50,0.1,1.9,2
2014-05-12,50,0.8,NA,2
2014-05-12,50,1.6,NA,2
2014-05-12,50,2.8,NA,2
2014-05-12,50,3.8,NA,2
2014-05-12,50,5,1.8,2
2014-05-12,50,5.2,NA,NA
2014-05-12,50,5.5,NA,NA
2014-05-12,50,5.8,NA,NA
2014-05-12,50,6,NA,NA
2014-05-12,50,6.2,NA,2
2014-05-12,50,8,NA,2
2014-05-12,50,9,1.8,2
2014-05-12,50,9.3,NA,NA
2014-05-14,50,0.1,1.93333333333333,1.96666666666667
2014-05-14,50,0.8,NA,1.96666666666667
2014-05-14,50,1.6,NA,1.96666666666667
2014-05-14,50,2.8,NA,1.96666666666667
2014-05-14,50,3.8,NA,1.96666666666667
2014-05-14,50,5,1.8,1.96666666666667
2014-05-14,50,5.2,NA,NA
2014-05-14,50,5.5,NA,NA
2014-05-14,50,5.8,NA,NA
2014-05-14,50,6,NA,NA
2014-05-14,50,6.2,NA,1.96666666666667
2014-05-14,50,8,NA,1.96666666666667
2014-05-14,50,9,1.8,1.96666666666667
2014-05-14,50,9.3,NA,NA
2014-05-15,50,0.1,1.96666666666667,1.93333333333333
2014-05-15,50,0.8,NA,1.93333333333333
2014-05-15,50,1.6,NA,1.93333333333333
2014-05-15,50,2.8,NA,1.93333333333333
2014-05-15,50,3.8,NA,1.93333333333333
2014-05-15,50,5,1.8,1.93333333333333
2014-05-15,50,5.2,NA,NA
2014-05-15,50,5.5,NA,NA
2014-05-15,50,5.8,NA,NA
2014-05-15,50,6,NA,NA
2014-05-15,50,6.2,NA,1.93333333333333
2014-05-15,50,8,NA,1.93333333333333
2014-05-15,50,9,1.8,1.93333333333333
2014-05-15,50,9.3,NA,NA
2014-05-19,50,0.1,2,1.9
2014-05-19,50,0.8,NA,1.9
2014-05-19,50,1.6,NA,1.9
2014-05-19,50,2.8,NA,1.9
2014-05-19,50,3.8,NA,1.9
2014-05-19,50,5,1.8,1.9
2014-05-19,50,5.2,NA,NA
2014-05-19,50,5.5,NA,NA
2014-05-19,50,5.8,NA,NA
2014-05-19,50,6,NA,NA
2014-05-19,50,6.2,NA,1.9
2014-05-19,50,8,NA,1.9
2014-05-19,50,9,1.8,1.9
2014-05-19,50,9.3,NA,NA
2014-05-22,50,0.1,1.95,1.9
2014-05-22,50,0.8,NA,1.9
2014-05-22,50,1.6,NA,1.9
2014-05-22,50,2.8,NA,1.9
2014-05-22,50,3.8,NA,1.9
2014-05-22,50,5,1.95,1.9
2014-05-22,50,5.2,NA,NA
2014-05-22,50,5.5,NA,NA
2014-05-22,50,5.8,NA,NA
2014-05-22,50,6,NA,NA
2014-05-22,50,6.2,NA,1.9
2014-05-22,50,8,NA,1.9
2014-05-22,50,9,1.9,1.9
2014-05-22,50,9.3,NA,NA
2014-05-26,50,0.1,1.9,1.9
2014-05-26,50,0.8,NA,1.9
2014-05-26,50,1.6,NA,1.9
2014-05-26,50,2.8,NA,1.9
2014-05-26,50,3.8,NA,1.9
2014-05-26,50,5,2.1,1.9
2014-05-26,50,5.2,NA,NA
2014-05-26,50,5.5,NA,NA
2014-05-26,50,5.8,NA,NA
2014-05-26,50,6,NA,NA
2014-05-26,50,6.2,NA,1.9
2014-05-26,50,8,NA,1.9
2014-05-26,50,9,2,1.9
2014-05-26,50,9.3,NA,NA
2014-05-28,50,0.1,1.9,2
2014-05-28,50,0.8,NA,2
2014-05-28,50,1.6,NA,2
2014-05-28,50,2.8,NA,2
2014-05-28,50,3.8,NA,2
2014-05-28,50,5,2.12857142857143,2
2014-05-28,50,5.2,NA,NA
2014-05-28,50,5.5,NA,NA
2014-05-28,50,5.8,NA,NA
2014-05-28,50,6,NA,NA
2014-05-28,50,6.2,NA,2
2014-05-28,50,8,NA,2
2014-05-28,50,9,2,2
2014-05-28,50,9.3,NA,NA
2014-06-02,50,0.1,1.9,2.1
2014-06-02,50,0.8,NA,2.1
2014-06-02,50,1.6,NA,2.1
2014-06-02,50,2.8,NA,2.1
2014-06-02,50,3.8,NA,2.1
2014-06-02,50,5,2.15714285714286,2.1
2014-06-02,50,5.2,NA,NA
2014-06-02,50,5.5,NA,NA
2014-06-02,50,5.8,NA,NA
2014-06-02,50,6,NA,NA
2014-06-02,50,6.2,NA,2.1
2014-06-02,50,8,NA,2.1
2014-06-02,50,9,2,2.1
2014-06-02,50,9.3,NA,NA
2014-06-03,50,0.1,1.9,2.06
2014-06-03,50,0.8,NA,2.06
2014-06-03,50,1.6,NA,2.06
2014-06-03,50,2.8,NA,2.06
2014-06-03,50,3.8,NA,2.06
2014-06-03,50,5,2.18571428571429,2.06
2014-06-03,50,5.2,NA,NA
2014-06-03,50,5.5,NA,NA
2014-06-03,50,5.8,NA,NA
2014-06-03,50,6,NA,NA
2014-06-03,50,6.2,NA,2.06
2014-06-03,50,8,NA,2.06
2014-06-03,50,9,2.02,2.06
2014-06-03,50,9.3,NA,NA
2014-06-04,50,0.1,1.9,2.02
2014-06-04,50,0.8,NA,2.02
2014-06-04,50,1.6,NA,2.02
2014-06-04,50,2.8,NA,2.02
2014-06-04,50,3.8,NA,2.02
2014-06-04,50,5,2.21428571428571,2.02
2014-06-04,50,5.2,NA,NA
2014-06-04,50,5.5,NA,NA
2014-06-04,50,5.8,NA,NA
2014-06-04,50,6,NA,NA
2014-06-04,50,6.2,NA,2.02
2014-06-04,50,8,NA,2.02
2014-06-04,50,9,2.04,2.02
2014-06-04,50,9.3,NA,NA
2014-06-05,50,0.1,1.9,1.98
2014-06-05,50,0.8,NA,1.98
2014-06-05,50,1.6,NA,1.98
2014-06-05,50,2.8,NA,1.98
2014-06-05,50,3.8,NA,1.98
2014-06-05,50,5,2.24285714285714,1.98
2014-06-05,50,5.2,NA,NA
2014-06-05,50,5.5,NA,NA
2014-06-05,50,5.8,NA,NA
2014-06-05,50,6,NA,NA
2014-06-05,50,6.2,NA,1.98
2014-06-05,50,8,NA,1.98
2014-06-05,50,9,2.06,1.98
2014-06-05,50,9.3,NA,NA
2014-06-06,50,0.1,1.9,1.94
2014-06-06,50,0.8,NA,1.94
2014-06-06,50,1.6,NA,1.94
2014-06-06,50,2.8,NA,1.94
2014-06-06,50,3.8,NA,1.94
2014-06-06,50,5,2.27142857142857,1.94
2014-06-06,50,5.2,NA,NA
2014-06-06,50,5.5,NA,NA
2014-06-06,50,5.8,NA,NA
2014-06-06,50,6,NA,NA
2014-06-06,50,6.2,NA,1.94
2014-06-06,50,8,NA,1.94
2014-06-06,50,9,2.08,1.94
2014-06-06,50,9.3,NA,NA
2014-06-09,50,0.1,1.9,1.9
2014-06-09,50,0.8,NA,1.9
2014-06-09,50,1.6,NA,1.9
2014-06-09,50,2.8,NA,1.9
2014-06-09,50,3.8,NA,1.9
2014-06-09,50,5,2.3,1.9
2014-06-09,50,5.2,NA,NA
2014-06-09,50,5.5,NA,NA
2014-06-09,50,5.8,NA,NA
2014-06-09,50,6,NA,NA
2014-06-09,50,6.2,NA,1.9
2014-06-09,50,8,NA,1.9
2014-06-09,50,9,2.1,1.9
2014-06-09,50,9.3,NA,NA
2014-06-12,50,0.1,2.05,1.9
2014-06-12,50,0.8,NA,1.9
2014-06-12,50,1.6,NA,1.9
2014-06-12,50,2.8,NA,1.9
2014-06-12,50,3.8,NA,1.9
2014-06-12,50,5,2.21666666666667,1.9
2014-06-12,50,5.2,NA,NA
2014-06-12,50,5.5,NA,NA
2014-06-12,50,5.8,NA,NA
2014-06-12,50,6,NA,NA
2014-06-12,50,6.2,NA,1.9
2014-06-12,50,8,NA,1.9
2014-06-12,50,9,1.95,1.9
2014-06-12,50,9.3,NA,NA
2014-06-16,50,0.1,2.2,1.9
2014-06-16,50,0.8,NA,1.9
2014-06-16,50,1.6,NA,1.9
2014-06-16,50,2.8,NA,1.9
2014-06-16,50,3.8,NA,1.9
2014-06-16,50,5,2.13333333333333,1.9
2014-06-16,50,5.2,NA,NA
2014-06-16,50,5.5,NA,NA
2014-06-16,50,5.8,NA,NA
2014-06-16,50,6,NA,NA
2014-06-16,50,6.2,NA,1.9
2014-06-16,50,8,NA,1.9
2014-06-16,50,9,1.8,1.9
2014-06-16,50,9.3,NA,NA
2014-06-19,50,0.1,2.1,1.85
2014-06-19,50,0.8,NA,1.85
2014-06-19,50,1.6,NA,1.85
2014-06-19,50,2.8,NA,1.85
2014-06-19,50,3.8,NA,1.85
2014-06-19,50,5,2.05,1.85
2014-06-19,50,5.2,NA,NA
2014-06-19,50,5.5,NA,NA
2014-06-19,50,5.8,NA,NA
2014-06-19,50,6,NA,NA
2014-06-19,50,6.2,NA,1.85
2014-06-19,50,8,NA,1.85
2014-06-19,50,9,1.95,1.85
2014-06-19,50,9.3,NA,NA
2014-06-23,50,0.1,2,1.8
2014-06-23,50,0.8,NA,1.8
2014-06-23,50,1.6,NA,1.8
2014-06-23,50,2.8,NA,1.8
2014-06-23,50,3.8,NA,1.8
2014-06-23,50,5,1.96666666666667,1.8
2014-06-23,50,5.2,NA,NA
2014-06-23,50,5.5,NA,NA
2014-06-23,50,5.8,NA,NA
2014-06-23,50,6,NA,NA
2014-06-23,50,6.2,NA,1.8
2014-06-23,50,8,NA,1.8
2014-06-23,50,9,2.1,1.8
2014-06-23,50,9.3,NA,NA
2014-06-25,50,0.1,2.15,1.95
2014-06-25,50,0.8,NA,1.95
2014-06-25,50,1.6,NA,1.95
2014-06-25,50,2.8,NA,1.95
2014-06-25,50,3.8,NA,1.95
2014-06-25,50,5,1.88333333333333,1.95
2014-06-25,50,5.2,NA,NA
2014-06-25,50,5.5,NA,NA
2014-06-25,50,5.8,NA,NA
2014-06-25,50,6,NA,NA
2014-06-25,50,6.2,NA,1.95
2014-06-25,50,8,NA,1.95
2014-06-25,50,9,2.5,1.95
2014-06-25,50,9.3,NA,NA
2014-06-29,50,0.1,2.3,2.1
2014-06-29,50,0.8,NA,2.1
2014-06-29,50,1.6,NA,2.1
2014-06-29,50,2.8,NA,2.1
2014-06-29,50,3.8,NA,2.1
2014-06-29,50,5,1.8,2.1
2014-06-29,50,5.2,NA,NA
2014-06-29,50,5.5,NA,NA
2014-06-29,50,5.8,NA,NA
2014-06-29,50,6,NA,NA
2014-06-29,50,6.2,NA,2.1
2014-06-29,50,8,NA,2.1
2014-06-29,50,9,2.9,2.1
2014-06-29,50,9.3,NA,NA
2014-06-30,50,0.1,2,1.9
2014-06-30,50,0.8,NA,1.9
2014-06-30,50,1.6,NA,1.9
2014-06-30,50,2.8,NA,1.9
2014-06-30,50,3.8,NA,1.9
2014-06-30,50,5,1.9,1.9
2014-06-30,50,5.2,NA,NA
2014-06-30,50,5.5,NA,NA
2014-06-30,50,5.8,NA,NA
2014-06-30,50,6,NA,NA
2014-06-30,50,6.2,NA,1.9
2014-06-30,50,8,NA,1.9
2014-06-30,50,9,1.9,1.9
2014-06-30,50,9.3,NA,NA
2014-07-01,50,0.1,1.93333333333333,1.93333333333333
2014-07-01,50,0.8,NA,1.93333333333333
2014-07-01,50,1.6,NA,1.93333333333333
2014-07-01,50,2.8,NA,1.93333333333333
2014-07-01,50,3.8,NA,1.93333333333333
2014-07-01,50,5,1.9,1.93333333333333
2014-07-01,50,5.2,NA,NA
2014-07-01,50,5.5,NA,NA
2014-07-01,50,5.8,NA,NA
2014-07-01,50,6,NA,NA
2014-07-01,50,6.2,NA,1.93333333333333
2014-07-01,50,8,NA,1.93333333333333
2014-07-01,50,9,1.93333333333333,1.93333333333333
2014-07-01,50,9.3,NA,NA
2014-07-02,50,0.1,1.86666666666667,1.96666666666667
2014-07-02,50,0.8,NA,1.96666666666667
2014-07-02,50,1.6,NA,1.96666666666667
2014-07-02,50,2.8,NA,1.96666666666667
2014-07-02,50,3.8,NA,1.96666666666667
2014-07-02,50,5,1.9,1.96666666666667
2014-07-02,50,5.2,NA,NA
2014-07-02,50,5.5,NA,NA
2014-07-02,50,5.8,NA,NA
2014-07-02,50,6,NA,NA
2014-07-02,50,6.2,NA,1.96666666666667
2014-07-02,50,8,NA,1.96666666666667
2014-07-02,50,9,1.96666666666667,1.96666666666667
2014-07-02,50,9.3,NA,NA
2014-07-07,50,0.1,1.8,2
2014-07-07,50,0.8,NA,2
2014-07-07,50,1.6,NA,2
2014-07-07,50,2.8,NA,2
2014-07-07,50,3.8,NA,2
2014-07-07,50,5,1.9,2
2014-07-07,50,5.2,NA,NA
2014-07-07,50,5.5,NA,NA
2014-07-07,50,5.8,NA,NA
2014-07-07,50,6,NA,NA
2014-07-07,50,6.2,NA,2
2014-07-07,50,8,NA,2
2014-07-07,50,9,2,2
2014-07-07,50,9.3,NA,NA
2014-07-09,50,0.1,2.1,2.05
2014-07-09,50,0.8,NA,2.05
2014-07-09,50,1.6,NA,2.05
2014-07-09,50,2.8,NA,2.05
2014-07-09,50,3.8,NA,2.05
2014-07-09,50,5,1.95,2.05
2014-07-09,50,5.2,NA,NA
2014-07-09,50,5.5,NA,NA
2014-07-09,50,5.8,NA,NA
2014-07-09,50,6,NA,NA
2014-07-09,50,6.2,NA,2.05
2014-07-09,50,8,NA,2.05
2014-07-09,50,9,2,2.05
2014-07-09,50,9.3,NA,NA
2014-07-14,50,0.1,2.4,2.1
2014-07-14,50,0.8,NA,2.1
2014-07-14,50,1.6,NA,2.1
2014-07-14,50,2.8,NA,2.1
2014-07-14,50,3.8,NA,2.1
2014-07-14,50,5,2,2.1
2014-07-14,50,5.2,NA,NA
2014-07-14,50,5.5,NA,NA
2014-07-14,50,5.8,NA,NA
2014-07-14,50,6,NA,NA
2014-07-14,50,6.2,NA,2.1
2014-07-14,50,8,NA,2.1
2014-07-14,50,9,2,2.1
2014-07-14,50,9.3,NA,NA
2014-07-16,50,0.1,2.35,2.2
2014-07-16,50,0.8,NA,2.2
2014-07-16,50,1.6,NA,2.2
2014-07-16,50,2.8,NA,2.2
2014-07-16,50,3.8,NA,2.2
2014-07-16,50,5,3.05,2.2
2014-07-16,50,5.2,NA,NA
2014-07-16,50,5.5,NA,NA
2014-07-16,50,5.8,NA,NA
2014-07-16,50,6,NA,NA
2014-07-16,50,6.2,NA,2.2
2014-07-16,50,8,NA,2.2
2014-07-16,50,9,1.95,2.2
2014-07-16,50,9.3,NA,NA
2014-07-21,50,0.1,2.3,2.3
2014-07-21,50,0.8,NA,2.3
2014-07-21,50,1.6,NA,2.3
2014-07-21,50,2.8,NA,2.3
2014-07-21,50,3.8,NA,2.3
2014-07-21,50,5,4.1,2.3
2014-07-21,50,5.2,NA,NA
2014-07-21,50,5.5,NA,NA
2014-07-21,50,5.8,NA,NA
2014-07-21,50,6,NA,NA
2014-07-21,50,6.2,NA,2.3
2014-07-21,50,8,NA,2.3
2014-07-21,50,9,1.9,2.3
2014-07-21,50,9.3,NA,NA
2014-07-23,50,0.1,2.35,2.2
2014-07-23,50,0.8,NA,2.2
2014-07-23,50,1.6,NA,2.2
2014-07-23,50,2.8,NA,2.2
2014-07-23,50,3.8,NA,2.2
2014-07-23,50,5,2.9,2.2
2014-07-23,50,5.2,NA,NA
2014-07-23,50,5.5,NA,NA
2014-07-23,50,5.8,NA,NA
2014-07-23,50,6,NA,NA
2014-07-23,50,6.2,NA,2.2
2014-07-23,50,8,NA,2.2
2014-07-23,50,9,1.95,2.2
2014-07-23,50,9.3,NA,NA
2014-07-28,50,0.1,2.4,2.1
2014-07-28,50,0.8,NA,2.1
2014-07-28,50,1.6,NA,2.1
2014-07-28,50,2.8,NA,2.1
2014-07-28,50,3.8,NA,2.1
2014-07-28,50,5,1.7,2.1
2014-07-28,50,5.2,NA,NA
2014-07-28,50,5.5,NA,NA
2014-07-28,50,5.8,NA,NA
2014-07-28,50,6,NA,NA
2014-07-28,50,6.2,NA,2.1
2014-07-28,50,8,NA,2.1
2014-07-28,50,9,2,2.1
2014-07-28,50,9.3,NA,NA
2014-07-30,50,0.1,2.3,2.1
2014-07-30,50,0.8,NA,2.1
2014-07-30,50,1.6,NA,2.1
2014-07-30,50,2.8,NA,2.1
2014-07-30,50,3.8,NA,2.1
2014-07-30,50,5,1.73333333333333,2.1
2014-07-30,50,5.2,NA,NA
2014-07-30,50,5.5,NA,NA
2014-07-30,50,5.8,NA,NA
2014-07-30,50,6,NA,NA
2014-07-30,50,6.2,NA,2.1
2014-07-30,50,8,NA,2.1
2014-07-30,50,9,2.06666666666667,2.1
2014-07-30,50,9.3,NA,NA
2014-08-02,50,0.1,2.2,2.1
2014-08-02,50,0.8,NA,2.1
2014-08-02,50,1.6,NA,2.1
2014-08-02,50,2.8,NA,2.1
2014-08-02,50,3.8,NA,2.1
2014-08-02,50,5,1.76666666666667,2.1
2014-08-02,50,5.2,NA,NA
2014-08-02,50,5.5,NA,NA
2014-08-02,50,5.8,NA,NA
2014-08-02,50,6,NA,NA
2014-08-02,50,6.2,NA,2.1
2014-08-02,50,8,NA,2.1
2014-08-02,50,9,2.13333333333333,2.1
2014-08-02,50,9.3,NA,NA
2014-08-04,50,0.1,2.1,2.1
2014-08-04,50,0.8,NA,2.1
2014-08-04,50,1.6,NA,2.1
2014-08-04,50,2.8,NA,2.1
2014-08-04,50,3.8,NA,2.1
2014-08-04,50,5,1.8,2.1
2014-08-04,50,5.2,NA,NA
2014-08-04,50,5.5,NA,NA
2014-08-04,50,5.8,NA,NA
2014-08-04,50,6,NA,NA
2014-08-04,50,6.2,NA,2.1
2014-08-04,50,8,NA,2.1
2014-08-04,50,9,2.2,2.1
2014-08-04,50,9.3,NA,NA
2014-08-06,50,0.1,2.125,2.15
2014-08-06,50,0.8,NA,2.15
2014-08-06,50,1.6,NA,2.15
2014-08-06,50,2.8,NA,2.15
2014-08-06,50,3.8,NA,2.15
2014-08-06,50,5,1.75,2.15
2014-08-06,50,5.2,NA,NA
2014-08-06,50,5.5,NA,NA
2014-08-06,50,5.8,NA,NA
2014-08-06,50,6,NA,NA
2014-08-06,50,6.2,NA,2.15
2014-08-06,50,8,NA,2.15
2014-08-06,50,9,2.35,2.15
2014-08-06,50,9.3,NA,NA
2014-08-09,50,0.1,2.15,2.2
2014-08-09,50,0.8,NA,2.2
2014-08-09,50,1.6,NA,2.2
2014-08-09,50,2.8,NA,2.2
2014-08-09,50,3.8,NA,2.2
2014-08-09,50,5,1.7,2.2
2014-08-09,50,5.2,NA,NA
2014-08-09,50,5.5,NA,NA
2014-08-09,50,5.8,NA,NA
2014-08-09,50,6,NA,NA
2014-08-09,50,6.2,NA,2.2
2014-08-09,50,8,NA,2.2
2014-08-09,50,9,2.5,2.2
2014-08-09,50,9.3,NA,NA
2014-08-10,50,0.1,2.175,2.25
2014-08-10,50,0.8,NA,2.25
2014-08-10,50,1.6,NA,2.25
2014-08-10,50,2.8,NA,2.25
2014-08-10,50,3.8,NA,2.25
2014-08-10,50,5,1.65,2.25
2014-08-10,50,5.2,NA,NA
2014-08-10,50,5.5,NA,NA
2014-08-10,50,5.8,NA,NA
2014-08-10,50,6,NA,NA
2014-08-10,50,6.2,NA,2.25
2014-08-10,50,8,NA,2.25
2014-08-10,50,9,2.65,2.25
2014-08-10,50,9.3,NA,NA
2014-08-11,50,0.1,2.2,2.3
2014-08-11,50,0.8,NA,2.3
2014-08-11,50,1.6,NA,2.3
2014-08-11,50,2.8,NA,2.3
2014-08-11,50,3.8,NA,2.3
2014-08-11,50,5,1.6,2.3
2014-08-11,50,5.2,NA,NA
2014-08-11,50,5.5,NA,NA
2014-08-11,50,5.8,NA,NA
2014-08-11,50,6,NA,NA
2014-08-11,50,6.2,NA,2.3
2014-08-11,50,8,NA,2.3
2014-08-11,50,9,2.8,2.3
2014-08-11,50,9.3,NA,NA
2014-08-13,50,0.1,2.3,2.2
2014-08-13,50,0.8,NA,2.2
2014-08-13,50,1.6,NA,2.2
2014-08-13,50,2.8,NA,2.2
2014-08-13,50,3.8,NA,2.2
2014-08-13,50,5,1.8,2.2
2014-08-13,50,5.2,NA,NA
2014-08-13,50,5.5,NA,NA
2014-08-13,50,5.8,NA,NA
2014-08-13,50,6,NA,NA
2014-08-13,50,6.2,NA,2.2
2014-08-13,50,8,NA,2.2
2014-08-13,50,9,2.85,2.2
2014-08-13,50,9.3,NA,NA
2014-08-18,50,0.1,2.4,2.1
2014-08-18,50,0.8,NA,2.1
2014-08-18,50,1.6,NA,2.1
2014-08-18,50,2.8,NA,2.1
2014-08-18,50,3.8,NA,2.1
2014-08-18,50,5,2,2.1
2014-08-18,50,5.2,NA,NA
2014-08-18,50,5.5,NA,NA
2014-08-18,50,5.8,NA,NA
2014-08-18,50,6,NA,NA
2014-08-18,50,6.2,NA,2.1
2014-08-18,50,8,NA,2.1
2014-08-18,50,9,2.9,2.1
2014-08-18,50,9.3,NA,NA
2014-08-19,50,0.1,2.4,2.1
2014-08-19,50,0.8,NA,2.1
2014-08-19,50,1.6,NA,2.1
2014-08-19,50,2.8,NA,2.1
2014-08-19,50,3.8,NA,2.1
2014-08-19,50,5,1.86666666666667,2.1
2014-08-19,50,5.2,NA,NA
2014-08-19,50,5.5,NA,NA
2014-08-19,50,5.8,NA,NA
2014-08-19,50,6,NA,NA
2014-08-19,50,6.2,NA,2.1
2014-08-19,50,8,NA,2.1
2014-08-19,50,9,2.56666666666667,2.1
2014-08-19,50,9.3,NA,NA
2014-08-21,50,0.1,2.4,2.1
2014-08-21,50,0.8,NA,2.1
2014-08-21,50,1.6,NA,2.1
2014-08-21,50,2.8,NA,2.1
2014-08-21,50,3.8,NA,2.1
2014-08-21,50,5,1.73333333333333,2.1
2014-08-21,50,5.2,NA,NA
2014-08-21,50,5.5,NA,NA
2014-08-21,50,5.8,NA,NA
2014-08-21,50,6,NA,NA
2014-08-21,50,6.2,NA,2.1
2014-08-21,50,8,NA,2.1
2014-08-21,50,9,2.23333333333333,2.1
2014-08-21,50,9.3,NA,NA
2014-08-25,50,0.1,2.4,2.1
2014-08-25,50,0.8,NA,2.1
2014-08-25,50,1.6,NA,2.1
2014-08-25,50,2.8,NA,2.1
2014-08-25,50,3.8,NA,2.1
2014-08-25,50,5,1.6,2.1
2014-08-25,50,5.2,NA,NA
2014-08-25,50,5.5,NA,NA
2014-08-25,50,5.8,NA,NA
2014-08-25,50,6,NA,NA
2014-08-25,50,6.2,NA,2.1
2014-08-25,50,8,NA,2.1
2014-08-25,50,9,1.9,2.1
2014-08-25,50,9.3,NA,NA
2014-08-30,50,0.1,2.25,1.95
2014-08-30,50,0.8,NA,1.95
2014-08-30,50,1.6,NA,1.95
2014-08-30,50,2.8,NA,1.95
2014-08-30,50,3.8,NA,1.95
2014-08-30,50,5,1.8,1.95
2014-08-30,50,5.2,NA,NA
2014-08-30,50,5.5,NA,NA
2014-08-30,50,5.8,NA,NA
2014-08-30,50,6,NA,NA
2014-08-30,50,6.2,NA,1.95
2014-08-30,50,8,NA,1.95
2014-08-30,50,9,1.9,1.95
2014-08-30,50,9.3,NA,NA
2014-09-03,50,0.1,2.1,1.8
2014-09-03,50,0.8,NA,1.8
2014-09-03,50,1.6,NA,1.8
2014-09-03,50,2.8,NA,1.8
2014-09-03,50,3.8,NA,1.8
2014-09-03,50,5,2,1.8
2014-09-03,50,5.2,NA,NA
2014-09-03,50,5.5,NA,NA
2014-09-03,50,5.8,NA,NA
2014-09-03,50,6,NA,NA
2014-09-03,50,6.2,NA,1.8
2014-09-03,50,8,NA,1.8
2014-09-03,50,9,1.9,1.8
2014-09-03,50,9.3,NA,NA
2014-09-08,50,0.1,2.6,2.2
2014-09-08,50,0.8,NA,2.2
2014-09-08,50,1.6,NA,2.2
2014-09-08,50,2.8,NA,2.2
2014-09-08,50,3.8,NA,2.2
2014-09-08,50,5,1.9,2.2
2014-09-08,50,5.2,NA,NA
2014-09-08,50,5.5,NA,NA
2014-09-08,50,5.8,NA,NA
2014-09-08,50,6,NA,NA
2014-09-08,50,6.2,NA,2.2
2014-09-08,50,8,NA,2.2
2014-09-08,50,9,1.9,2.2
2014-09-08,50,9.3,NA,NA
2014-09-15,50,0.1,2.6,2
2014-09-15,50,0.8,NA,2
2014-09-15,50,1.6,NA,2
2014-09-15,50,2.8,NA,2
2014-09-15,50,3.8,NA,2
2014-09-15,50,5,1.6,2
2014-09-15,50,5.2,NA,NA
2014-09-15,50,5.5,NA,NA
2014-09-15,50,5.8,NA,NA
2014-09-15,50,6,NA,NA
2014-09-15,50,6.2,NA,2
2014-09-15,50,8,NA,2
2014-09-15,50,9,2.1,2
2014-09-15,50,9.3,NA,NA
2014-09-22,50,0.1,2.2,1.9
2014-09-22,50,0.8,NA,1.9
2014-09-22,50,1.6,NA,1.9
2014-09-22,50,2.8,NA,1.9
2014-09-22,50,3.8,NA,1.9
2014-09-22,50,5,1.8,1.9
2014-09-22,50,5.2,NA,NA
2014-09-22,50,5.5,NA,NA
2014-09-22,50,5.8,NA,NA
2014-09-22,50,6,NA,NA
2014-09-22,50,6.2,NA,1.9
2014-09-22,50,8,NA,1.9
2014-09-22,50,9,1.7,1.9
2014-09-22,50,9.3,NA,NA
2014-09-29,50,0.1,2.4,1.7
2014-09-29,50,0.8,NA,1.7
2014-09-29,50,1.6,NA,1.7
2014-09-29,50,2.8,NA,1.7
2014-09-29,50,3.8,NA,1.7
2014-09-29,50,5,2.4,1.7
2014-09-29,50,5.2,NA,NA
2014-09-29,50,5.5,NA,NA
2014-09-29,50,5.8,NA,NA
2014-09-29,50,6,NA,NA
2014-09-29,50,6.2,NA,1.7
2014-09-29,50,8,NA,1.7
2014-09-29,50,9,2.1,1.7
2014-09-29,50,9.3,NA,NA
2014-10-04,50,0.1,2.5,2.23333333333333
2014-10-04,50,0.8,NA,2.23333333333333
2014-10-04,50,1.6,NA,2.23333333333333
2014-10-04,50,2.8,NA,2.23333333333333
2014-10-04,50,3.8,NA,2.23333333333333
2014-10-04,50,5,2.43333333333333,2.23333333333333
2014-10-04,50,5.2,NA,NA
2014-10-04,50,5.5,NA,NA
2014-10-04,50,5.8,NA,NA
2014-10-04,50,6,NA,NA
2014-10-04,50,6.2,NA,2.23333333333333
2014-10-04,50,8,NA,2.23333333333333
2014-10-04,50,9,2.1,2.23333333333333
2014-10-04,50,9.3,NA,NA
2014-10-10,50,0.1,2.6,2.76666666666667
2014-10-10,50,0.8,NA,2.76666666666667
2014-10-10,50,1.6,NA,2.76666666666667
2014-10-10,50,2.8,NA,2.76666666666667
2014-10-10,50,3.8,NA,2.76666666666667
2014-10-10,50,5,2.46666666666667,2.76666666666667
2014-10-10,50,5.2,NA,NA
2014-10-10,50,5.5,NA,NA
2014-10-10,50,5.8,NA,NA
2014-10-10,50,6,NA,NA
2014-10-10,50,6.2,NA,2.76666666666667
2014-10-10,50,8,NA,2.76666666666667
2014-10-10,50,9,2.1,2.76666666666667
2014-10-10,50,9.3,NA,NA
2014-10-15,50,0.1,2.7,3.3
2014-10-15,50,0.8,NA,3.3
2014-10-15,50,1.6,NA,3.3
2014-10-15,50,2.8,NA,3.3
2014-10-15,50,3.8,NA,3.3
2014-10-15,50,5,2.5,3.3
2014-10-15,50,5.2,NA,NA
2014-10-15,50,5.5,NA,NA
2014-10-15,50,5.8,NA,NA
2014-10-15,50,6,NA,NA
2014-10-15,50,6.2,NA,3.3
2014-10-15,50,8,NA,3.3
2014-10-15,50,9,2.1,3.3
2014-10-15,50,9.3,NA,NA
2014-10-23,50,0.1,2.1,1.7
2014-10-23,50,0.8,NA,1.7
2014-10-23,50,1.6,NA,1.7
2014-10-23,50,2.8,NA,1.7
2014-10-23,50,3.8,NA,1.7
2014-10-23,50,5,2.3,1.7
2014-10-23,50,5.2,NA,NA
2014-10-23,50,5.5,NA,NA
2014-10-23,50,5.8,NA,NA
2014-10-23,50,6,NA,NA
2014-10-23,50,6.2,NA,1.7
2014-10-23,50,8,NA,1.7
2014-10-23,50,9,2.2,1.7
2014-10-23,50,9.3,NA,NA
2014-10-30,50,0.1,2.25,2.5
2014-10-30,50,0.8,NA,2.5
2014-10-30,50,1.6,NA,2.5
2014-10-30,50,2.8,NA,2.5
2014-10-30,50,3.8,NA,2.5
2014-10-30,50,5,2.3,2.5
2014-10-30,50,5.2,NA,NA
2014-10-30,50,5.5,NA,NA
2014-10-30,50,5.8,NA,NA
2014-10-30,50,6,NA,NA
2014-10-30,50,6.2,NA,2.5
2014-10-30,50,8,NA,2.5
2014-10-30,50,9,2.8,2.5
2014-10-30,50,9.3,NA,NA
2014-11-10,50,0.1,2.4,3.3
2014-11-10,50,0.8,NA,3.3
2014-11-10,50,1.6,NA,3.3
2014-11-10,50,2.8,NA,3.3
2014-11-10,50,3.8,NA,3.3
2014-11-10,50,5,2.3,3.3
2014-11-10,50,5.2,NA,NA
2014-11-10,50,5.5,NA,NA
2014-11-10,50,5.8,NA,NA
2014-11-10,50,6,NA,NA
2014-11-10,50,6.2,NA,3.3
2014-11-10,50,8,NA,3.3
2014-11-10,50,9,3.4,3.3
2014-11-10,50,9.3,NA,NA
2014-12-10,50,0.1,2.34,2.8
2014-12-10,50,0.8,NA,3.03333333333333
2014-12-10,50,1.6,NA,2.9
2014-12-10,50,2.8,NA,3.03333333333333
2014-12-10,50,3.8,NA,2.8
2014-12-10,50,5,2.2,2.8
2014-12-10,50,5.2,NA,NA
2014-12-10,50,5.5,NA,NA
2014-12-10,50,5.8,NA,NA
2014-12-10,50,6,NA,NA
2014-12-10,50,6.2,NA,2.8
2014-12-10,50,8,NA,2.8
2014-12-10,50,9,3.025,2.8
2014-12-10,50,9.3,NA,NA
2015-03-01,50,0.1,2.28,2.3
2015-03-01,50,0.8,NA,2.76666666666667
2015-03-01,50,1.6,NA,2.5
2015-03-01,50,2.8,NA,2.76666666666667
2015-03-01,50,3.8,NA,2.3
2015-03-01,50,5,2.1,2.3
2015-03-01,50,5.2,NA,NA
2015-03-01,50,5.5,NA,NA
2015-03-01,50,5.8,NA,NA
2015-03-01,50,6,NA,NA
2015-03-01,50,6.2,NA,2.3
2015-03-01,50,8,NA,2.3
2015-03-01,50,9,2.65,2.3
2015-03-01,50,9.3,NA,NA
2015-03-16,50,0.1,2.22,1.8
2015-03-16,50,0.8,NA,2.5
2015-03-16,50,1.6,NA,2.1
2015-03-16,50,2.8,NA,2.5
2015-03-16,50,3.8,NA,1.8
2015-03-16,50,5,2,1.8
2015-03-16,50,5.2,NA,NA
2015-03-16,50,5.5,NA,NA
2015-03-16,50,5.8,NA,NA
2015-03-16,50,6,NA,NA
2015-03-16,50,6.2,NA,1.8
2015-03-16,50,8,NA,1.8
2015-03-16,50,9,2.275,1.8
2015-03-16,50,9.3,NA,NA
2015-03-31,50,0.1,2.16,1.7
2015-03-31,50,0.8,NA,2.23333333333333
2015-03-31,50,1.6,2.1,1.7
2015-03-31,50,2.8,NA,2.23333333333333
2015-03-31,50,3.8,2.1,1.7
2015-03-31,50,5,1.9,1.7
2015-03-31,50,5.2,NA,NA
2015-03-31,50,5.5,NA,NA
2015-03-31,50,5.8,NA,NA
2015-03-31,50,6,NA,NA
2015-03-31,50,6.2,1.9,1.7
2015-03-31,50,8,4.1,1.7
2015-03-31,50,9,1.9,1.7
2015-03-31,50,9.3,NA,NA
2015-04-07,50,0.1,2.1,1.7
2015-04-07,50,0.8,NA,1.96666666666667
2015-04-07,50,1.6,1.7,1.7
2015-04-07,50,2.8,NA,1.96666666666667
2015-04-07,50,3.8,2.1,1.7
2015-04-07,50,5,1.8,1.7
2015-04-07,50,5.2,NA,NA
2015-04-07,50,5.5,NA,NA
2015-04-07,50,5.8,NA,NA
2015-04-07,50,6,NA,NA
2015-04-07,50,6.2,1.7,1.7
2015-04-07,50,8,2.9,1.7
2015-04-07,50,9,1.9,1.7
2015-04-07,50,9.3,NA,NA
2015-04-13,50,0.1,1.7,1.7
2015-04-13,50,0.8,NA,1.7
2015-04-13,50,1.6,2,1.7
2015-04-13,50,2.8,NA,1.7
2015-04-13,50,3.8,1.9,1.7
2015-04-13,50,5,1.9,1.7
2015-04-13,50,5.2,NA,NA
2015-04-13,50,5.5,NA,NA
2015-04-13,50,5.8,NA,NA
2015-04-13,50,6,NA,NA
2015-04-13,50,6.2,1.9,1.7
2015-04-13,50,8,1.7,1.7
2015-04-13,50,9,1.7,1.7
2015-04-13,50,9.3,NA,NA
2015-04-16,50,0.1,1.86666666666667,1.7
2015-04-16,50,0.8,NA,1.8
2015-04-16,50,1.6,2,1.7
2015-04-16,50,2.8,NA,1.7
2015-04-16,50,3.8,1.86666666666667,1.7
2015-04-16,50,5,1.86666666666667,1.7
2015-04-16,50,5.2,NA,NA
2015-04-16,50,5.5,NA,NA
2015-04-16,50,5.8,NA,NA
2015-04-16,50,6,NA,NA
2015-04-16,50,6.2,1.9,1.7
2015-04-16,50,8,1.7,1.7
2015-04-16,50,9,1.73333333333333,1.7
2015-04-16,50,9.3,NA,NA
2015-04-19,50,0.1,2.03333333333333,1.7
2015-04-19,50,0.8,NA,1.9
2015-04-19,50,1.6,2,1.7
2015-04-19,50,2.8,NA,1.7
2015-04-19,50,3.8,1.83333333333333,1.7
2015-04-19,50,5,1.83333333333333,1.7
2015-04-19,50,5.2,NA,NA
2015-04-19,50,5.5,NA,NA
2015-04-19,50,5.8,NA,NA
2015-04-19,50,6,NA,NA
2015-04-19,50,6.2,1.9,1.7
2015-04-19,50,8,1.7,1.7
2015-04-19,50,9,1.76666666666667,1.7
2015-04-19,50,9.3,NA,NA
2015-04-21,50,0.1,2.2,1.7
2015-04-21,50,0.8,NA,2
2015-04-21,50,1.6,2,1.7
2015-04-21,50,2.8,NA,1.7
2015-04-21,50,3.8,1.8,1.7
2015-04-21,50,5,1.8,1.7
2015-04-21,50,5.2,NA,NA
2015-04-21,50,5.5,NA,NA
2015-04-21,50,5.8,NA,NA
2015-04-21,50,6,NA,NA
2015-04-21,50,6.2,1.9,1.7
2015-04-21,50,8,1.7,1.7
2015-04-21,50,9,1.8,1.7
2015-04-21,50,9.3,NA,NA
2015-04-25,50,0.1,2.05,1.95
2015-04-25,50,0.8,NA,2.1
2015-04-25,50,1.6,1.95,1.95
2015-04-25,50,2.8,NA,1.95
2015-04-25,50,3.8,1.95,1.95
2015-04-25,50,5,1.85,1.95
2015-04-25,50,5.2,NA,NA
2015-04-25,50,5.5,NA,NA
2015-04-25,50,5.8,NA,NA
2015-04-25,50,6,NA,NA
2015-04-25,50,6.2,2.1,1.95
2015-04-25,50,8,2.05,1.95
2015-04-25,50,9,1.75,1.95
2015-04-25,50,9.3,NA,NA
2015-04-28,50,0.1,1.9,2.2
2015-04-28,50,0.8,NA,2.2
2015-04-28,50,1.6,1.9,2.2
2015-04-28,50,2.8,NA,2.2
2015-04-28,50,3.8,2.1,2.2
2015-04-28,50,5,1.9,2.2
2015-04-28,50,5.2,NA,NA
2015-04-28,50,5.5,NA,NA
2015-04-28,50,5.8,NA,NA
2015-04-28,50,6,NA,NA
2015-04-28,50,6.2,2.3,2.2
2015-04-28,50,8,2.4,2.2
2015-04-28,50,9,1.7,2.2
2015-04-28,50,9.3,NA,NA
2015-05-01,50,0.1,1.9,2.1
2015-05-01,50,0.8,NA,2.1
2015-05-01,50,1.6,2.1,2.1
2015-05-01,50,2.8,NA,2.1
2015-05-01,50,3.8,2.15,2.1
2015-05-01,50,5,2.45,2.1
2015-05-01,50,5.2,NA,NA
2015-05-01,50,5.5,NA,NA
2015-05-01,50,5.8,NA,NA
2015-05-01,50,6,NA,NA
2015-05-01,50,6.2,2.2,2.1
2015-05-01,50,8,2.3,2.1
2015-05-01,50,9,1.9,2.1
2015-05-01,50,9.3,NA,NA
2015-05-05,50,0.1,1.9,2
2015-05-05,50,0.8,NA,2
2015-05-05,50,1.6,2.3,2
2015-05-05,50,2.8,NA,2
2015-05-05,50,3.8,2.2,2
2015-05-05,50,5,3,2
2015-05-05,50,5.2,NA,NA
2015-05-05,50,5.5,NA,NA
2015-05-05,50,5.8,NA,NA
2015-05-05,50,6,NA,NA
2015-05-05,50,6.2,2.1,2
2015-05-05,50,8,2.2,2
2015-05-05,50,9,2.1,2
2015-05-05,50,9.3,NA,NA
2015-05-07,50,0.1,1.9,1.9
2015-05-07,50,0.8,NA,NA
2015-05-07,50,1.6,2.35,1.9
2015-05-07,50,2.8,NA,NA
2015-05-07,50,3.8,2.15,1.9
2015-05-07,50,5,2.8,1.9
2015-05-07,50,5.2,NA,NA
2015-05-07,50,5.5,NA,NA
2015-05-07,50,5.8,NA,NA
2015-05-07,50,6,NA,NA
2015-05-07,50,6.2,2.2,1.9
2015-05-07,50,8,2.1,1.9
2015-05-07,50,9,2.15,1.9
2015-05-07,50,9.3,NA,NA
2015-05-11,50,0.1,1.9,1.8
2015-05-11,50,0.8,NA,NA
2015-05-11,50,1.6,2.4,1.8
2015-05-11,50,2.8,NA,NA
2015-05-11,50,3.8,2.1,1.8
2015-05-11,50,5,2.6,1.8
2015-05-11,50,5.2,NA,NA
2015-05-11,50,5.5,NA,NA
2015-05-11,50,5.8,NA,NA
2015-05-11,50,6,NA,NA
2015-05-11,50,6.2,2.3,1.8
2015-05-11,50,8,2,1.8
2015-05-11,50,9,2.2,1.8
2015-05-11,50,9.3,NA,NA
2015-05-14,50,0.1,1.95,1.7
2015-05-14,50,0.8,NA,NA
2015-05-14,50,1.6,2.9,1.7
2015-05-14,50,2.8,NA,NA
2015-05-14,50,3.8,2.1,1.7
2015-05-14,50,5,2.4,1.7
2015-05-14,50,5.2,NA,NA
2015-05-14,50,5.5,NA,NA
2015-05-14,50,5.8,NA,NA
2015-05-14,50,6,NA,NA
2015-05-14,50,6.2,3.05,1.7
2015-05-14,50,8,2.05,1.7
2015-05-14,50,9,2.65,1.7
2015-05-14,50,9.3,NA,NA
2015-05-18,50,0.1,2,1.6
2015-05-18,50,0.8,NA,NA
2015-05-18,50,1.6,3.4,1.6
2015-05-18,50,2.8,NA,NA
2015-05-18,50,3.8,2.1,1.6
2015-05-18,50,5,2.2,1.6
2015-05-18,50,5.2,NA,NA
2015-05-18,50,5.5,NA,NA
2015-05-18,50,5.8,NA,NA
2015-05-18,50,6,NA,NA
2015-05-18,50,6.2,3.8,1.6
2015-05-18,50,8,2.1,1.6
2015-05-18,50,9,3.1,1.6
2015-05-18,50,9.3,NA,NA
2015-05-21,50,0.1,2.15,1.5
2015-05-21,50,0.8,NA,NA
2015-05-21,50,1.6,2.8,1.5
2015-05-21,50,2.8,NA,NA
2015-05-21,50,3.8,2,1.5
2015-05-21,50,5,2.1,1.5
2015-05-21,50,5.2,NA,NA
2015-05-21,50,5.5,NA,NA
2015-05-21,50,5.8,NA,NA
2015-05-21,50,6,NA,NA
2015-05-21,50,6.2,2.8,1.5
2015-05-21,50,8,2.05,1.5
2015-05-21,50,9,2.45,1.5
2015-05-21,50,9.3,NA,NA
2015-05-25,50,0.1,2.3,1.4
2015-05-25,50,0.8,NA,NA
2015-05-25,50,1.6,2.2,1.4
2015-05-25,50,2.8,NA,NA
2015-05-25,50,3.8,1.9,1.4
2015-05-25,50,5,2,1.4
2015-05-25,50,5.2,NA,NA
2015-05-25,50,5.5,NA,NA
2015-05-25,50,5.8,NA,NA
2015-05-25,50,6,NA,NA
2015-05-25,50,6.2,1.8,1.4
2015-05-25,50,8,2,1.4
2015-05-25,50,9,1.8,1.4
2015-05-25,50,9.3,NA,NA
2015-05-28,50,0.1,2.3,1.5
2015-05-28,50,0.8,NA,NA
2015-05-28,50,1.6,2.25,1.5
2015-05-28,50,2.8,NA,NA
2015-05-28,50,3.8,2.05,1.5
2015-05-28,50,5,6.3,1.5
2015-05-28,50,5.2,NA,NA
2015-05-28,50,5.5,NA,NA
2015-05-28,50,5.8,NA,NA
2015-05-28,50,6,NA,NA
2015-05-28,50,6.2,2.1,1.5
2015-05-28,50,8,2,1.5
2015-05-28,50,9,2.05,1.5
2015-05-28,50,9.3,NA,NA
2015-06-08,50,0.1,2.3,1.6
2015-06-08,50,0.8,NA,NA
2015-06-08,50,1.6,2.3,1.6
2015-06-08,50,2.8,NA,NA
2015-06-08,50,3.8,2.2,1.6
2015-06-08,50,5,10.6,1.6
2015-06-08,50,5.2,NA,NA
2015-06-08,50,5.5,NA,NA
2015-06-08,50,5.8,NA,NA
2015-06-08,50,6,NA,NA
2015-06-08,50,6.2,2.4,1.6
2015-06-08,50,8,2,1.6
2015-06-08,50,9,2.3,1.6
2015-06-08,50,9.3,NA,NA
2015-06-11,50,0.1,2.25,1.64
2015-06-11,50,0.8,NA,NA
2015-06-11,50,1.6,2.46,1.64
2015-06-11,50,2.8,NA,NA
2015-06-11,50,3.8,2.24,1.64
2015-06-11,50,5,6.3,1.64
2015-06-11,50,5.2,NA,NA
2015-06-11,50,5.5,NA,NA
2015-06-11,50,5.8,NA,NA
2015-06-11,50,6,NA,NA
2015-06-11,50,6.2,2.3,1.64
2015-06-11,50,8,2.05,1.64
2015-06-11,50,9,2.25,1.64
2015-06-11,50,9.3,NA,NA
2015-06-15,50,0.1,2.2,1.68
2015-06-15,50,0.8,NA,NA
2015-06-15,50,1.6,2.62,1.68
2015-06-15,50,2.8,NA,NA
2015-06-15,50,3.8,2.28,1.68
2015-06-15,50,5,2,1.68
2015-06-15,50,5.2,NA,NA
2015-06-15,50,5.5,NA,NA
2015-06-15,50,5.8,NA,NA
2015-06-15,50,6,NA,NA
2015-06-15,50,6.2,2.2,1.68
2015-06-15,50,8,2.1,1.68
2015-06-15,50,9,2.2,1.68
2015-06-15,50,9.3,NA,NA
2015-06-18,50,0.1,2.43333333333333,1.72
2015-06-18,50,0.8,NA,NA
2015-06-18,50,1.6,2.78,1.72
2015-06-18,50,2.8,NA,NA
2015-06-18,50,3.8,2.32,1.72
2015-06-18,50,5,2.43333333333333,1.72
2015-06-18,50,5.2,NA,NA
2015-06-18,50,5.5,NA,NA
2015-06-18,50,5.8,NA,NA
2015-06-18,50,6,NA,NA
2015-06-18,50,6.2,2.225,1.72
2015-06-18,50,8,2.13333333333333,1.72
2015-06-18,50,9,2.16666666666667,1.72
2015-06-18,50,9.3,NA,NA
2015-06-19,50,0.1,2.66666666666667,1.76
2015-06-19,50,0.8,NA,NA
2015-06-19,50,1.6,2.94,1.76
2015-06-19,50,2.8,NA,NA
2015-06-19,50,3.8,2.36,1.76
2015-06-19,50,5,2.86666666666667,1.76
2015-06-19,50,5.2,NA,NA
2015-06-19,50,5.5,NA,NA
2015-06-19,50,5.8,NA,NA
2015-06-19,50,6,NA,NA
2015-06-19,50,6.2,2.25,1.76
2015-06-19,50,8,2.16666666666667,1.76
2015-06-19,50,9,2.13333333333333,1.76
2015-06-19,50,9.3,NA,NA
2015-06-22,50,0.1,2.9,1.8
2015-06-22,50,0.8,NA,NA
2015-06-22,50,1.6,3.1,1.8
2015-06-22,50,2.8,NA,NA
2015-06-22,50,3.8,2.4,1.8
2015-06-22,50,5,3.3,1.8
2015-06-22,50,5.2,NA,NA
2015-06-22,50,5.5,NA,NA
2015-06-22,50,5.8,NA,NA
2015-06-22,50,6,NA,NA
2015-06-22,50,6.2,2.275,1.8
2015-06-22,50,8,2.2,1.8
2015-06-22,50,9,2.1,1.8
2015-06-22,50,9.3,NA,NA
2015-06-23,50,0.1,2.76666666666667,1.84
2015-06-23,50,0.8,NA,NA
2015-06-23,50,1.6,2.9,1.84
2015-06-23,50,2.8,NA,NA
2015-06-23,50,3.8,2.44,1.84
2015-06-23,50,5,3.63333333333333,1.84
2015-06-23,50,5.2,NA,NA
2015-06-23,50,5.5,NA,NA
2015-06-23,50,5.8,NA,NA
2015-06-23,50,6,NA,NA
2015-06-23,50,6.2,2.3,1.84
2015-06-23,50,8,2.23333333333333,1.84
2015-06-23,50,9,2.13333333333333,1.84
2015-06-23,50,9.3,NA,NA
2015-06-25,50,0.1,2.63333333333333,1.88
2015-06-25,50,0.8,NA,NA
2015-06-25,50,1.6,2.7,1.88
2015-06-25,50,2.8,NA,NA
2015-06-25,50,3.8,2.48,1.88
2015-06-25,50,5,3.96666666666667,1.88
2015-06-25,50,5.2,NA,NA
2015-06-25,50,5.5,NA,NA
2015-06-25,50,5.8,NA,NA
2015-06-25,50,6,NA,NA
2015-06-25,50,6.2,2.325,1.88
2015-06-25,50,8,2.26666666666667,1.88
2015-06-25,50,9,2.16666666666667,1.88
2015-06-25,50,9.3,NA,NA
2015-06-29,50,0.1,2.5,1.92
2015-06-29,50,0.8,NA,NA
2015-06-29,50,1.6,2.5,1.92
2015-06-29,50,2.8,NA,NA
2015-06-29,50,3.8,2.52,1.92
2015-06-29,50,5,4.3,1.92
2015-06-29,50,5.2,NA,NA
2015-06-29,50,5.5,NA,NA
2015-06-29,50,5.8,NA,NA
2015-06-29,50,6,NA,NA
2015-06-29,50,6.2,2.35,1.92
2015-06-29,50,8,2.3,1.92
2015-06-29,50,9,2.2,1.92
2015-06-29,50,9.3,NA,NA
2015-07-02,50,0.1,2.7,1.96
2015-07-02,50,0.8,NA,NA
2015-07-02,50,1.6,2.7,1.96
2015-07-02,50,2.8,NA,NA
2015-07-02,50,3.8,2.56,1.96
2015-07-02,50,5,3.85,1.96
2015-07-02,50,5.2,NA,NA
2015-07-02,50,5.5,NA,NA
2015-07-02,50,5.8,NA,NA
2015-07-02,50,6,NA,NA
2015-07-02,50,6.2,2.375,1.96
2015-07-02,50,8,3.05,1.96
2015-07-02,50,9,2.25,1.96
2015-07-02,50,9.3,NA,NA
2015-07-06,50,0.1,2.9,2
2015-07-06,50,0.8,NA,NA
2015-07-06,50,1.6,2.9,2
2015-07-06,50,2.8,NA,NA
2015-07-06,50,3.8,2.6,2
2015-07-06,50,5,3.4,2
2015-07-06,50,5.2,NA,NA
2015-07-06,50,5.5,NA,NA
2015-07-06,50,5.8,NA,NA
2015-07-06,50,6,NA,NA
2015-07-06,50,6.2,2.4,2
2015-07-06,50,8,3.8,2
2015-07-06,50,9,2.3,2
2015-07-06,50,9.3,NA,NA
2015-07-09,50,0.1,5.25,2.6
2015-07-09,50,0.8,NA,NA
2015-07-09,50,1.6,3.5,2.6
2015-07-09,50,2.8,NA,NA
2015-07-09,50,3.8,2.75,2.6
2015-07-09,50,5,2.95,2.6
2015-07-09,50,5.2,NA,NA
2015-07-09,50,5.5,NA,NA
2015-07-09,50,5.8,NA,NA
2015-07-09,50,6,NA,NA
2015-07-09,50,6.2,2.35,2.6
2015-07-09,50,8,2.9,2.6
2015-07-09,50,9,2.4,2.6
2015-07-09,50,9.3,NA,NA
2015-07-13,50,0.1,7.6,3.2
2015-07-13,50,0.8,NA,NA
2015-07-13,50,1.6,4.1,3.2
2015-07-13,50,2.8,NA,NA
2015-07-13,50,3.8,2.9,3.2
2015-07-13,50,5,2.5,3.2
2015-07-13,50,5.2,NA,NA
2015-07-13,50,5.5,NA,NA
2015-07-13,50,5.8,NA,NA
2015-07-13,50,6,NA,NA
2015-07-13,50,6.2,2.3,3.2
2015-07-13,50,8,2,3.2
2015-07-13,50,9,2.5,3.2
2015-07-13,50,9.3,NA,NA
2015-07-16,50,0.1,5.45,2.45
2015-07-16,50,0.8,NA,NA
2015-07-16,50,1.6,3.55,2.45
2015-07-16,50,2.8,NA,NA
2015-07-16,50,3.8,2.85,2.45
2015-07-16,50,5,2.35,2.45
2015-07-16,50,5.2,NA,NA
2015-07-16,50,5.5,NA,NA
2015-07-16,50,5.8,NA,NA
2015-07-16,50,6,NA,NA
2015-07-16,50,6.2,2.25,2.45
2015-07-16,50,8,2,2.45
2015-07-16,50,9,2.7,2.45
2015-07-16,50,9.3,NA,NA
2015-07-20,50,0.1,3.3,1.7
2015-07-20,50,0.8,NA,NA
2015-07-20,50,1.6,3,1.7
2015-07-20,50,2.8,NA,NA
2015-07-20,50,3.8,2.8,1.7
2015-07-20,50,5,2.2,1.7
2015-07-20,50,5.2,NA,NA
2015-07-20,50,5.5,NA,NA
2015-07-20,50,5.8,NA,NA
2015-07-20,50,6,NA,NA
2015-07-20,50,6.2,2.2,1.7
2015-07-20,50,8,2,1.7
2015-07-20,50,9,2.9,1.7
2015-07-20,50,9.3,NA,NA
2015-07-23,50,0.1,3.2,1.65
2015-07-23,50,0.8,NA,NA
2015-07-23,50,1.6,2.9,1.65
2015-07-23,50,2.8,NA,NA
2015-07-23,50,3.8,2.9,1.65
2015-07-23,50,5,2.15,1.65
2015-07-23,50,5.2,NA,NA
2015-07-23,50,5.5,NA,NA
2015-07-23,50,5.8,NA,NA
2015-07-23,50,6,NA,NA
2015-07-23,50,6.2,2.05,1.65
2015-07-23,50,8,2.3,1.65
2015-07-23,50,9,2.5,1.65
2015-07-23,50,9.3,NA,NA
2015-07-27,50,0.1,3.1,1.6
2015-07-27,50,0.8,NA,NA
2015-07-27,50,1.6,2.8,1.6
2015-07-27,50,2.8,NA,NA
2015-07-27,50,3.8,3,1.6
2015-07-27,50,5,2.1,1.6
2015-07-27,50,5.2,NA,NA
2015-07-27,50,5.5,NA,NA
2015-07-27,50,5.8,NA,NA
2015-07-27,50,6,NA,NA
2015-07-27,50,6.2,1.9,1.6
2015-07-27,50,8,2.6,1.6
2015-07-27,50,9,2.1,1.6
2015-07-27,50,9.3,NA,NA
2015-07-30,50,0.1,3.05,1.55
2015-07-30,50,0.8,NA,NA
2015-07-30,50,1.6,2.95,1.55
2015-07-30,50,2.8,NA,NA
2015-07-30,50,3.8,3.3,1.55
2015-07-30,50,5,2.35,1.55
2015-07-30,50,5.2,NA,NA
2015-07-30,50,5.5,NA,NA
2015-07-30,50,5.8,NA,NA
2015-07-30,50,6,NA,NA
2015-07-30,50,6.2,2.25,1.55
2015-07-30,50,8,2.55,1.55
2015-07-30,50,9,2.1,1.55
2015-07-30,50,9.3,NA,NA
2015-08-03,50,0.1,3,1.5
2015-08-03,50,0.8,NA,NA
2015-08-03,50,1.6,3.1,1.5
2015-08-03,50,2.8,NA,NA
2015-08-03,50,3.8,3.6,1.5
2015-08-03,50,5,2.6,1.5
2015-08-03,50,5.2,NA,NA
2015-08-03,50,5.5,NA,NA
2015-08-03,50,5.8,NA,NA
2015-08-03,50,6,NA,NA
2015-08-03,50,6.2,2.6,1.5
2015-08-03,50,8,2.5,1.5
2015-08-03,50,9,2.1,1.5
2015-08-03,50,9.3,NA,NA
2015-08-08,50,0.1,3.25,1.5
2015-08-08,50,0.8,NA,NA
2015-08-08,50,1.6,3.25,1.5
2015-08-08,50,2.8,NA,NA
2015-08-08,50,3.8,3.475,1.5
2015-08-08,50,5,2.55,1.5
2015-08-08,50,5.2,NA,NA
2015-08-08,50,5.5,NA,NA
2015-08-08,50,5.8,NA,NA
2015-08-08,50,6,NA,NA
2015-08-08,50,6.2,4.75,1.5
2015-08-08,50,8,2.475,1.5
2015-08-08,50,9,2.075,1.5
2015-08-08,50,9.3,NA,NA
2015-08-15,50,0.1,3.5,1.5
2015-08-15,50,0.8,NA,NA
2015-08-15,50,1.6,3.4,1.5
2015-08-15,50,2.8,NA,NA
2015-08-15,50,3.8,3.35,1.5
2015-08-15,50,5,2.5,1.5
2015-08-15,50,5.2,NA,NA
2015-08-15,50,5.5,NA,NA
2015-08-15,50,5.8,NA,NA
2015-08-15,50,6,NA,NA
2015-08-15,50,6.2,6.9,1.5
2015-08-15,50,8,2.45,1.5
2015-08-15,50,9,2.05,1.5
2015-08-15,50,9.3,NA,NA
2015-08-22,50,0.1,3.75,1.5
2015-08-22,50,0.8,NA,NA
2015-08-22,50,1.6,3.55,1.5
2015-08-22,50,2.8,NA,NA
2015-08-22,50,3.8,3.225,1.5
2015-08-22,50,5,2.45,1.5
2015-08-22,50,5.2,NA,NA
2015-08-22,50,5.5,NA,NA
2015-08-22,50,5.8,NA,NA
2015-08-22,50,6,NA,NA
2015-08-22,50,6.2,9.05,1.5
2015-08-22,50,8,2.425,1.5
2015-08-22,50,9,2.025,1.5
2015-08-22,50,9.3,NA,NA
2015-08-31,50,0.1,4,1.5
2015-08-31,50,0.8,NA,NA
2015-08-31,50,1.6,3.7,1.5
2015-08-31,50,2.8,NA,NA
2015-08-31,50,3.8,3.1,1.5
2015-08-31,50,5,2.4,1.5
2015-08-31,50,5.2,NA,NA
2015-08-31,50,5.5,NA,NA
2015-08-31,50,5.8,NA,NA
2015-08-31,50,6,NA,NA
2015-08-31,50,6.2,11.2,1.5
2015-08-31,50,8,2.4,1.5
2015-08-31,50,9,2,1.5
2015-08-31,50,9.3,NA,NA
2015-09-04,50,0.1,3.8,1.5
2015-09-04,50,0.8,NA,NA
2015-09-04,50,1.6,3.65,1.5
2015-09-04,50,2.8,NA,NA
2015-09-04,50,3.8,3.25,1.5
2015-09-04,50,5,2.6,1.5
2015-09-04,50,5.2,NA,NA
2015-09-04,50,5.5,NA,NA
2015-09-04,50,5.8,NA,NA
2015-09-04,50,6,NA,NA
2015-09-04,50,6.2,6.8,1.5
2015-09-04,50,8,2.45,1.5
2015-09-04,50,9,2.25,1.5
2015-09-04,50,9.3,NA,NA
2015-09-07,50,0.1,3.6,1.5
2015-09-07,50,0.8,NA,NA
2015-09-07,50,1.6,3.6,1.5
2015-09-07,50,2.8,NA,NA
2015-09-07,50,3.8,3.4,1.5
2015-09-07,50,5,2.8,1.5
2015-09-07,50,5.2,NA,NA
2015-09-07,50,5.5,NA,NA
2015-09-07,50,5.8,NA,NA
2015-09-07,50,6,NA,NA
2015-09-07,50,6.2,2.4,1.5
2015-09-07,50,8,2.5,1.5
2015-09-07,50,9,2.5,1.5
2015-09-07,50,9.3,NA,NA
2015-09-14,50,0.1,18.3,1.5
2015-09-14,50,0.8,NA,NA
2015-09-14,50,1.6,3.5,1.5
2015-09-14,50,2.8,NA,NA
2015-09-14,50,3.8,4.1,1.5
2015-09-14,50,5,2.6,1.5
2015-09-14,50,5.2,NA,NA
2015-09-14,50,5.5,NA,NA
2015-09-14,50,5.8,NA,NA
2015-09-14,50,6,NA,NA
2015-09-14,50,6.2,2.3,1.5
2015-09-14,50,8,2.3,1.5
2015-09-14,50,9,2.3,1.5
2015-09-14,50,9.3,NA,NA
2015-09-18,50,0.1,11.35,NA
2015-09-18,50,0.8,NA,NA
2015-09-18,50,1.6,3.6,NA
2015-09-18,50,2.8,NA,NA
2015-09-18,50,3.8,4.25,NA
2015-09-18,50,5,3.7,NA
2015-09-18,50,5.2,NA,NA
2015-09-18,50,5.5,NA,NA
2015-09-18,50,5.8,NA,NA
2015-09-18,50,6,NA,NA
2015-09-18,50,6.2,7.45,NA
2015-09-18,50,8,7.5,NA
2015-09-18,50,9,2.35,NA
2015-09-18,50,9.3,NA,NA
2015-09-21,50,0.1,4.4,NA
2015-09-21,50,0.8,NA,NA
2015-09-21,50,1.6,3.7,NA
2015-09-21,50,2.8,NA,NA
2015-09-21,50,3.8,4.4,NA
2015-09-21,50,5,4.8,NA
2015-09-21,50,5.2,NA,NA
2015-09-21,50,5.5,NA,NA
2015-09-21,50,5.8,NA,NA
2015-09-21,50,6,NA,NA
2015-09-21,50,6.2,12.6,NA
2015-09-21,50,8,12.7,NA
2015-09-21,50,9,2.4,NA
2015-09-21,50,9.3,NA,NA
2015-09-28,50,0.1,4.11,NA
2015-09-28,50,0.8,NA,NA
2015-09-28,50,1.6,3.48,NA
2015-09-28,50,2.8,NA,NA
2015-09-28,50,3.8,4.13,NA
2015-09-28,50,5,4.46,NA
2015-09-28,50,5.2,NA,NA
2015-09-28,50,5.5,NA,NA
2015-09-28,50,5.8,NA,NA
2015-09-28,50,6,NA,NA
2015-09-28,50,6.2,11.47,NA
2015-09-28,50,8,11.58,NA
2015-09-28,50,9,2.29,NA
2015-09-28,50,9.3,NA,NA
2015-10-02,50,0.1,3.82,NA
2015-10-02,50,0.8,NA,NA
2015-10-02,50,1.6,3.26,NA
2015-10-02,50,2.8,NA,NA
2015-10-02,50,3.8,3.86,NA
2015-10-02,50,5,4.12,NA
2015-10-02,50,5.2,NA,NA
2015-10-02,50,5.5,NA,NA
2015-10-02,50,5.8,NA,NA
2015-10-02,50,6,NA,NA
2015-10-02,50,6.2,10.34,NA
2015-10-02,50,8,10.46,NA
2015-10-02,50,9,2.18,NA
2015-10-02,50,9.3,NA,NA
2015-10-05,50,0.1,3.53,NA
2015-10-05,50,0.8,NA,NA
2015-10-05,50,1.6,3.04,NA
2015-10-05,50,2.8,NA,NA
2015-10-05,50,3.8,3.59,NA
2015-10-05,50,5,3.78,NA
2015-10-05,50,5.2,NA,NA
2015-10-05,50,5.5,NA,NA
2015-10-05,50,5.8,NA,NA
2015-10-05,50,6,NA,NA
2015-10-05,50,6.2,9.21,NA
2015-10-05,50,8,9.34,NA
2015-10-05,50,9,2.07,NA
2015-10-05,50,9.3,NA,NA
2015-10-12,50,0.1,3.24,NA
2015-10-12,50,0.8,NA,NA
2015-10-12,50,1.6,2.82,NA
2015-10-12,50,2.8,NA,NA
2015-10-12,50,3.8,3.32,NA
2015-10-12,50,5,3.44,NA
2015-10-12,50,5.2,NA,NA
2015-10-12,50,5.5,NA,NA
2015-10-12,50,5.8,NA,NA
2015-10-12,50,6,NA,NA
2015-10-12,50,6.2,8.08,NA
2015-10-12,50,8,8.22,NA
2015-10-12,50,9,1.96,NA
2015-10-12,50,9.3,NA,NA
2015-10-19,50,0.1,2.95,NA
2015-10-19,50,0.8,NA,NA
2015-10-19,50,1.6,2.6,NA
2015-10-19,50,2.8,NA,NA
2015-10-19,50,3.8,3.05,NA
2015-10-19,50,5,3.1,NA
2015-10-19,50,5.2,NA,NA
2015-10-19,50,5.5,NA,NA
2015-10-19,50,5.8,NA,NA
2015-10-19,50,6,NA,NA
2015-10-19,50,6.2,6.95,NA
2015-10-19,50,8,7.1,NA
2015-10-19,50,9,1.85,NA
2015-10-19,50,9.3,NA,NA
2015-10-23,50,0.1,2.66,NA
2015-10-23,50,0.8,NA,NA
2015-10-23,50,1.6,2.38,NA
2015-10-23,50,2.8,NA,NA
2015-10-23,50,3.8,2.78,NA
2015-10-23,50,5,2.76,NA
2015-10-23,50,5.2,NA,NA
2015-10-23,50,5.5,NA,NA
2015-10-23,50,5.8,NA,NA
2015-10-23,50,6,NA,NA
2015-10-23,50,6.2,5.82,NA
2015-10-23,50,8,5.98,NA
2015-10-23,50,9,1.74,NA
2015-10-23,50,9.3,NA,NA
2015-10-30,50,0.1,2.37,NA
2015-10-30,50,0.8,NA,NA
2015-10-30,50,1.6,2.16,NA
2015-10-30,50,2.8,NA,NA
2015-10-30,50,3.8,2.51,NA
2015-10-30,50,5,2.42,NA
2015-10-30,50,5.2,NA,NA
2015-10-30,50,5.5,NA,NA
2015-10-30,50,5.8,NA,NA
2015-10-30,50,6,NA,NA
2015-10-30,50,6.2,4.69,NA
2015-10-30,50,8,4.86,NA
2015-10-30,50,9,1.63,NA
2015-10-30,50,9.3,NA,NA
2015-12-07,50,0.1,2.08,NA
2015-12-07,50,0.8,NA,NA
2015-12-07,50,1.6,1.94,NA
2015-12-07,50,2.8,NA,NA
2015-12-07,50,3.8,2.24,NA
2015-12-07,50,5,2.08,NA
2015-12-07,50,5.2,NA,NA
2015-12-07,50,5.5,NA,NA
2015-12-07,50,5.8,NA,NA
2015-12-07,50,6,NA,NA
2015-12-07,50,6.2,3.56,NA
2015-12-07,50,8,3.74,NA
2015-12-07,50,9,1.52,NA
2015-12-07,50,9.3,NA,NA
2016-05-12,50,0.1,1.79,NA
2016-05-12,50,0.8,NA,NA
2016-05-12,50,1.6,1.72,NA
2016-05-12,50,2.8,NA,NA
2016-05-12,50,3.8,1.97,NA
2016-05-12,50,5,1.74,NA
2016-05-12,50,5.2,NA,NA
2016-05-12,50,5.5,NA,NA
2016-05-12,50,5.8,NA,NA
2016-05-12,50,6,NA,NA
2016-05-12,50,6.2,2.43,NA
2016-05-12,50,8,2.62,NA
2016-05-12,50,9,1.41,NA
2016-05-12,50,9.3,NA,NA
2016-05-16,50,0.1,1.5,NA
2016-05-16,50,0.8,NA,NA
2016-05-16,50,1.6,1.5,NA
2016-05-16,50,2.8,NA,NA
2016-05-16,50,3.8,1.7,NA
2016-05-16,50,5,1.4,NA
2016-05-16,50,5.2,NA,NA
2016-05-16,50,5.5,NA,NA
2016-05-16,50,5.8,NA,NA
2016-05-16,50,6,NA,NA
2016-05-16,50,6.2,1.3,NA
2016-05-16,50,8,1.5,NA
2016-05-16,50,9,1.3,NA
2016-05-16,50,9.3,NA,NA
2016-05-19,50,0.1,1.6,NA
2016-05-19,50,0.8,NA,NA
2016-05-19,50,1.6,1.5,NA
2016-05-19,50,2.8,NA,NA
2016-05-19,50,3.8,1.7,NA
2016-05-19,50,5,1.45,NA
2016-05-19,50,5.2,NA,NA
2016-05-19,50,5.5,NA,NA
2016-05-19,50,5.8,NA,NA
2016-05-19,50,6,NA,NA
2016-05-19,50,6.2,1.35,NA
2016-05-19,50,8,1.35,NA
2016-05-19,50,9,1.4,NA
2016-05-19,50,9.3,NA,NA
2016-05-23,50,0.1,1.7,NA
2016-05-23,50,0.8,NA,NA
2016-05-23,50,1.6,1.5,NA
2016-05-23,50,2.8,NA,NA
2016-05-23,50,3.8,1.7,NA
2016-05-23,50,5,1.5,NA
2016-05-23,50,5.2,NA,NA
2016-05-23,50,5.5,NA,NA
2016-05-23,50,5.8,NA,NA
2016-05-23,50,6,NA,NA
2016-05-23,50,6.2,1.4,NA
2016-05-23,50,8,1.2,NA
2016-05-23,50,9,1.5,NA
2016-05-23,50,9.3,NA,NA
2016-05-26,50,0.1,1.66666666666667,NA
2016-05-26,50,0.8,NA,NA
2016-05-26,50,1.6,1.5,NA
2016-05-26,50,2.8,NA,NA
2016-05-26,50,3.8,1.66666666666667,NA
2016-05-26,50,5,1.56666666666667,NA
2016-05-26,50,5.2,NA,NA
2016-05-26,50,5.5,NA,NA
2016-05-26,50,5.8,NA,NA
2016-05-26,50,6,NA,NA
2016-05-26,50,6.2,1.36666666666667,NA
2016-05-26,50,8,1.33333333333333,NA
2016-05-26,50,9,1.46666666666667,NA
2016-05-26,50,9.3,NA,NA
2016-05-29,50,0.1,1.63333333333333,NA
2016-05-29,50,0.8,NA,NA
2016-05-29,50,1.6,1.5,NA
2016-05-29,50,2.8,NA,NA
2016-05-29,50,3.8,1.63333333333333,NA
2016-05-29,50,5,1.63333333333333,NA
2016-05-29,50,5.2,NA,NA
2016-05-29,50,5.5,NA,NA
2016-05-29,50,5.8,NA,NA
2016-05-29,50,6,NA,NA
2016-05-29,50,6.2,1.33333333333333,NA
2016-05-29,50,8,1.46666666666667,NA
2016-05-29,50,9,1.43333333333333,NA
2016-05-29,50,9.3,NA,NA
2016-05-30,50,0.1,1.6,NA
2016-05-30,50,0.1,1.6,NA
2016-05-30,50,0.1,1.6,1.6
2016-05-30,50,0.1,1.6,1.6
2016-05-30,50,0.1,1.9,1.6
2016-05-30,50,0.1,1.9,1.6
2016-05-30,50,0.1,1.9,1.6
2016-05-30,50,0.1,1.9,1.6
2016-05-30,50,0.8,NA,NA
2016-05-30,50,0.8,NA,NA
2016-05-30,50,1.6,1.5,NA
2016-05-30,50,1.6,1.5,NA
2016-05-30,50,1.6,1.5,1.6
2016-05-30,50,1.6,1.5,1.6
2016-05-30,50,1.6,1.7,1.6
2016-05-30,50,1.6,1.7,1.6
2016-05-30,50,1.6,1.7,1.6
2016-05-30,50,1.6,1.7,1.6
2016-05-30,50,2.8,NA,NA
2016-05-30,50,2.8,NA,NA
2016-05-30,50,3.8,1.6,NA
2016-05-30,50,3.8,1.6,NA
2016-05-30,50,3.8,1.6,1.6
2016-05-30,50,3.8,1.6,1.6
2016-05-30,50,3.8,1.6,1.6
2016-05-30,50,3.8,1.6,1.6
2016-05-30,50,3.8,1.6,1.6
2016-05-30,50,3.8,1.6,1.6
2016-05-30,50,5,1.7,NA
2016-05-30,50,5,1.7,NA
2016-05-30,50,5,1.7,1.6
2016-05-30,50,5,1.7,1.6
2016-05-30,50,5,1.8,1.6
2016-05-30,50,5,1.8,1.6
2016-05-30,50,5,1.8,1.6
2016-05-30,50,5,1.8,1.6
2016-05-30,50,5.2,NA,NA
2016-05-30,50,5.2,NA,NA
2016-05-30,50,5.5,NA,NA
2016-05-30,50,5.5,NA,NA
2016-05-30,50,5.8,NA,NA
2016-05-30,50,5.8,NA,NA
2016-05-30,50,6,NA,NA
2016-05-30,50,6,NA,NA
2016-05-30,50,6.2,1.3,NA
2016-05-30,50,6.2,1.3,NA
2016-05-30,50,6.2,1.3,1.6
2016-05-30,50,6.2,1.3,1.6
2016-05-30,50,6.2,1.8,1.6
2016-05-30,50,6.2,1.8,1.6
2016-05-30,50,6.2,1.8,1.6
2016-05-30,50,6.2,1.8,1.6
2016-05-30,50,8,1.6,NA
2016-05-30,50,8,1.6,NA
2016-05-30,50,8,1.6,1.6
2016-05-30,50,8,1.6,1.6
2016-05-30,50,8,1.6,1.6
2016-05-30,50,8,1.6,1.6
2016-05-30,50,8,1.6,1.6
2016-05-30,50,8,1.6,1.6
2016-05-30,50,9,1.4,NA
2016-05-30,50,9,1.4,NA
2016-05-30,50,9,1.4,1.6
2016-05-30,50,9,1.4,1.6
2016-05-30,50,9,1.7,1.6
2016-05-30,50,9,1.7,1.6
2016-05-30,50,9,1.7,1.6
2016-05-30,50,9,1.7,1.6
2016-05-30,50,9.3,NA,NA
2016-05-30,50,9.3,NA,NA
2016-05-31,50,0.1,1.8,1.4
2016-05-31,50,0.8,NA,NA
2016-05-31,50,1.6,1.8,1.4
2016-05-31,50,2.8,NA,NA
2016-05-31,50,3.8,1.8,1.4
2016-05-31,50,5,1.6,1.4
2016-05-31,50,5.2,NA,NA
2016-05-31,50,5.5,NA,NA
2016-05-31,50,5.8,NA,NA
2016-05-31,50,6,NA,NA
2016-05-31,50,6.2,1.6,1.4
2016-05-31,50,8,1.5,1.4
2016-05-31,50,9,1.6,1.4
2016-05-31,50,9.3,NA,NA
2016-06-01,50,0.1,2.05,1.4
2016-06-01,50,0.8,NA,NA
2016-06-01,50,1.6,1.75,1.4
2016-06-01,50,2.8,NA,NA
2016-06-01,50,3.8,1.85,1.4
2016-06-01,50,5,1.9,1.4
2016-06-01,50,5.2,NA,NA
2016-06-01,50,5.5,NA,NA
2016-06-01,50,5.8,NA,NA
2016-06-01,50,6,NA,NA
2016-06-01,50,6.2,1.5,1.4
2016-06-01,50,8,1.55,1.4
2016-06-01,50,9,1.6,1.4
2016-06-01,50,9.3,NA,NA
2016-06-02,50,0.1,2.3,1.4
2016-06-02,50,0.8,NA,NA
2016-06-02,50,1.6,1.7,1.4
2016-06-02,50,2.8,NA,NA
2016-06-02,50,3.8,1.9,1.4
2016-06-02,50,5,2.2,1.4
2016-06-02,50,5.2,NA,NA
2016-06-02,50,5.5,NA,NA
2016-06-02,50,5.8,NA,NA
2016-06-02,50,6,NA,NA
2016-06-02,50,6.2,1.4,1.4
2016-06-02,50,8,1.6,1.4
2016-06-02,50,9,1.6,1.4
2016-06-02,50,9.3,NA,NA
2016-06-03,50,0.1,2.1,1.4
2016-06-03,50,0.8,NA,NA
2016-06-03,50,1.6,1.7,1.4
2016-06-03,50,2.8,NA,NA
2016-06-03,50,3.8,1.75,1.4
2016-06-03,50,5,1.95,1.4
2016-06-03,50,5.2,NA,NA
2016-06-03,50,5.5,NA,NA
2016-06-03,50,5.8,NA,NA
2016-06-03,50,6,1.5,NA
2016-06-03,50,6.2,1.5,1.4
2016-06-03,50,8,1.55,1.4
2016-06-03,50,9,1.55,1.4
2016-06-03,50,9.3,NA,NA
2016-06-06,50,0.1,1.9,1.4
2016-06-06,50,0.8,NA,NA
2016-06-06,50,1.6,1.7,1.4
2016-06-06,50,2.8,NA,NA
2016-06-06,50,3.8,1.6,1.4
2016-06-06,50,5,1.7,1.4
2016-06-06,50,5.2,NA,NA
2016-06-06,50,5.5,NA,NA
2016-06-06,50,5.8,NA,NA
2016-06-06,50,6,NA,NA
2016-06-06,50,6.2,1.6,1.4
2016-06-06,50,8,1.5,1.4
2016-06-06,50,9,1.5,1.4
2016-06-06,50,9.3,NA,NA
2016-06-07,50,0.1,1.95,1.4125
2016-06-07,50,0.8,NA,NA
2016-06-07,50,1.6,1.75,1.4125
2016-06-07,50,2.8,NA,NA
2016-06-07,50,3.8,1.7,1.4125
2016-06-07,50,5,1.6,1.4125
2016-06-07,50,5.2,NA,NA
2016-06-07,50,5.5,NA,NA
2016-06-07,50,5.8,NA,NA
2016-06-07,50,6,NA,NA
2016-06-07,50,6.2,1.575,1.4125
2016-06-07,50,8,1.45,1.4125
2016-06-07,50,9,1.525,1.4125
2016-06-07,50,9.3,NA,NA
2016-06-08,50,0.1,2,1.425
2016-06-08,50,0.8,NA,NA
2016-06-08,50,1.6,1.8,1.425
2016-06-08,50,2.8,NA,NA
2016-06-08,50,3.8,1.8,1.425
2016-06-08,50,5,1.66666666666667,1.425
2016-06-08,50,5.2,NA,NA
2016-06-08,50,5.5,NA,NA
2016-06-08,50,5.8,NA,NA
2016-06-08,50,6,NA,NA
2016-06-08,50,6.2,1.55,1.425
2016-06-08,50,8,1.4,1.425
2016-06-08,50,9,1.55,1.425
2016-06-08,50,9.3,NA,NA
2016-06-09,50,0.1,2.05,1.4375
2016-06-09,50,0.8,NA,NA
2016-06-09,50,1.6,1.85,1.4375
2016-06-09,50,2.8,NA,NA
2016-06-09,50,3.8,1.9,1.4375
2016-06-09,50,5,1.73333333333333,1.4375
2016-06-09,50,5.2,NA,NA
2016-06-09,50,5.5,NA,NA
2016-06-09,50,5.8,NA,NA
2016-06-09,50,6,NA,NA
2016-06-09,50,6.2,1.525,1.4375
2016-06-09,50,8,1.35,1.4375
2016-06-09,50,9,1.575,1.4375
2016-06-09,50,9.3,NA,NA
2016-06-13,50,0.1,2.1,1.45
2016-06-13,50,0.8,NA,NA
2016-06-13,50,1.6,1.9,1.45
2016-06-13,50,2.8,NA,NA
2016-06-13,50,3.8,2,1.45
2016-06-13,50,5,1.8,1.45
2016-06-13,50,5.2,NA,NA
2016-06-13,50,5.5,NA,NA
2016-06-13,50,5.8,NA,NA
2016-06-13,50,6,NA,NA
2016-06-13,50,6.2,1.5,1.45
2016-06-13,50,8,1.3,1.45
2016-06-13,50,9,1.6,1.45
2016-06-13,50,9.3,NA,NA
2016-06-20,50,0.1,2.1,1.4625
2016-06-20,50,0.8,NA,NA
2016-06-20,50,1.6,1.9,1.4625
2016-06-20,50,2.8,NA,NA
2016-06-20,50,3.8,2.2,1.4625
2016-06-20,50,5,1.7,1.4625
2016-06-20,50,5.2,NA,NA
2016-06-20,50,5.5,NA,NA
2016-06-20,50,5.8,NA,NA
2016-06-20,50,6,NA,NA
2016-06-20,50,6.2,1.5,1.4625
2016-06-20,50,8,1.3,1.4625
2016-06-20,50,9,1.4,1.4625
2016-06-20,50,9.3,NA,NA
2016-06-23,50,0.1,2.06666666666667,1.475
2016-06-23,50,0.8,NA,NA
2016-06-23,50,1.6,1.93333333333333,1.475
2016-06-23,50,2.8,NA,NA
2016-06-23,50,3.8,2.16666666666667,1.475
2016-06-23,50,5,1.66666666666667,1.475
2016-06-23,50,5.2,NA,NA
2016-06-23,50,5.5,NA,NA
2016-06-23,50,5.8,NA,NA
2016-06-23,50,6,NA,NA
2016-06-23,50,6.2,1.6,1.475
2016-06-23,50,8,1.4,1.475
2016-06-23,50,9,1.5,1.475
2016-06-23,50,9.3,NA,NA
2016-06-26,50,0.1,2.03333333333333,1.4875
2016-06-26,50,0.8,NA,NA
2016-06-26,50,1.6,1.96666666666667,1.4875
2016-06-26,50,2.8,NA,NA
2016-06-26,50,3.8,2.13333333333333,1.4875
2016-06-26,50,5,1.63333333333333,1.4875
2016-06-26,50,5.2,NA,NA
2016-06-26,50,5.5,NA,NA
2016-06-26,50,5.8,NA,NA
2016-06-26,50,6,NA,NA
2016-06-26,50,6.2,1.7,1.4875
2016-06-26,50,8,1.5,1.4875
2016-06-26,50,9,1.6,1.4875
2016-06-26,50,9.3,NA,NA
2016-06-27,50,0.1,2,1.5
2016-06-27,50,0.8,NA,NA
2016-06-27,50,1.6,2,1.5
2016-06-27,50,2.8,NA,NA
2016-06-27,50,3.8,2.1,1.5
2016-06-27,50,5,1.6,1.5
2016-06-27,50,5.2,NA,NA
2016-06-27,50,5.5,NA,NA
2016-06-27,50,5.8,NA,NA
2016-06-27,50,6,NA,NA
2016-06-27,50,6.2,1.8,1.5
2016-06-27,50,8,1.6,1.5
2016-06-27,50,9,1.7,1.5
2016-06-27,50,9.3,NA,NA
2016-06-28,50,0.1,1.7,1.49285714285714
2016-06-28,50,0.8,NA,NA
2016-06-28,50,1.6,2.1,1.49230769230769
2016-06-28,50,2.8,NA,NA
2016-06-28,50,3.8,1.6,1.49230769230769
2016-06-28,50,5,1.7,1.49230769230769
2016-06-28,50,5.2,NA,NA
2016-06-28,50,5.5,NA,NA
2016-06-28,50,5.8,NA,NA
2016-06-28,50,6,NA,NA
2016-06-28,50,6.2,1.5,1.49230769230769
2016-06-28,50,8,1.2,1.49285714285714
2016-06-28,50,9,1.5,1.49230769230769
2016-06-28,50,9.3,NA,NA
2016-06-30,50,0.1,1.8,1.48571428571429
2016-06-30,50,0.8,NA,NA
2016-06-30,50,1.6,1.8,1.48461538461538
2016-06-30,50,2.8,NA,NA
2016-06-30,50,3.8,1.9,1.48461538461538
2016-06-30,50,5,1.6,1.48461538461538
2016-06-30,50,5.2,NA,NA
2016-06-30,50,5.5,NA,NA
2016-06-30,50,5.8,NA,NA
2016-06-30,50,6,NA,NA
2016-06-30,50,6.2,1.3,1.48461538461538
2016-06-30,50,8,1.4,1.48571428571429
2016-06-30,50,9,1.4,1.48461538461538
2016-06-30,50,9.3,NA,NA
2016-07-05,50,0.1,2,1.47857142857143
2016-07-05,50,0.8,NA,NA
2016-07-05,50,1.6,1.7,1.47692307692308
2016-07-05,50,2.8,NA,NA
2016-07-05,50,3.8,1.8,1.47692307692308
2016-07-05,50,5,1.7,1.47692307692308
2016-07-05,50,5.2,NA,NA
2016-07-05,50,5.5,NA,NA
2016-07-05,50,5.8,NA,NA
2016-07-05,50,6,NA,NA
2016-07-05,50,6.2,1.5,1.47692307692308
2016-07-05,50,8,1.6,1.47857142857143
2016-07-05,50,9,1.5,1.47692307692308
2016-07-05,50,9.3,NA,NA
2016-07-07,50,0.1,2,1.47142857142857
2016-07-07,50,0.8,NA,NA
2016-07-07,50,1.6,1.8,1.46923076923077
2016-07-07,50,2.8,NA,NA
2016-07-07,50,3.8,1.75,1.46923076923077
2016-07-07,50,5,1.65,1.46923076923077
2016-07-07,50,5.2,NA,NA
2016-07-07,50,5.5,NA,NA
2016-07-07,50,5.8,NA,NA
2016-07-07,50,6,NA,NA
2016-07-07,50,6.2,1.7,1.46923076923077
2016-07-07,50,8,1.45,1.47142857142857
2016-07-07,50,9,1.65,1.46923076923077
2016-07-07,50,9.3,NA,NA
2016-07-11,50,0.1,2,1.46428571428571
2016-07-11,50,0.8,NA,NA
2016-07-11,50,1.6,1.9,1.46153846153846
2016-07-11,50,2.8,NA,NA
2016-07-11,50,3.8,1.7,1.46153846153846
2016-07-11,50,5,1.6,1.46153846153846
2016-07-11,50,5.2,NA,NA
2016-07-11,50,5.5,1.8,NA
2016-07-11,50,5.8,NA,NA
2016-07-11,50,6,NA,NA
2016-07-11,50,6.2,1.9,1.46153846153846
2016-07-11,50,8,1.3,1.46428571428571
2016-07-11,50,9,1.8,1.46153846153846
2016-07-11,50,9.3,NA,NA
2016-07-14,50,0.1,1.95,1.45714285714286
2016-07-14,50,0.8,NA,NA
2016-07-14,50,1.6,2,1.45384615384615
2016-07-14,50,2.8,NA,NA
2016-07-14,50,3.8,1.65,1.45384615384615
2016-07-14,50,5,1.65,1.45384615384615
2016-07-14,50,5.2,NA,NA
2016-07-14,50,5.5,1.66666666666667,NA
2016-07-14,50,5.8,NA,NA
2016-07-14,50,6,NA,NA
2016-07-14,50,6.2,1.9,1.45384615384615
2016-07-14,50,8,1.35,1.45714285714286
2016-07-14,50,9,1.8,1.45384615384615
2016-07-14,50,9.3,NA,NA
2016-07-18,50,0.1,1.9,1.45
2016-07-18,50,0.8,NA,NA
2016-07-18,50,1.6,2.1,1.44615384615385
2016-07-18,50,2.8,NA,NA
2016-07-18,50,3.8,1.6,1.44615384615385
2016-07-18,50,5,1.7,1.44615384615385
2016-07-18,50,5.2,NA,NA
2016-07-18,50,5.5,1.53333333333333,NA
2016-07-18,50,5.8,NA,NA
2016-07-18,50,6,NA,NA
2016-07-18,50,6.2,1.9,1.44615384615385
2016-07-18,50,8,1.4,1.45
2016-07-18,50,9,1.8,1.44615384615385
2016-07-18,50,9.3,NA,NA
2016-07-21,50,0.1,1.83333333333333,1.44285714285714
2016-07-21,50,0.8,NA,NA
2016-07-21,50,1.6,2.13333333333333,1.43846153846154
2016-07-21,50,2.8,NA,NA
2016-07-21,50,3.8,1.73333333333333,1.43846153846154
2016-07-21,50,5,1.73333333333333,1.43846153846154
2016-07-21,50,5.2,NA,NA
2016-07-21,50,5.5,1.4,NA
2016-07-21,50,5.8,NA,NA
2016-07-21,50,6,NA,NA
2016-07-21,50,6.2,2.1,1.43846153846154
2016-07-21,50,8,1.33333333333333,1.44285714285714
2016-07-21,50,9,1.76666666666667,1.43846153846154
2016-07-21,50,9.3,NA,NA
2016-07-24,50,0.1,1.76666666666667,1.43571428571429
2016-07-24,50,0.8,NA,NA
2016-07-24,50,1.6,2.16666666666667,1.43076923076923
2016-07-24,50,2.8,NA,NA
2016-07-24,50,3.8,1.86666666666667,1.43076923076923
2016-07-24,50,5,1.76666666666667,1.43076923076923
2016-07-24,50,5.2,NA,NA
2016-07-24,50,5.5,1.5,NA
2016-07-24,50,5.8,NA,NA
2016-07-24,50,6,NA,NA
2016-07-24,50,6.2,2.3,1.43076923076923
2016-07-24,50,8,1.26666666666667,1.43571428571429
2016-07-24,50,9,1.73333333333333,1.43076923076923
2016-07-24,50,9.3,NA,NA
2016-07-25,50,0.1,1.7,1.42857142857143
2016-07-25,50,0.1,3.7,1.42142857142857
2016-07-25,50,0.8,NA,NA
2016-07-25,50,1.6,2.2,1.42307692307692
2016-07-25,50,2.8,NA,NA
2016-07-25,50,3.8,2,1.42307692307692
2016-07-25,50,5,1.8,1.42307692307692
2016-07-25,50,5.2,1.5,NA
2016-07-25,50,5.5,1.6,NA
2016-07-25,50,5.8,NA,NA
2016-07-25,50,6,NA,NA
2016-07-25,50,6.2,2.5,1.42307692307692
2016-07-25,50,8,1.2,1.42857142857143
2016-07-25,50,8,1.6,1.42142857142857
2016-07-25,50,9,1.7,1.42307692307692
2016-07-25,50,9.3,NA,NA
2016-07-26,50,0.1,3.16666666666667,1.41428571428571
2016-07-26,50,0.8,NA,NA
2016-07-26,50,1.6,2.16666666666667,1.41538461538462
2016-07-26,50,2.8,NA,NA
2016-07-26,50,3.8,2.13333333333333,1.41538461538462
2016-07-26,50,5,1.83333333333333,1.41538461538462
2016-07-26,50,5.2,NA,NA
2016-07-26,50,5.5,1.66666666666667,NA
2016-07-26,50,5.8,NA,NA
2016-07-26,50,6,NA,NA
2016-07-26,50,6.2,2,1.41538461538462
2016-07-26,50,8,1.6,1.41428571428571
2016-07-26,50,9,1.7,1.41538461538462
2016-07-26,50,9.3,NA,NA
2016-07-28,50,0.1,2.63333333333333,1.40714285714286
2016-07-28,50,0.8,NA,NA
2016-07-28,50,1.6,2.13333333333333,1.40769230769231
2016-07-28,50,2.8,NA,NA
2016-07-28,50,3.8,2.26666666666667,1.40769230769231
2016-07-28,50,5,1.86666666666667,1.40769230769231
2016-07-28,50,5.2,NA,NA
2016-07-28,50,5.5,1.73333333333333,NA
2016-07-28,50,5.8,NA,NA
2016-07-28,50,6,NA,NA
2016-07-28,50,6.2,1.5,1.40769230769231
2016-07-28,50,8,1.6,1.40714285714286
2016-07-28,50,9,1.7,1.40769230769231
2016-07-28,50,9.3,NA,NA
2016-08-01,50,0.1,2.1,1.4
2016-08-01,50,0.8,NA,NA
2016-08-01,50,1.6,2.1,1.4
2016-08-01,50,2.8,NA,NA
2016-08-01,50,3.8,2.4,1.4
2016-08-01,50,5,1.9,1.4
2016-08-01,50,5.2,NA,NA
2016-08-01,50,5.5,1.8,NA
2016-08-01,50,5.8,1.7,1.4
2016-08-01,50,6,NA,NA
2016-08-01,50,6.2,2.1,1.4
2016-08-01,50,8,1.6,1.4
2016-08-01,50,9,1.7,1.4
2016-08-01,50,9.3,NA,NA
2016-08-08,50,0.1,2.1,1.46666666666667
2016-08-08,50,0.8,NA,NA
2016-08-08,50,1.6,3,1.46666666666667
2016-08-08,50,2.8,NA,NA
2016-08-08,50,3.8,4.1,1.46666666666667
2016-08-08,50,5,2.5,1.46666666666667
2016-08-08,50,5.2,NA,NA
2016-08-08,50,5.5,1.86666666666667,NA
2016-08-08,50,5.8,NA,NA
2016-08-08,50,6,NA,NA
2016-08-08,50,6.2,2,1.46666666666667
2016-08-08,50,8,1.6,1.46666666666667
2016-08-08,50,9,2,1.46666666666667
2016-08-08,50,9.3,NA,NA
2016-08-11,50,0.1,2.15,1.53333333333333
2016-08-11,50,0.8,NA,NA
2016-08-11,50,1.6,2.5,1.53333333333333
2016-08-11,50,2.8,NA,NA
2016-08-11,50,3.8,2.9,1.53333333333333
2016-08-11,50,5,2.15,1.53333333333333
2016-08-11,50,5.2,NA,NA
2016-08-11,50,5.5,1.93333333333333,NA
2016-08-11,50,5.8,NA,NA
2016-08-11,50,6,NA,NA
2016-08-11,50,6.2,2.1,1.53333333333333
2016-08-11,50,8,2.45,1.53333333333333
2016-08-11,50,9,1.85,1.53333333333333
2016-08-11,50,9.3,NA,NA
2016-08-15,50,0.1,2.2,1.6
2016-08-15,50,0.8,NA,NA
2016-08-15,50,1.6,2,1.6
2016-08-15,50,2.8,NA,NA
2016-08-15,50,3.8,1.7,1.6
2016-08-15,50,5,1.8,1.6
2016-08-15,50,5.2,NA,NA
2016-08-15,50,5.5,2,1.6
2016-08-15,50,5.8,NA,NA
2016-08-15,50,6,NA,NA
2016-08-15,50,6.2,2.2,1.6
2016-08-15,50,8,3.3,1.6
2016-08-15,50,9,1.7,1.6
2016-08-15,50,9.3,NA,NA
2016-08-18,50,0.1,2.2,1.575
2016-08-18,50,0.8,NA,NA
2016-08-18,50,1.6,2.06666666666667,1.575
2016-08-18,50,2.8,NA,NA
2016-08-18,50,3.8,2.1,1.575
2016-08-18,50,5,2.33333333333333,1.575
2016-08-18,50,5.2,NA,NA
2016-08-18,50,5.5,NA,NA
2016-08-18,50,5.8,NA,NA
2016-08-18,50,6,NA,NA
2016-08-18,50,6.2,6.4,1.575
2016-08-18,50,8,3.7,1.575
2016-08-18,50,9,3.3,1.575
2016-08-18,50,9.3,NA,NA
2016-08-23,50,0.1,2.2,1.55
2016-08-23,50,0.8,NA,NA
2016-08-23,50,1.6,2.13333333333333,1.55
2016-08-23,50,2.8,NA,NA
2016-08-23,50,3.8,2.5,1.55
2016-08-23,50,5,2.86666666666667,1.55
2016-08-23,50,5.2,NA,NA
2016-08-23,50,5.5,NA,NA
2016-08-23,50,5.8,NA,NA
2016-08-23,50,6,NA,NA
2016-08-23,50,6.2,10.6,1.55
2016-08-23,50,8,4.1,1.55
2016-08-23,50,9,4.9,1.55
2016-08-23,50,9.3,NA,NA
2016-08-26,50,0.1,2.2,1.525
2016-08-26,50,0.8,NA,NA
2016-08-26,50,1.6,2.2,1.525
2016-08-26,50,2.8,NA,NA
2016-08-26,50,3.8,2.9,1.525
2016-08-26,50,5,3.4,1.525
2016-08-26,50,5.2,NA,NA
2016-08-26,50,5.5,NA,NA
2016-08-26,50,5.8,NA,NA
2016-08-26,50,6,NA,NA
2016-08-26,50,6.2,14.8,1.525
2016-08-26,50,8,4.5,1.525
2016-08-26,50,9,6.5,1.525
2016-08-26,50,9.3,NA,NA
2016-09-02,50,0.1,2.2,1.5
2016-09-02,50,0.8,NA,NA
2016-09-02,50,1.6,2.2,1.5
2016-09-02,50,2.8,NA,NA
2016-09-02,50,3.8,2.1,1.5
2016-09-02,50,5,2.4,1.5
2016-09-02,50,5.2,NA,NA
2016-09-02,50,5.5,NA,NA
2016-09-02,50,5.8,NA,NA
2016-09-02,50,6,NA,NA
2016-09-02,50,6.2,11,1.5
2016-09-02,50,8,1.8,1.5
2016-09-02,50,9,1.4,1.5
2016-09-02,50,9.3,NA,NA
2016-09-06,50,0.1,2.34285714285714,1.45
2016-09-06,50,0.8,NA,NA
2016-09-06,50,1.6,2.25,1.45
2016-09-06,50,2.8,NA,NA
2016-09-06,50,3.8,4.7,1.45
2016-09-06,50,5,2.9,1.45
2016-09-06,50,5.2,NA,NA
2016-09-06,50,5.5,NA,NA
2016-09-06,50,5.8,NA,NA
2016-09-06,50,6,NA,NA
2016-09-06,50,6.2,7.2,1.45
2016-09-06,50,8,1.8,1.45
2016-09-06,50,9,2.1,1.45
2016-09-06,50,9.3,NA,NA
2016-09-09,50,0.1,2.48571428571429,1.4
2016-09-09,50,0.8,NA,NA
2016-09-09,50,1.6,2.3,1.4
2016-09-09,50,2.8,NA,NA
2016-09-09,50,3.8,7.3,1.4
2016-09-09,50,5,3.4,1.4
2016-09-09,50,5.2,NA,NA
2016-09-09,50,5.5,NA,NA
2016-09-09,50,5.8,NA,NA
2016-09-09,50,6,NA,NA
2016-09-09,50,6.2,3.4,1.4
2016-09-09,50,8,1.8,1.4
2016-09-09,50,9,2.8,1.4
2016-09-09,50,9.3,NA,NA
2016-09-16,50,0.1,2.62857142857143,1.76
2016-09-16,50,0.8,NA,NA
2016-09-16,50,1.6,2.52,1.76
2016-09-16,50,2.8,NA,NA
2016-09-16,50,3.8,6.44,1.76
2016-09-16,50,5,3.7,1.76
2016-09-16,50,5.2,NA,NA
2016-09-16,50,5.5,NA,NA
2016-09-16,50,5.8,NA,NA
2016-09-16,50,6,NA,NA
2016-09-16,50,6.2,5.1,1.76
2016-09-16,50,8,2.68,1.76
2016-09-16,50,9,2.52,1.76
2016-09-16,50,9.3,NA,NA
2016-09-17,50,0.1,2.77142857142857,2.12
2016-09-17,50,0.8,NA,NA
2016-09-17,50,1.6,2.74,2.12
2016-09-17,50,2.8,NA,NA
2016-09-17,50,3.8,5.58,2.12
2016-09-17,50,5,4,2.12
2016-09-17,50,5.2,NA,NA
2016-09-17,50,5.5,NA,NA
2016-09-17,50,5.8,NA,NA
2016-09-17,50,6,NA,NA
2016-09-17,50,6.2,6.8,2.12
2016-09-17,50,8,3.56,2.12
2016-09-17,50,9,2.24,2.12
2016-09-17,50,9.3,NA,NA
2016-09-22,50,0.1,2.91428571428571,2.48
2016-09-22,50,0.8,NA,NA
2016-09-22,50,1.6,2.96,2.48
2016-09-22,50,2.8,NA,NA
2016-09-22,50,3.8,4.72,2.48
2016-09-22,50,5,4.3,2.48
2016-09-22,50,5.2,NA,NA
2016-09-22,50,5.5,NA,NA
2016-09-22,50,5.8,NA,NA
2016-09-22,50,6,NA,NA
2016-09-22,50,6.2,8.5,2.48
2016-09-22,50,8,4.44,2.48
2016-09-22,50,9,1.96,2.48
2016-09-22,50,9.3,NA,NA
2016-09-27,50,0.1,3.05714285714286,2.84
2016-09-27,50,0.8,NA,NA
2016-09-27,50,1.6,3.18,2.84
2016-09-27,50,2.8,NA,NA
2016-09-27,50,3.8,3.86,2.84
2016-09-27,50,5,4.6,2.84
2016-09-27,50,5.2,NA,NA
2016-09-27,50,5.5,NA,NA
2016-09-27,50,5.8,NA,NA
2016-09-27,50,6,NA,NA
2016-09-27,50,6.2,10.2,2.84
2016-09-27,50,8,5.32,2.84
2016-09-27,50,9,1.68,2.84
2016-09-27,50,9.3,NA,NA
2016-09-30,50,0.1,3.2,3.2
2016-09-30,50,0.8,NA,NA
2016-09-30,50,1.6,3.4,3.2
2016-09-30,50,2.8,NA,NA
2016-09-30,50,3.8,3,3.2
2016-09-30,50,5,4.9,3.2
2016-09-30,50,5.2,NA,NA
2016-09-30,50,5.5,NA,NA
2016-09-30,50,5.8,NA,NA
2016-09-30,50,6,NA,NA
2016-09-30,50,6.2,11.9,3.2
2016-09-30,50,8,6.2,3.2
2016-09-30,50,9,1.4,3.2
2016-09-30,50,9.3,NA,NA
2016-10-05,50,0.1,3,3.06666666666667
2016-10-05,50,0.8,NA,NA
2016-10-05,50,1.6,3.26666666666667,3.06666666666667
2016-10-05,50,2.8,NA,NA
2016-10-05,50,3.8,2.86666666666667,3.06666666666667
2016-10-05,50,5,3.5,3.06666666666667
2016-10-05,50,5.2,NA,NA
2016-10-05,50,5.5,NA,NA
2016-10-05,50,5.8,NA,NA
2016-10-05,50,6,NA,NA
2016-10-05,50,6.2,8.8,3.06666666666667
2016-10-05,50,8,5,3.06666666666667
2016-10-05,50,9,2.1,3.06666666666667
2016-10-05,50,9.3,NA,NA
2016-10-06,50,0.1,3.3,2.93333333333333
2016-10-06,50,0.8,NA,NA
2016-10-06,50,1.6,3.13333333333333,2.93333333333333
2016-10-06,50,2.8,NA,NA
2016-10-06,50,3.8,2.73333333333333,2.93333333333333
2016-10-06,50,5,3.15,2.93333333333333
2016-10-06,50,5.2,NA,NA
2016-10-06,50,5.5,NA,NA
2016-10-06,50,5.8,NA,NA
2016-10-06,50,6,NA,NA
2016-10-06,50,6.2,5.7,2.93333333333333
2016-10-06,50,8,3.8,2.93333333333333
2016-10-06,50,9,2.55,2.93333333333333
2016-10-06,50,9.3,NA,NA
2016-10-07,50,0.1,3.6,2.8
2016-10-07,50,0.8,NA,NA
2016-10-07,50,1.6,3,2.8
2016-10-07,50,2.8,NA,NA
2016-10-07,50,3.8,2.6,2.8
2016-10-07,50,5,2.8,2.8
2016-10-07,50,5.2,NA,NA
2016-10-07,50,5.5,NA,NA
2016-10-07,50,5.8,NA,NA
2016-10-07,50,6,NA,NA
2016-10-07,50,6.2,2.6,2.8
2016-10-07,50,8,2.6,2.8
2016-10-07,50,9,3,2.8
2016-10-07,50,9.3,NA,NA
2016-10-11,50,0.1,3.3,2.55
2016-10-11,50,0.8,NA,NA
2016-10-11,50,1.6,2.95,2.55
2016-10-11,50,2.8,NA,NA
2016-10-11,50,3.8,3.1,2.55
2016-10-11,50,5,2.75,2.55
2016-10-11,50,5.2,NA,NA
2016-10-11,50,5.5,NA,NA
2016-10-11,50,5.8,NA,NA
2016-10-11,50,6,NA,NA
2016-10-11,50,6.2,2.9,2.55
2016-10-11,50,8,2.7,2.55
2016-10-11,50,9,2.95,2.55
2016-10-11,50,9.3,NA,NA
2016-10-14,50,0.1,3,2.3
2016-10-14,50,0.8,NA,NA
2016-10-14,50,1.6,2.9,2.3
2016-10-14,50,2.8,NA,NA
2016-10-14,50,3.8,3.6,2.3
2016-10-14,50,5,2.7,2.3
2016-10-14,50,5.2,NA,NA
2016-10-14,50,5.5,NA,NA
2016-10-14,50,5.8,NA,NA
2016-10-14,50,6,NA,NA
2016-10-14,50,6.2,3.2,2.3
2016-10-14,50,8,2.8,2.3
2016-10-14,50,9,2.9,2.3
2016-10-14,50,9.3,NA,NA
2016-10-20,50,0.1,2.85,2.3
2016-10-20,50,0.8,NA,NA
2016-10-20,50,1.6,2.8,2.3
2016-10-20,50,2.8,NA,NA
2016-10-20,50,3.8,3.35,2.3
2016-10-20,50,5,2.68333333333333,2.3
2016-10-20,50,5.2,NA,NA
2016-10-20,50,5.5,NA,NA
2016-10-20,50,5.8,NA,NA
2016-10-20,50,6,NA,NA
2016-10-20,50,6.2,3.075,2.3
2016-10-20,50,8,2.75,2.3
2016-10-20,50,9,2.825,2.3
2016-10-20,50,9.3,NA,NA
2016-10-27,50,0.1,2.7,2.3
2016-10-27,50,0.8,NA,NA
2016-10-27,50,1.6,2.7,2.3
2016-10-27,50,2.8,NA,NA
2016-10-27,50,3.8,3.1,2.3
2016-10-27,50,5,2.66666666666667,2.3
2016-10-27,50,5.2,NA,NA
2016-10-27,50,5.5,NA,NA
2016-10-27,50,5.8,NA,NA
2016-10-27,50,6,NA,NA
2016-10-27,50,6.2,2.95,2.3
2016-10-27,50,8,2.7,2.3
2016-10-27,50,9,2.75,2.3
2016-10-27,50,9.3,NA,NA
2016-10-31,50,0.1,2.55,2.3
2016-10-31,50,0.8,NA,NA
2016-10-31,50,1.6,2.6,2.3
2016-10-31,50,2.8,NA,NA
2016-10-31,50,3.8,2.85,2.3
2016-10-31,50,5,2.65,2.3
2016-10-31,50,5.2,NA,NA
2016-10-31,50,5.5,NA,NA
2016-10-31,50,5.8,NA,NA
2016-10-31,50,6,NA,NA
2016-10-31,50,6.2,2.825,2.3
2016-10-31,50,8,2.65,2.3
2016-10-31,50,9,2.675,2.3
2016-10-31,50,9.3,NA,NA
2016-11-04,50,0.1,2.4,2.3
2016-11-04,50,0.8,NA,NA
2016-11-04,50,1.6,2.5,2.3
2016-11-04,50,2.8,NA,NA
2016-11-04,50,3.8,2.6,2.3
2016-11-04,50,5,2.63333333333333,2.3
2016-11-04,50,5.2,NA,NA
2016-11-04,50,5.5,NA,NA
2016-11-04,50,5.8,NA,NA
2016-11-04,50,6,NA,NA
2016-11-04,50,6.2,2.7,2.3
2016-11-04,50,8,2.6,2.3
2016-11-04,50,9,2.6,2.3
2016-11-04,50,9.3,NA,NA
2016-11-11,50,0.1,2.5,2.3
2016-11-11,50,0.8,NA,NA
2016-11-11,50,1.6,2.55,2.3
2016-11-11,50,2.8,NA,NA
2016-11-11,50,3.8,2.6,2.3
2016-11-11,50,5,2.61666666666667,2.3
2016-11-11,50,5.2,NA,NA
2016-11-11,50,5.5,NA,NA
2016-11-11,50,5.8,NA,NA
2016-11-11,50,6,NA,NA
2016-11-11,50,6.2,2.55,2.3
2016-11-11,50,8,2.5,2.3
2016-11-11,50,9,2.45,2.3
2016-11-11,50,9.3,NA,NA
2016-12-02,50,0.1,2.6,2.3
2016-12-02,50,0.8,NA,NA
2016-12-02,50,1.6,2.6,2.3
2016-12-02,50,2.8,NA,NA
2016-12-02,50,3.8,2.6,2.3
2016-12-02,50,5,2.6,2.3
2016-12-02,50,5.2,NA,NA
2016-12-02,50,5.5,NA,NA
2016-12-02,50,5.8,NA,NA
2016-12-02,50,6,NA,NA
2016-12-02,50,6.2,2.4,2.3
2016-12-02,50,8,2.4,2.3
2016-12-02,50,9,2.3,2.3
2016-12-02,50,9.3,NA,NA
2017-03-12,50,0.1,2.72,2.24
2017-03-12,50,0.8,NA,NA
2017-03-12,50,1.6,2.7,2.24
2017-03-12,50,2.8,NA,NA
2017-03-12,50,3.8,2.62,2.24
2017-03-12,50,5,2.58,2.24
2017-03-12,50,5.2,NA,NA
2017-03-12,50,5.5,NA,NA
2017-03-12,50,5.8,NA,NA
2017-03-12,50,6,NA,NA
2017-03-12,50,6.2,2.43333333333333,2.24
2017-03-12,50,8,2.43333333333333,2.24
2017-03-12,50,9,2.30666666666667,2.24
2017-03-12,50,9.3,NA,NA
2017-03-26,50,0.1,2.84,2.18
2017-03-26,50,0.8,NA,NA
2017-03-26,50,1.6,2.8,2.18
2017-03-26,50,2.8,NA,NA
2017-03-26,50,3.8,2.64,2.18
2017-03-26,50,5,2.56,2.18
2017-03-26,50,5.2,NA,NA
2017-03-26,50,5.5,NA,NA
2017-03-26,50,5.8,NA,NA
2017-03-26,50,6,NA,NA
2017-03-26,50,6.2,2.46666666666667,2.18
2017-03-26,50,8,2.46666666666667,2.18
2017-03-26,50,9,2.31333333333333,2.18
2017-03-26,50,9.3,NA,NA
2017-04-09,50,0.1,2.96,2.12
2017-04-09,50,0.8,NA,NA
2017-04-09,50,1.6,2.9,2.12
2017-04-09,50,2.8,NA,NA
2017-04-09,50,3.8,2.66,2.12
2017-04-09,50,5,2.54,2.12
2017-04-09,50,5.2,NA,NA
2017-04-09,50,5.5,NA,NA
2017-04-09,50,5.8,NA,NA
2017-04-09,50,6,NA,NA
2017-04-09,50,6.2,2.5,2.12
2017-04-09,50,8,2.5,2.12
2017-04-09,50,9,2.32,2.12
2017-04-09,50,9.3,NA,NA
2017-04-16,50,0.1,3.08,2.06
2017-04-16,50,0.8,NA,NA
2017-04-16,50,1.6,3,2.06
2017-04-16,50,2.8,NA,NA
2017-04-16,50,3.8,2.68,2.06
2017-04-16,50,5,2.52,2.06
2017-04-16,50,5.2,NA,NA
2017-04-16,50,5.5,NA,NA
2017-04-16,50,5.8,NA,NA
2017-04-16,50,6,NA,NA
2017-04-16,50,6.2,2.53333333333333,2.06
2017-04-16,50,8,2.53333333333333,2.06
2017-04-16,50,9,2.32666666666667,2.06
2017-04-16,50,9.3,NA,NA
2017-04-23,50,0.1,3.2,2
2017-04-23,50,0.8,NA,NA
2017-04-23,50,1.6,3.1,2
2017-04-23,50,2.8,NA,NA
2017-04-23,50,3.8,2.7,2
2017-04-23,50,5,2.5,2
2017-04-23,50,5.2,NA,NA
2017-04-23,50,5.5,NA,NA
2017-04-23,50,5.8,NA,NA
2017-04-23,50,6,NA,NA
2017-04-23,50,6.2,2.56666666666667,2
2017-04-23,50,8,2.56666666666667,2
2017-04-23,50,9,2.33333333333333,2
2017-04-23,50,9.3,NA,NA
2017-04-30,50,0.1,3.32,1.94
2017-04-30,50,0.8,NA,NA
2017-04-30,50,1.6,3.2,1.94
2017-04-30,50,2.8,NA,NA
2017-04-30,50,3.8,2.72,1.94
2017-04-30,50,5,2.48,1.94
2017-04-30,50,5.2,NA,NA
2017-04-30,50,5.5,NA,NA
2017-04-30,50,5.8,NA,NA
2017-04-30,50,6,NA,NA
2017-04-30,50,6.2,2.6,1.94
2017-04-30,50,8,2.6,1.94
2017-04-30,50,9,2.34,1.94
2017-04-30,50,9.3,NA,NA
2017-05-04,50,0.1,3.44,1.88
2017-05-04,50,0.8,NA,NA
2017-05-04,50,1.6,3.3,1.88
2017-05-04,50,2.8,NA,NA
2017-05-04,50,3.8,2.74,1.88
2017-05-04,50,5,2.46,1.88
2017-05-04,50,5.2,NA,NA
2017-05-04,50,5.5,NA,NA
2017-05-04,50,5.8,NA,NA
2017-05-04,50,6,NA,NA
2017-05-04,50,6.2,2.63333333333333,1.88
2017-05-04,50,8,2.63333333333333,1.88
2017-05-04,50,9,2.34666666666667,1.88
2017-05-04,50,9.3,NA,NA
2017-05-07,50,0.1,3.56,1.82
2017-05-07,50,0.8,NA,NA
2017-05-07,50,1.6,3.4,1.82
2017-05-07,50,2.8,NA,NA
2017-05-07,50,3.8,2.76,1.82
2017-05-07,50,5,2.44,1.82
2017-05-07,50,5.2,NA,NA
2017-05-07,50,5.5,NA,NA
2017-05-07,50,5.8,NA,NA
2017-05-07,50,6,NA,NA
2017-05-07,50,6.2,2.66666666666667,1.82
2017-05-07,50,8,2.66666666666667,1.82
2017-05-07,50,9,2.35333333333333,1.82
2017-05-07,50,9.3,NA,NA
2017-05-09,50,0.1,3.68,1.76
2017-05-09,50,0.8,NA,NA
2017-05-09,50,1.6,3.5,1.76
2017-05-09,50,2.8,NA,NA
2017-05-09,50,3.8,2.78,1.76
2017-05-09,50,5,2.42,1.76
2017-05-09,50,5.2,NA,NA
2017-05-09,50,5.5,NA,NA
2017-05-09,50,5.8,NA,NA
2017-05-09,50,6,NA,NA
2017-05-09,50,6.2,2.7,1.76
2017-05-09,50,8,2.7,1.76
2017-05-09,50,9,2.36,1.76
2017-05-09,50,9.3,NA,NA
2017-05-14,50,0.1,3.8,1.7
2017-05-14,50,0.8,NA,NA
2017-05-14,50,1.6,3.6,1.7
2017-05-14,50,2.8,NA,NA
2017-05-14,50,3.8,2.8,1.7
2017-05-14,50,5,2.4,1.7
2017-05-14,50,5.2,NA,NA
2017-05-14,50,5.5,NA,NA
2017-05-14,50,5.8,NA,NA
2017-05-14,50,6,NA,NA
2017-05-14,50,6.2,2.73333333333333,1.7
2017-05-14,50,8,2.73333333333333,1.7
2017-05-14,50,9,2.36666666666667,1.7
2017-05-14,50,9.3,NA,NA
2017-06-28,50,0.1,3.92,1.64
2017-06-28,50,0.8,NA,NA
2017-06-28,50,1.6,3.7,1.64
2017-06-28,50,2.8,NA,NA
2017-06-28,50,3.8,2.82,1.64
2017-06-28,50,5,2.38,1.64
2017-06-28,50,5.2,NA,NA
2017-06-28,50,5.5,NA,NA
2017-06-28,50,5.8,NA,NA
2017-06-28,50,6,NA,NA
2017-06-28,50,6.2,2.76666666666667,1.64
2017-06-28,50,8,2.76666666666667,1.64
2017-06-28,50,9,2.37333333333333,1.64
2017-06-28,50,9.3,NA,NA
2017-07-04,50,0.1,4.04,1.58
2017-07-04,50,0.8,NA,NA
2017-07-04,50,1.6,3.8,1.58
2017-07-04,50,2.8,NA,NA
2017-07-04,50,3.8,2.84,1.58
2017-07-04,50,5,2.36,1.58
2017-07-04,50,5.2,NA,NA
2017-07-04,50,5.5,NA,NA
2017-07-04,50,5.8,NA,NA
2017-07-04,50,6,NA,NA
2017-07-04,50,6.2,2.8,1.58
2017-07-04,50,8,2.8,1.58
2017-07-04,50,9,2.38,1.58
2017-07-04,50,9.3,NA,NA
2017-07-06,50,0.1,4.16,1.52
2017-07-06,50,0.8,NA,NA
2017-07-06,50,1.6,3.9,1.52
2017-07-06,50,2.8,NA,NA
2017-07-06,50,3.8,2.86,1.52
2017-07-06,50,5,2.34,1.52
2017-07-06,50,5.2,NA,NA
2017-07-06,50,5.5,NA,NA
2017-07-06,50,5.8,NA,NA
2017-07-06,50,6,NA,NA
2017-07-06,50,6.2,2.83333333333333,1.52
2017-07-06,50,8,2.83333333333333,1.52
2017-07-06,50,9,2.38666666666667,1.52
2017-07-06,50,9.3,NA,NA
2017-07-09,50,0.1,4.28,1.46
2017-07-09,50,0.8,NA,NA
2017-07-09,50,1.6,4,1.46
2017-07-09,50,2.8,NA,NA
2017-07-09,50,3.8,2.88,1.46
2017-07-09,50,5,2.32,1.46
2017-07-09,50,5.2,NA,NA
2017-07-09,50,5.5,NA,NA
2017-07-09,50,5.8,NA,NA
2017-07-09,50,6,NA,NA
2017-07-09,50,6.2,2.86666666666667,1.46
2017-07-09,50,8,2.86666666666667,1.46
2017-07-09,50,9,2.39333333333333,1.46
2017-07-09,50,9.3,NA,NA
2017-07-10,50,0.1,4.4,1.4
2017-07-10,50,0.8,NA,NA
2017-07-10,50,1.6,4.1,1.4
2017-07-10,50,2.8,NA,NA
2017-07-10,50,3.8,2.9,1.4
2017-07-10,50,5,2.3,1.4
2017-07-10,50,5.2,NA,NA
2017-07-10,50,5.5,NA,NA
2017-07-10,50,5.8,NA,NA
2017-07-10,50,6,NA,NA
2017-07-10,50,6.2,2.9,1.4
2017-07-10,50,8,2.9,1.4
2017-07-10,50,9,2.4,1.4
2017-07-10,50,9.3,NA,NA
2017-07-11,50,0.1,4.31666666666667,1.4
2017-07-11,50,0.8,NA,NA
2017-07-11,50,1.6,4.03333333333333,1.4
2017-07-11,50,2.8,NA,NA
2017-07-11,50,3.8,2.90833333333333,1.4
2017-07-11,50,5,2.33333333333333,1.4
2017-07-11,50,5.2,NA,NA
2017-07-11,50,5.5,NA,NA
2017-07-11,50,5.8,NA,NA
2017-07-11,50,6,NA,NA
2017-07-11,50,6.2,2.84166666666667,1.4
2017-07-11,50,8,2.8,1.4
2017-07-11,50,9,2.36666666666667,1.4
2017-07-11,50,9.3,NA,NA
2017-07-12,50,0.1,4.23333333333333,1.4
2017-07-12,50,0.8,NA,NA
2017-07-12,50,1.6,3.96666666666667,1.4
2017-07-12,50,2.8,NA,NA
2017-07-12,50,3.8,2.91666666666667,1.4
2017-07-12,50,5,2.36666666666667,1.4
2017-07-12,50,5.2,NA,NA
2017-07-12,50,5.5,NA,NA
2017-07-12,50,5.8,NA,NA
2017-07-12,50,6,NA,NA
2017-07-12,50,6.2,2.78333333333333,1.4
2017-07-12,50,8,2.7,1.4
2017-07-12,50,9,2.33333333333333,1.4
2017-07-12,50,9.3,NA,NA
2017-08-06,50,0.1,4.15,1.4
2017-08-06,50,0.8,NA,NA
2017-08-06,50,1.6,3.9,1.4
2017-08-06,50,2.8,NA,NA
2017-08-06,50,3.8,2.925,1.4
2017-08-06,50,5,2.4,1.4
2017-08-06,50,5.2,NA,NA
2017-08-06,50,5.5,NA,NA
2017-08-06,50,5.8,NA,NA
2017-08-06,50,6,NA,NA
2017-08-06,50,6.2,2.725,1.4
2017-08-06,50,8,2.6,1.4
2017-08-06,50,9,2.3,1.4
2017-08-06,50,9.3,NA,NA
2017-08-09,50,0.1,4.06666666666667,1.4
2017-08-09,50,0.8,NA,NA
2017-08-09,50,1.6,3.83333333333333,1.4
2017-08-09,50,2.8,NA,NA
2017-08-09,50,3.8,2.93333333333333,1.4
2017-08-09,50,5,2.43333333333333,1.4
2017-08-09,50,5.2,NA,NA
2017-08-09,50,5.5,NA,NA
2017-08-09,50,5.8,NA,NA
2017-08-09,50,6,NA,NA
2017-08-09,50,6.2,2.66666666666667,1.4
2017-08-09,50,8,2.5,1.4
2017-08-09,50,9,2.26666666666667,1.4
2017-08-09,50,9.3,NA,NA
2017-08-13,50,0.1,3.98333333333333,1.4
2017-08-13,50,0.8,NA,NA
2017-08-13,50,1.6,3.76666666666667,1.4
2017-08-13,50,2.8,NA,NA
2017-08-13,50,3.8,2.94166666666667,1.4
2017-08-13,50,5,2.46666666666667,1.4
2017-08-13,50,5.2,NA,NA
2017-08-13,50,5.5,NA,NA
2017-08-13,50,5.8,NA,NA
2017-08-13,50,6,NA,NA
2017-08-13,50,6.2,2.60833333333333,1.4
2017-08-13,50,8,2.4,1.4
2017-08-13,50,9,2.23333333333333,1.4
2017-08-13,50,9.3,NA,NA
2017-08-16,50,0.1,3.9,1.4
2017-08-16,50,0.8,NA,NA
2017-08-16,50,1.6,3.7,1.4
2017-08-16,50,2.8,NA,NA
2017-08-16,50,3.8,2.95,1.4
2017-08-16,50,5,2.5,1.4
2017-08-16,50,5.2,NA,NA
2017-08-16,50,5.5,NA,NA
2017-08-16,50,5.8,NA,NA
2017-08-16,50,6,NA,NA
2017-08-16,50,6.2,2.55,1.4
2017-08-16,50,8,2.3,1.4
2017-08-16,50,9,2.2,1.4
2017-08-16,50,9.3,NA,NA
2017-08-20,50,0.1,3.81666666666667,1.4
2017-08-20,50,0.8,NA,NA
2017-08-20,50,1.6,3.63333333333333,1.4
2017-08-20,50,2.8,NA,NA
2017-08-20,50,3.8,2.95833333333333,1.4
2017-08-20,50,5,2.53333333333333,1.4
2017-08-20,50,5.2,NA,NA
2017-08-20,50,5.5,NA,NA
2017-08-20,50,5.8,NA,NA
2017-08-20,50,6,NA,NA
2017-08-20,50,6.2,2.49166666666667,1.4
2017-08-20,50,8,2.2,1.4
2017-08-20,50,9,2.16666666666667,1.4
2017-08-20,50,9.3,NA,NA
2017-08-27,50,0.1,3.73333333333333,1.4
2017-08-27,50,0.8,NA,NA
2017-08-27,50,1.6,3.56666666666667,1.4
2017-08-27,50,2.8,NA,NA
2017-08-27,50,3.8,2.96666666666667,1.4
2017-08-27,50,5,2.56666666666667,1.4
2017-08-27,50,5.2,NA,NA
2017-08-27,50,5.5,NA,NA
2017-08-27,50,5.8,NA,NA
2017-08-27,50,6,NA,NA
2017-08-27,50,6.2,2.43333333333333,1.4
2017-08-27,50,8,2.1,1.4
2017-08-27,50,9,2.13333333333333,1.4
2017-08-27,50,9.3,NA,NA
2017-09-03,50,0.1,3.65,1.4
2017-09-03,50,0.8,NA,NA
2017-09-03,50,1.6,3.5,1.4
2017-09-03,50,2.8,NA,NA
2017-09-03,50,3.8,2.975,1.4
2017-09-03,50,5,2.6,1.4
2017-09-03,50,5.2,NA,NA
2017-09-03,50,5.5,NA,NA
2017-09-03,50,5.8,NA,NA
2017-09-03,50,6,NA,NA
2017-09-03,50,6.2,2.375,1.4
2017-09-03,50,8,2,1.4
2017-09-03,50,9,2.1,1.4
2017-09-03,50,9.3,NA,NA
2017-09-10,50,0.1,3.56666666666667,1.4
2017-09-10,50,0.8,NA,NA
2017-09-10,50,1.6,3.43333333333333,1.4
2017-09-10,50,2.8,NA,NA
2017-09-10,50,3.8,2.98333333333333,1.4
2017-09-10,50,5,2.63333333333333,1.4
2017-09-10,50,5.2,NA,NA
2017-09-10,50,5.5,NA,NA
2017-09-10,50,5.8,NA,NA
2017-09-10,50,6,NA,NA
2017-09-10,50,6.2,2.31666666666667,1.4
2017-09-10,50,8,1.9,1.4
2017-09-10,50,9,2.06666666666667,1.4
2017-09-10,50,9.3,NA,NA
2017-09-17,50,0.1,3.48333333333333,1.4
2017-09-17,50,0.8,NA,NA
2017-09-17,50,1.6,3.36666666666667,1.4
2017-09-17,50,2.8,NA,NA
2017-09-17,50,3.8,2.99166666666667,1.4
2017-09-17,50,5,2.66666666666667,1.4
2017-09-17,50,5.2,NA,NA
2017-09-17,50,5.5,NA,NA
2017-09-17,50,5.8,NA,NA
2017-09-17,50,6,NA,NA
2017-09-17,50,6.2,2.25833333333333,1.4
2017-09-17,50,8,1.8,1.4
2017-09-17,50,9,2.03333333333333,1.4
2017-09-17,50,9.3,NA,NA
2017-09-18,50,0.1,3.4,1.4
2017-09-18,50,0.8,NA,NA
2017-09-18,50,1.6,3.3,1.4
2017-09-18,50,2.8,NA,NA
2017-09-18,50,3.8,3,1.4
2017-09-18,50,5,2.7,1.4
2017-09-18,50,5.2,NA,NA
2017-09-18,50,5.5,NA,NA
2017-09-18,50,5.8,NA,NA
2017-09-18,50,6,NA,NA
2017-09-18,50,6.2,2.2,1.4
2017-09-18,50,8,1.7,1.4
2017-09-18,50,9,2,1.4
2017-09-18,50,9.3,NA,NA
2017-09-24,50,0.1,3.8,1.8
2017-09-24,50,0.8,NA,NA
2017-09-24,50,1.6,3.625,1.8
2017-09-24,50,2.8,NA,NA
2017-09-24,50,3.8,3.325,1.8
2017-09-24,50,5,2.825,1.8
2017-09-24,50,5.2,NA,NA
2017-09-24,50,5.5,NA,NA
2017-09-24,50,5.8,NA,NA
2017-09-24,50,6,NA,NA
2017-09-24,50,6.2,2.55,1.8
2017-09-24,50,8,2,1.8
2017-09-24,50,9,2.125,1.8
2017-09-24,50,9.3,NA,NA
2017-10-08,50,0.1,4.2,2.2
2017-10-08,50,0.8,NA,NA
2017-10-08,50,1.6,3.95,2.2
2017-10-08,50,2.8,NA,NA
2017-10-08,50,3.8,3.65,2.2
2017-10-08,50,5,2.95,2.2
2017-10-08,50,5.2,NA,NA
2017-10-08,50,5.5,NA,NA
2017-10-08,50,5.8,NA,NA
2017-10-08,50,6,NA,NA
2017-10-08,50,6.2,2.9,2.2
2017-10-08,50,8,2.3,2.2
2017-10-08,50,9,2.25,2.2
2017-10-08,50,9.3,NA,NA
2017-10-15,50,0.1,4.6,2.6
2017-10-15,50,0.8,NA,NA
2017-10-15,50,1.6,4.275,2.6
2017-10-15,50,2.8,NA,NA
2017-10-15,50,3.8,3.975,2.6
2017-10-15,50,5,3.075,2.6
2017-10-15,50,5.2,NA,NA
2017-10-15,50,5.5,NA,NA
2017-10-15,50,5.8,NA,NA
2017-10-15,50,6,NA,NA
2017-10-15,50,6.2,3.25,2.6
2017-10-15,50,8,2.6,2.6
2017-10-15,50,9,2.375,2.6
2017-10-15,50,9.3,NA,NA
2017-10-16,50,0.1,5,3
2017-10-16,50,0.8,NA,NA
2017-10-16,50,1.6,4.6,3
2017-10-16,50,2.8,NA,NA
2017-10-16,50,3.8,4.3,3
2017-10-16,50,5,3.2,3
2017-10-16,50,5.2,NA,NA
2017-10-16,50,5.5,NA,NA
2017-10-16,50,5.8,NA,NA
2017-10-16,50,6,NA,NA
2017-10-16,50,6.2,3.6,3
2017-10-16,50,8,2.9,3
2017-10-16,50,9,2.5,3
2017-10-16,50,9.3,NA,NA
