"Date","Site","Depth","kd_interp"
2014-07-02,50,0.1,-1.18608429404516
2014-07-02,50,0.8,-1.18608429404516
2014-07-02,50,1.6,-1.18608429404516
2014-07-02,50,2.8,-1.18608429404516
2014-07-02,50,3.8,-1.18608429404516
2014-07-02,50,5,-1.18608429404516
2014-07-02,50,5.2,-1.18608429404516
2014-07-02,50,5.5,-1.18608429404516
2014-07-02,50,5.8,-1.18608429404516
2014-07-02,50,6,-1.18608429404516
2014-07-02,50,6.2,-1.18608429404516
2014-07-02,50,8,-1.18608429404516
2014-07-02,50,9,-1.18608429404516
2014-07-02,50,9.3,-1.18608429404516
2014-07-07,50,0.1,NA
2014-07-07,50,0.8,NA
2014-07-07,50,1.6,NA
2014-07-07,50,2.8,NA
2014-07-07,50,3.8,NA
2014-07-07,50,5,NA
2014-07-07,50,5.2,NA
2014-07-07,50,5.5,NA
2014-07-07,50,5.8,NA
2014-07-07,50,6,NA
2014-07-07,50,6.2,NA
2014-07-07,50,8,NA
2014-07-07,50,9,NA
2014-07-07,50,9.3,NA
2014-07-09,50,0.1,NA
2014-07-09,50,0.8,NA
2014-07-09,50,1.6,NA
2014-07-09,50,2.8,NA
2014-07-09,50,3.8,NA
2014-07-09,50,5,NA
2014-07-09,50,5.2,NA
2014-07-09,50,5.5,NA
2014-07-09,50,5.8,NA
2014-07-09,50,6,NA
2014-07-09,50,6.2,NA
2014-07-09,50,8,NA
2014-07-09,50,9,NA
2014-07-09,50,9.3,NA
2014-07-14,50,0.1,NA
2014-07-14,50,0.8,NA
2014-07-14,50,1.6,NA
2014-07-14,50,2.8,NA
2014-07-14,50,3.8,NA
2014-07-14,50,5,NA
2014-07-14,50,5.2,NA
2014-07-14,50,5.5,NA
2014-07-14,50,5.8,NA
2014-07-14,50,6,NA
2014-07-14,50,6.2,NA
2014-07-14,50,8,NA
2014-07-14,50,9,NA
2014-07-14,50,9.3,NA
2014-07-16,50,0.1,NA
2014-07-16,50,0.8,NA
2014-07-16,50,1.6,NA
2014-07-16,50,2.8,NA
2014-07-16,50,3.8,NA
2014-07-16,50,5,NA
2014-07-16,50,5.2,NA
2014-07-16,50,5.5,NA
2014-07-16,50,5.8,NA
2014-07-16,50,6,NA
2014-07-16,50,6.2,NA
2014-07-16,50,8,NA
2014-07-16,50,9,NA
2014-07-16,50,9.3,NA
2014-07-21,50,0.1,NA
2014-07-21,50,0.8,NA
2014-07-21,50,1.6,NA
2014-07-21,50,2.8,NA
2014-07-21,50,3.8,NA
2014-07-21,50,5,NA
2014-07-21,50,5.2,NA
2014-07-21,50,5.5,NA
2014-07-21,50,5.8,NA
2014-07-21,50,6,NA
2014-07-21,50,6.2,NA
2014-07-21,50,8,NA
2014-07-21,50,9,NA
2014-07-21,50,9.3,NA
2014-07-23,50,0.1,NA
2014-07-23,50,0.8,NA
2014-07-23,50,1.6,NA
2014-07-23,50,2.8,NA
2014-07-23,50,3.8,NA
2014-07-23,50,5,NA
2014-07-23,50,5.2,NA
2014-07-23,50,5.5,NA
2014-07-23,50,5.8,NA
2014-07-23,50,6,NA
2014-07-23,50,6.2,NA
2014-07-23,50,8,NA
2014-07-23,50,9,NA
2014-07-23,50,9.3,NA
2014-07-28,50,0.1,NA
2014-07-28,50,0.8,NA
2014-07-28,50,1.6,NA
2014-07-28,50,2.8,NA
2014-07-28,50,3.8,NA
2014-07-28,50,5,NA
2014-07-28,50,5.2,NA
2014-07-28,50,5.5,NA
2014-07-28,50,5.8,NA
2014-07-28,50,6,NA
2014-07-28,50,6.2,NA
2014-07-28,50,8,NA
2014-07-28,50,9,NA
2014-07-28,50,9.3,NA
2014-07-30,50,0.1,NA
2014-07-30,50,0.8,NA
2014-07-30,50,1.6,NA
2014-07-30,50,2.8,NA
2014-07-30,50,3.8,NA
2014-07-30,50,5,NA
2014-07-30,50,5.2,NA
2014-07-30,50,5.5,NA
2014-07-30,50,5.8,NA
2014-07-30,50,6,NA
2014-07-30,50,6.2,NA
2014-07-30,50,8,NA
2014-07-30,50,9,NA
2014-07-30,50,9.3,NA
2014-08-02,50,0.1,NA
2014-08-02,50,0.8,NA
2014-08-02,50,1.6,NA
2014-08-02,50,2.8,NA
2014-08-02,50,3.8,NA
2014-08-02,50,5,NA
2014-08-02,50,5.2,NA
2014-08-02,50,5.5,NA
2014-08-02,50,5.8,NA
2014-08-02,50,6,NA
2014-08-02,50,6.2,NA
2014-08-02,50,8,NA
2014-08-02,50,9,NA
2014-08-02,50,9.3,NA
2014-08-04,50,0.1,NA
2014-08-04,50,0.8,NA
2014-08-04,50,1.6,NA
2014-08-04,50,2.8,NA
2014-08-04,50,3.8,NA
2014-08-04,50,5,NA
2014-08-04,50,5.2,NA
2014-08-04,50,5.5,NA
2014-08-04,50,5.8,NA
2014-08-04,50,6,NA
2014-08-04,50,6.2,NA
2014-08-04,50,8,NA
2014-08-04,50,9,NA
2014-08-04,50,9.3,NA
2014-08-06,50,0.1,NA
2014-08-06,50,0.8,NA
2014-08-06,50,1.6,NA
2014-08-06,50,2.8,NA
2014-08-06,50,3.8,NA
2014-08-06,50,5,NA
2014-08-06,50,5.2,NA
2014-08-06,50,5.5,NA
2014-08-06,50,5.8,NA
2014-08-06,50,6,NA
2014-08-06,50,6.2,NA
2014-08-06,50,8,NA
2014-08-06,50,9,NA
2014-08-06,50,9.3,NA
2014-08-09,50,0.1,NA
2014-08-09,50,0.8,NA
2014-08-09,50,1.6,NA
2014-08-09,50,2.8,NA
2014-08-09,50,3.8,NA
2014-08-09,50,5,NA
2014-08-09,50,5.2,NA
2014-08-09,50,5.5,NA
2014-08-09,50,5.8,NA
2014-08-09,50,6,NA
2014-08-09,50,6.2,NA
2014-08-09,50,8,NA
2014-08-09,50,9,NA
2014-08-09,50,9.3,NA
2014-08-10,50,0.1,NA
2014-08-10,50,0.8,NA
2014-08-10,50,1.6,NA
2014-08-10,50,2.8,NA
2014-08-10,50,3.8,NA
2014-08-10,50,5,NA
2014-08-10,50,5.2,NA
2014-08-10,50,5.5,NA
2014-08-10,50,5.8,NA
2014-08-10,50,6,NA
2014-08-10,50,6.2,NA
2014-08-10,50,8,NA
2014-08-10,50,9,NA
2014-08-10,50,9.3,NA
2014-08-11,50,0.1,NA
2014-08-11,50,0.8,NA
2014-08-11,50,1.6,NA
2014-08-11,50,2.8,NA
2014-08-11,50,3.8,NA
2014-08-11,50,5,NA
2014-08-11,50,5.2,NA
2014-08-11,50,5.5,NA
2014-08-11,50,5.8,NA
2014-08-11,50,6,NA
2014-08-11,50,6.2,NA
2014-08-11,50,8,NA
2014-08-11,50,9,NA
2014-08-11,50,9.3,NA
2014-08-13,50,0.1,NA
2014-08-13,50,0.8,NA
2014-08-13,50,1.6,NA
2014-08-13,50,2.8,NA
2014-08-13,50,3.8,NA
2014-08-13,50,5,NA
2014-08-13,50,5.2,NA
2014-08-13,50,5.5,NA
2014-08-13,50,5.8,NA
2014-08-13,50,6,NA
2014-08-13,50,6.2,NA
2014-08-13,50,8,NA
2014-08-13,50,9,NA
2014-08-13,50,9.3,NA
2014-08-18,50,0.1,NA
2014-08-18,50,0.8,NA
2014-08-18,50,1.6,NA
2014-08-18,50,2.8,NA
2014-08-18,50,3.8,NA
2014-08-18,50,5,NA
2014-08-18,50,5.2,NA
2014-08-18,50,5.5,NA
2014-08-18,50,5.8,NA
2014-08-18,50,6,NA
2014-08-18,50,6.2,NA
2014-08-18,50,8,NA
2014-08-18,50,9,NA
2014-08-18,50,9.3,NA
2014-08-19,50,0.1,NA
2014-08-19,50,0.8,NA
2014-08-19,50,1.6,NA
2014-08-19,50,2.8,NA
2014-08-19,50,3.8,NA
2014-08-19,50,5,NA
2014-08-19,50,5.2,NA
2014-08-19,50,5.5,NA
2014-08-19,50,5.8,NA
2014-08-19,50,6,NA
2014-08-19,50,6.2,NA
2014-08-19,50,8,NA
2014-08-19,50,9,NA
2014-08-19,50,9.3,NA
2014-08-21,50,0.1,NA
2014-08-21,50,0.8,NA
2014-08-21,50,1.6,NA
2014-08-21,50,2.8,NA
2014-08-21,50,3.8,NA
2014-08-21,50,5,NA
2014-08-21,50,5.2,NA
2014-08-21,50,5.5,NA
2014-08-21,50,5.8,NA
2014-08-21,50,6,NA
2014-08-21,50,6.2,NA
2014-08-21,50,8,NA
2014-08-21,50,9,NA
2014-08-21,50,9.3,NA
2014-08-25,50,0.1,NA
2014-08-25,50,0.8,NA
2014-08-25,50,1.6,NA
2014-08-25,50,2.8,NA
2014-08-25,50,3.8,NA
2014-08-25,50,5,NA
2014-08-25,50,5.2,NA
2014-08-25,50,5.5,NA
2014-08-25,50,5.8,NA
2014-08-25,50,6,NA
2014-08-25,50,6.2,NA
2014-08-25,50,8,NA
2014-08-25,50,9,NA
2014-08-25,50,9.3,NA
2014-08-30,50,0.1,NA
2014-08-30,50,0.8,NA
2014-08-30,50,1.6,NA
2014-08-30,50,2.8,NA
2014-08-30,50,3.8,NA
2014-08-30,50,5,NA
2014-08-30,50,5.2,NA
2014-08-30,50,5.5,NA
2014-08-30,50,5.8,NA
2014-08-30,50,6,NA
2014-08-30,50,6.2,NA
2014-08-30,50,8,NA
2014-08-30,50,9,NA
2014-08-30,50,9.3,NA
2014-09-03,50,0.1,NA
2014-09-03,50,0.8,NA
2014-09-03,50,1.6,NA
2014-09-03,50,2.8,NA
2014-09-03,50,3.8,NA
2014-09-03,50,5,NA
2014-09-03,50,5.2,NA
2014-09-03,50,5.5,NA
2014-09-03,50,5.8,NA
2014-09-03,50,6,NA
2014-09-03,50,6.2,NA
2014-09-03,50,8,NA
2014-09-03,50,9,NA
2014-09-03,50,9.3,NA
2014-09-08,50,0.1,NA
2014-09-08,50,0.8,NA
2014-09-08,50,1.6,NA
2014-09-08,50,2.8,NA
2014-09-08,50,3.8,NA
2014-09-08,50,5,NA
2014-09-08,50,5.2,NA
2014-09-08,50,5.5,NA
2014-09-08,50,5.8,NA
2014-09-08,50,6,NA
2014-09-08,50,6.2,NA
2014-09-08,50,8,NA
2014-09-08,50,9,NA
2014-09-08,50,9.3,NA
2014-09-15,50,0.1,NA
2014-09-15,50,0.8,NA
2014-09-15,50,1.6,NA
2014-09-15,50,2.8,NA
2014-09-15,50,3.8,NA
2014-09-15,50,5,NA
2014-09-15,50,5.2,NA
2014-09-15,50,5.5,NA
2014-09-15,50,5.8,NA
2014-09-15,50,6,NA
2014-09-15,50,6.2,NA
2014-09-15,50,8,NA
2014-09-15,50,9,NA
2014-09-15,50,9.3,NA
2014-09-22,50,0.1,NA
2014-09-22,50,0.8,NA
2014-09-22,50,1.6,NA
2014-09-22,50,2.8,NA
2014-09-22,50,3.8,NA
2014-09-22,50,5,NA
2014-09-22,50,5.2,NA
2014-09-22,50,5.5,NA
2014-09-22,50,5.8,NA
2014-09-22,50,6,NA
2014-09-22,50,6.2,NA
2014-09-22,50,8,NA
2014-09-22,50,9,NA
2014-09-22,50,9.3,NA
2014-09-29,50,0.1,NA
2014-09-29,50,0.8,NA
2014-09-29,50,1.6,NA
2014-09-29,50,2.8,NA
2014-09-29,50,3.8,NA
2014-09-29,50,5,NA
2014-09-29,50,5.2,NA
2014-09-29,50,5.5,NA
2014-09-29,50,5.8,NA
2014-09-29,50,6,NA
2014-09-29,50,6.2,NA
2014-09-29,50,8,NA
2014-09-29,50,9,NA
2014-09-29,50,9.3,NA
2014-10-04,50,0.1,-0.693727370340838
2014-10-04,50,0.8,-0.693727370340838
2014-10-04,50,1.6,-0.693727370340838
2014-10-04,50,2.8,-0.693727370340838
2014-10-04,50,3.8,-0.693727370340838
2014-10-04,50,5,-0.693727370340838
2014-10-04,50,5.2,-0.693727370340838
2014-10-04,50,5.5,-0.693727370340838
2014-10-04,50,5.8,-0.693727370340838
2014-10-04,50,6,-0.693727370340838
2014-10-04,50,6.2,-0.693727370340838
2014-10-04,50,8,-0.693727370340838
2014-10-04,50,9,-0.693727370340838
2014-10-04,50,9.3,-0.693727370340838
2014-10-10,50,0.1,NA
2014-10-10,50,0.8,NA
2014-10-10,50,1.6,NA
2014-10-10,50,2.8,NA
2014-10-10,50,3.8,NA
2014-10-10,50,5,NA
2014-10-10,50,5.2,NA
2014-10-10,50,5.5,NA
2014-10-10,50,5.8,NA
2014-10-10,50,6,NA
2014-10-10,50,6.2,NA
2014-10-10,50,8,NA
2014-10-10,50,9,NA
2014-10-10,50,9.3,NA
2014-10-15,50,0.1,NA
2014-10-15,50,0.8,NA
2014-10-15,50,1.6,NA
2014-10-15,50,2.8,NA
2014-10-15,50,3.8,NA
2014-10-15,50,5,NA
2014-10-15,50,5.2,NA
2014-10-15,50,5.5,NA
2014-10-15,50,5.8,NA
2014-10-15,50,6,NA
2014-10-15,50,6.2,NA
2014-10-15,50,8,NA
2014-10-15,50,9,NA
2014-10-15,50,9.3,NA
2014-10-23,50,0.1,NA
2014-10-23,50,0.8,NA
2014-10-23,50,1.6,NA
2014-10-23,50,2.8,NA
2014-10-23,50,3.8,NA
2014-10-23,50,5,NA
2014-10-23,50,5.2,NA
2014-10-23,50,5.5,NA
2014-10-23,50,5.8,NA
2014-10-23,50,6,NA
2014-10-23,50,6.2,NA
2014-10-23,50,8,NA
2014-10-23,50,9,NA
2014-10-23,50,9.3,NA
2014-10-30,50,0.1,NA
2014-10-30,50,0.8,NA
2014-10-30,50,1.6,NA
2014-10-30,50,2.8,NA
2014-10-30,50,3.8,NA
2014-10-30,50,5,NA
2014-10-30,50,5.2,NA
2014-10-30,50,5.5,NA
2014-10-30,50,5.8,NA
2014-10-30,50,6,NA
2014-10-30,50,6.2,NA
2014-10-30,50,8,NA
2014-10-30,50,9,NA
2014-10-30,50,9.3,NA
2014-11-10,50,0.1,NA
2014-11-10,50,0.8,NA
2014-11-10,50,1.6,NA
2014-11-10,50,2.8,NA
2014-11-10,50,3.8,NA
2014-11-10,50,5,NA
2014-11-10,50,5.2,NA
2014-11-10,50,5.5,NA
2014-11-10,50,5.8,NA
2014-11-10,50,6,NA
2014-11-10,50,6.2,NA
2014-11-10,50,8,NA
2014-11-10,50,9,NA
2014-11-10,50,9.3,NA
2014-12-10,50,0.1,NA
2014-12-10,50,0.8,NA
2014-12-10,50,1.6,NA
2014-12-10,50,2.8,NA
2014-12-10,50,3.8,NA
2014-12-10,50,5,NA
2014-12-10,50,5.2,NA
2014-12-10,50,5.5,NA
2014-12-10,50,5.8,NA
2014-12-10,50,6,NA
2014-12-10,50,6.2,NA
2014-12-10,50,8,NA
2014-12-10,50,9,NA
2014-12-10,50,9.3,NA
2015-03-01,50,0.1,NA
2015-03-01,50,0.8,NA
2015-03-01,50,1.6,NA
2015-03-01,50,2.8,NA
2015-03-01,50,3.8,NA
2015-03-01,50,5,NA
2015-03-01,50,5.2,NA
2015-03-01,50,5.5,NA
2015-03-01,50,5.8,NA
2015-03-01,50,6,NA
2015-03-01,50,6.2,NA
2015-03-01,50,8,NA
2015-03-01,50,9,NA
2015-03-01,50,9.3,NA
2015-03-16,50,0.1,NA
2015-03-16,50,0.8,NA
2015-03-16,50,1.6,NA
2015-03-16,50,2.8,NA
2015-03-16,50,3.8,NA
2015-03-16,50,5,NA
2015-03-16,50,5.2,NA
2015-03-16,50,5.5,NA
2015-03-16,50,5.8,NA
2015-03-16,50,6,NA
2015-03-16,50,6.2,NA
2015-03-16,50,8,NA
2015-03-16,50,9,NA
2015-03-16,50,9.3,NA
2015-03-31,50,0.1,NA
2015-03-31,50,0.8,NA
2015-03-31,50,1.6,NA
2015-03-31,50,2.8,NA
2015-03-31,50,3.8,NA
2015-03-31,50,5,NA
2015-03-31,50,5.2,NA
2015-03-31,50,5.5,NA
2015-03-31,50,5.8,NA
2015-03-31,50,6,NA
2015-03-31,50,6.2,NA
2015-03-31,50,8,NA
2015-03-31,50,9,NA
2015-03-31,50,9.3,NA
2015-04-07,50,0.1,NA
2015-04-07,50,0.8,NA
2015-04-07,50,1.6,NA
2015-04-07,50,2.8,NA
2015-04-07,50,3.8,NA
2015-04-07,50,5,NA
2015-04-07,50,5.2,NA
2015-04-07,50,5.5,NA
2015-04-07,50,5.8,NA
2015-04-07,50,6,NA
2015-04-07,50,6.2,NA
2015-04-07,50,8,NA
2015-04-07,50,9,NA
2015-04-07,50,9.3,NA
2015-04-13,50,0.1,NA
2015-04-13,50,0.8,NA
2015-04-13,50,1.6,NA
2015-04-13,50,2.8,NA
2015-04-13,50,3.8,NA
2015-04-13,50,5,NA
2015-04-13,50,5.2,NA
2015-04-13,50,5.5,NA
2015-04-13,50,5.8,NA
2015-04-13,50,6,NA
2015-04-13,50,6.2,NA
2015-04-13,50,8,NA
2015-04-13,50,9,NA
2015-04-13,50,9.3,NA
2015-04-16,50,0.1,NA
2015-04-16,50,0.8,NA
2015-04-16,50,1.6,NA
2015-04-16,50,2.8,NA
2015-04-16,50,3.8,NA
2015-04-16,50,5,NA
2015-04-16,50,5.2,NA
2015-04-16,50,5.5,NA
2015-04-16,50,5.8,NA
2015-04-16,50,6,NA
2015-04-16,50,6.2,NA
2015-04-16,50,8,NA
2015-04-16,50,9,NA
2015-04-16,50,9.3,NA
2015-04-19,50,0.1,NA
2015-04-19,50,0.8,NA
2015-04-19,50,1.6,NA
2015-04-19,50,2.8,NA
2015-04-19,50,3.8,NA
2015-04-19,50,5,NA
2015-04-19,50,5.2,NA
2015-04-19,50,5.5,NA
2015-04-19,50,5.8,NA
2015-04-19,50,6,NA
2015-04-19,50,6.2,NA
2015-04-19,50,8,NA
2015-04-19,50,9,NA
2015-04-19,50,9.3,NA
2015-04-21,50,0.1,NA
2015-04-21,50,0.8,NA
2015-04-21,50,1.6,NA
2015-04-21,50,2.8,NA
2015-04-21,50,3.8,NA
2015-04-21,50,5,NA
2015-04-21,50,5.2,NA
2015-04-21,50,5.5,NA
2015-04-21,50,5.8,NA
2015-04-21,50,6,NA
2015-04-21,50,6.2,NA
2015-04-21,50,8,NA
2015-04-21,50,9,NA
2015-04-21,50,9.3,NA
2015-04-25,50,0.1,NA
2015-04-25,50,0.8,NA
2015-04-25,50,1.6,NA
2015-04-25,50,2.8,NA
2015-04-25,50,3.8,NA
2015-04-25,50,5,NA
2015-04-25,50,5.2,NA
2015-04-25,50,5.5,NA
2015-04-25,50,5.8,NA
2015-04-25,50,6,NA
2015-04-25,50,6.2,NA
2015-04-25,50,8,NA
2015-04-25,50,9,NA
2015-04-25,50,9.3,NA
2015-04-28,50,0.1,NA
2015-04-28,50,0.8,NA
2015-04-28,50,1.6,NA
2015-04-28,50,2.8,NA
2015-04-28,50,3.8,NA
2015-04-28,50,5,NA
2015-04-28,50,5.2,NA
2015-04-28,50,5.5,NA
2015-04-28,50,5.8,NA
2015-04-28,50,6,NA
2015-04-28,50,6.2,NA
2015-04-28,50,8,NA
2015-04-28,50,9,NA
2015-04-28,50,9.3,NA
2015-05-01,50,0.1,NA
2015-05-01,50,0.8,NA
2015-05-01,50,1.6,NA
2015-05-01,50,2.8,NA
2015-05-01,50,3.8,NA
2015-05-01,50,5,NA
2015-05-01,50,5.2,NA
2015-05-01,50,5.5,NA
2015-05-01,50,5.8,NA
2015-05-01,50,6,NA
2015-05-01,50,6.2,NA
2015-05-01,50,8,NA
2015-05-01,50,9,NA
2015-05-01,50,9.3,NA
2015-05-05,50,0.1,NA
2015-05-05,50,0.8,NA
2015-05-05,50,1.6,NA
2015-05-05,50,2.8,NA
2015-05-05,50,3.8,NA
2015-05-05,50,5,NA
2015-05-05,50,5.2,NA
2015-05-05,50,5.5,NA
2015-05-05,50,5.8,NA
2015-05-05,50,6,NA
2015-05-05,50,6.2,NA
2015-05-05,50,8,NA
2015-05-05,50,9,NA
2015-05-05,50,9.3,NA
2015-05-07,50,0.1,NA
2015-05-07,50,0.8,NA
2015-05-07,50,1.6,NA
2015-05-07,50,2.8,NA
2015-05-07,50,3.8,NA
2015-05-07,50,5,NA
2015-05-07,50,5.2,NA
2015-05-07,50,5.5,NA
2015-05-07,50,5.8,NA
2015-05-07,50,6,NA
2015-05-07,50,6.2,NA
2015-05-07,50,8,NA
2015-05-07,50,9,NA
2015-05-07,50,9.3,NA
2015-05-11,50,0.1,-1.18570220330469
2015-05-11,50,0.8,-1.18570220330469
2015-05-11,50,1.6,-1.18570220330469
2015-05-11,50,2.8,-1.18570220330469
2015-05-11,50,3.8,-1.18570220330469
2015-05-11,50,5,-1.18570220330469
2015-05-11,50,5.2,-1.18570220330469
2015-05-11,50,5.5,-1.18570220330469
2015-05-11,50,5.8,-1.18570220330469
2015-05-11,50,6,-1.18570220330469
2015-05-11,50,6.2,-1.18570220330469
2015-05-11,50,8,-1.18570220330469
2015-05-11,50,9,-1.18570220330469
2015-05-11,50,9.3,-1.18570220330469
2015-05-14,50,0.1,-1.12745840695467
2015-05-14,50,0.8,-1.12745840695467
2015-05-14,50,1.6,-1.12745840695467
2015-05-14,50,2.8,-1.12745840695467
2015-05-14,50,3.8,-1.12745840695467
2015-05-14,50,5,-1.12745840695467
2015-05-14,50,5.2,-1.12745840695467
2015-05-14,50,5.5,-1.12745840695467
2015-05-14,50,5.8,-1.12745840695467
2015-05-14,50,6,-1.12745840695467
2015-05-14,50,6.2,-1.12745840695467
2015-05-14,50,8,-1.12745840695467
2015-05-14,50,9,-1.12745840695467
2015-05-14,50,9.3,-1.12745840695467
2015-05-18,50,0.1,-0.877117753506881
2015-05-18,50,0.8,-0.877117753506881
2015-05-18,50,1.6,-0.877117753506881
2015-05-18,50,2.8,-0.877117753506881
2015-05-18,50,3.8,-0.877117753506881
2015-05-18,50,5,-0.877117753506881
2015-05-18,50,5.2,-0.877117753506881
2015-05-18,50,5.5,-0.877117753506881
2015-05-18,50,5.8,-0.877117753506881
2015-05-18,50,6,-0.877117753506881
2015-05-18,50,6.2,-0.877117753506881
2015-05-18,50,8,-0.877117753506881
2015-05-18,50,9,-0.877117753506881
2015-05-18,50,9.3,-0.877117753506881
2015-05-21,50,0.1,-0.882383826032505
2015-05-21,50,0.8,-0.882383826032505
2015-05-21,50,1.6,-0.882383826032505
2015-05-21,50,2.8,-0.882383826032505
2015-05-21,50,3.8,-0.882383826032505
2015-05-21,50,5,-0.882383826032505
2015-05-21,50,5.2,-0.882383826032505
2015-05-21,50,5.5,-0.882383826032505
2015-05-21,50,5.8,-0.882383826032505
2015-05-21,50,6,-0.882383826032505
2015-05-21,50,6.2,-0.882383826032505
2015-05-21,50,8,-0.882383826032505
2015-05-21,50,9,-0.882383826032505
2015-05-21,50,9.3,-0.882383826032505
2015-05-25,50,0.1,-0.839805523224963
2015-05-25,50,0.8,-0.839805523224963
2015-05-25,50,1.6,-0.839805523224963
2015-05-25,50,2.8,-0.839805523224963
2015-05-25,50,3.8,-0.839805523224963
2015-05-25,50,5,-0.839805523224963
2015-05-25,50,5.2,-0.839805523224963
2015-05-25,50,5.5,-0.839805523224963
2015-05-25,50,5.8,-0.839805523224963
2015-05-25,50,6,-0.839805523224963
2015-05-25,50,6.2,-0.839805523224963
2015-05-25,50,8,-0.839805523224963
2015-05-25,50,9,-0.839805523224963
2015-05-25,50,9.3,-0.839805523224963
2015-05-28,50,0.1,-1.23406810598999
2015-05-28,50,0.8,-1.23406810598999
2015-05-28,50,1.6,-1.23406810598999
2015-05-28,50,2.8,-1.23406810598999
2015-05-28,50,3.8,-1.23406810598999
2015-05-28,50,5,-1.23406810598999
2015-05-28,50,5.2,-1.23406810598999
2015-05-28,50,5.5,-1.23406810598999
2015-05-28,50,5.8,-1.23406810598999
2015-05-28,50,6,-1.23406810598999
2015-05-28,50,6.2,-1.23406810598999
2015-05-28,50,8,-1.23406810598999
2015-05-28,50,9,-1.23406810598999
2015-05-28,50,9.3,-1.23406810598999
2015-06-08,50,0.1,-0.931404092466215
2015-06-08,50,0.8,-0.931404092466215
2015-06-08,50,1.6,-0.931404092466215
2015-06-08,50,2.8,-0.931404092466215
2015-06-08,50,3.8,-0.931404092466215
2015-06-08,50,5,-0.931404092466215
2015-06-08,50,5.2,-0.931404092466215
2015-06-08,50,5.5,-0.931404092466215
2015-06-08,50,5.8,-0.931404092466215
2015-06-08,50,6,-0.931404092466215
2015-06-08,50,6.2,-0.931404092466215
2015-06-08,50,8,-0.931404092466215
2015-06-08,50,9,-0.931404092466215
2015-06-08,50,9.3,-0.931404092466215
2015-06-11,50,0.1,-0.945193590487238
2015-06-11,50,0.8,-0.945193590487238
2015-06-11,50,1.6,-0.945193590487238
2015-06-11,50,2.8,-0.945193590487238
2015-06-11,50,3.8,-0.945193590487238
2015-06-11,50,5,-0.945193590487238
2015-06-11,50,5.2,-0.945193590487238
2015-06-11,50,5.5,-0.945193590487238
2015-06-11,50,5.8,-0.945193590487238
2015-06-11,50,6,-0.945193590487238
2015-06-11,50,6.2,-0.945193590487238
2015-06-11,50,8,-0.945193590487238
2015-06-11,50,9,-0.945193590487238
2015-06-11,50,9.3,-0.945193590487238
2015-06-15,50,0.1,-0.950839444790613
2015-06-15,50,0.8,-0.950839444790613
2015-06-15,50,1.6,-0.950839444790613
2015-06-15,50,2.8,-0.950839444790613
2015-06-15,50,3.8,-0.950839444790613
2015-06-15,50,5,-0.950839444790613
2015-06-15,50,5.2,-0.950839444790613
2015-06-15,50,5.5,-0.950839444790613
2015-06-15,50,5.8,-0.950839444790613
2015-06-15,50,6,-0.950839444790613
2015-06-15,50,6.2,-0.950839444790613
2015-06-15,50,8,-0.950839444790613
2015-06-15,50,9,-0.950839444790613
2015-06-15,50,9.3,-0.950839444790613
2015-06-18,50,0.1,-0.908693885290007
2015-06-18,50,0.8,-0.908693885290007
2015-06-18,50,1.6,-0.908693885290007
2015-06-18,50,2.8,-0.908693885290007
2015-06-18,50,3.8,-0.908693885290007
2015-06-18,50,5,-0.908693885290007
2015-06-18,50,5.2,-0.908693885290007
2015-06-18,50,5.5,-0.908693885290007
2015-06-18,50,5.8,-0.908693885290007
2015-06-18,50,6,-0.908693885290007
2015-06-18,50,6.2,-0.908693885290007
2015-06-18,50,8,-0.908693885290007
2015-06-18,50,9,-0.908693885290007
2015-06-18,50,9.3,-0.908693885290007
2015-06-19,50,0.1,-0.876689950720422
2015-06-19,50,0.8,-0.876689950720422
2015-06-19,50,1.6,-0.876689950720422
2015-06-19,50,2.8,-0.876689950720422
2015-06-19,50,3.8,-0.876689950720422
2015-06-19,50,5,-0.876689950720422
2015-06-19,50,5.2,-0.876689950720422
2015-06-19,50,5.5,-0.876689950720422
2015-06-19,50,5.8,-0.876689950720422
2015-06-19,50,6,-0.876689950720422
2015-06-19,50,6.2,-0.876689950720422
2015-06-19,50,8,-0.876689950720422
2015-06-19,50,9,-0.876689950720422
2015-06-19,50,9.3,-0.876689950720422
2015-06-22,50,0.1,-1.10913489887686
2015-06-22,50,0.8,-1.10913489887686
2015-06-22,50,1.6,-1.10913489887686
2015-06-22,50,2.8,-1.10913489887686
2015-06-22,50,3.8,-1.10913489887686
2015-06-22,50,5,-1.10913489887686
2015-06-22,50,5.2,-1.10913489887686
2015-06-22,50,5.5,-1.10913489887686
2015-06-22,50,5.8,-1.10913489887686
2015-06-22,50,6,-1.10913489887686
2015-06-22,50,6.2,-1.10913489887686
2015-06-22,50,8,-1.10913489887686
2015-06-22,50,9,-1.10913489887686
2015-06-22,50,9.3,-1.10913489887686
2015-06-23,50,0.1,NA
2015-06-23,50,0.8,NA
2015-06-23,50,1.6,NA
2015-06-23,50,2.8,NA
2015-06-23,50,3.8,NA
2015-06-23,50,5,NA
2015-06-23,50,5.2,NA
2015-06-23,50,5.5,NA
2015-06-23,50,5.8,NA
2015-06-23,50,6,NA
2015-06-23,50,6.2,NA
2015-06-23,50,8,NA
2015-06-23,50,9,NA
2015-06-23,50,9.3,NA
2015-06-25,50,0.1,-0.857966449706534
2015-06-25,50,0.8,-0.857966449706534
2015-06-25,50,1.6,-0.857966449706534
2015-06-25,50,2.8,-0.857966449706534
2015-06-25,50,3.8,-0.857966449706534
2015-06-25,50,5,-0.857966449706534
2015-06-25,50,5.2,-0.857966449706534
2015-06-25,50,5.5,-0.857966449706534
2015-06-25,50,5.8,-0.857966449706534
2015-06-25,50,6,-0.857966449706534
2015-06-25,50,6.2,-0.857966449706534
2015-06-25,50,8,-0.857966449706534
2015-06-25,50,9,-0.857966449706534
2015-06-25,50,9.3,-0.857966449706534
2015-06-29,50,0.1,-0.718449537276369
2015-06-29,50,0.8,-0.718449537276369
2015-06-29,50,1.6,-0.718449537276369
2015-06-29,50,2.8,-0.718449537276369
2015-06-29,50,3.8,-0.718449537276369
2015-06-29,50,5,-0.718449537276369
2015-06-29,50,5.2,-0.718449537276369
2015-06-29,50,5.5,-0.718449537276369
2015-06-29,50,5.8,-0.718449537276369
2015-06-29,50,6,-0.718449537276369
2015-06-29,50,6.2,-0.718449537276369
2015-06-29,50,8,-0.718449537276369
2015-06-29,50,9,-0.718449537276369
2015-06-29,50,9.3,-0.718449537276369
2015-07-02,50,0.1,-0.893042821601846
2015-07-02,50,0.8,-0.893042821601846
2015-07-02,50,1.6,-0.893042821601846
2015-07-02,50,2.8,-0.893042821601846
2015-07-02,50,3.8,-0.893042821601846
2015-07-02,50,5,-0.893042821601846
2015-07-02,50,5.2,-0.893042821601846
2015-07-02,50,5.5,-0.893042821601846
2015-07-02,50,5.8,-0.893042821601846
2015-07-02,50,6,-0.893042821601846
2015-07-02,50,6.2,-0.893042821601846
2015-07-02,50,8,-0.893042821601846
2015-07-02,50,9,-0.893042821601846
2015-07-02,50,9.3,-0.893042821601846
2015-07-06,50,0.1,-1.23800962137734
2015-07-06,50,0.8,-1.23800962137734
2015-07-06,50,1.6,-1.23800962137734
2015-07-06,50,2.8,-1.23800962137734
2015-07-06,50,3.8,-1.23800962137734
2015-07-06,50,5,-1.23800962137734
2015-07-06,50,5.2,-1.23800962137734
2015-07-06,50,5.5,-1.23800962137734
2015-07-06,50,5.8,-1.23800962137734
2015-07-06,50,6,-1.23800962137734
2015-07-06,50,6.2,-1.23800962137734
2015-07-06,50,8,-1.23800962137734
2015-07-06,50,9,-1.23800962137734
2015-07-06,50,9.3,-1.23800962137734
2015-07-09,50,0.1,-1.14458337085555
2015-07-09,50,0.8,-1.14458337085555
2015-07-09,50,1.6,-1.14458337085555
2015-07-09,50,2.8,-1.14458337085555
2015-07-09,50,3.8,-1.14458337085555
2015-07-09,50,5,-1.14458337085555
2015-07-09,50,5.2,-1.14458337085555
2015-07-09,50,5.5,-1.14458337085555
2015-07-09,50,5.8,-1.14458337085555
2015-07-09,50,6,-1.14458337085555
2015-07-09,50,6.2,-1.14458337085555
2015-07-09,50,8,-1.14458337085555
2015-07-09,50,9,-1.14458337085555
2015-07-09,50,9.3,-1.14458337085555
2015-07-13,50,0.1,NA
2015-07-13,50,0.8,NA
2015-07-13,50,1.6,NA
2015-07-13,50,2.8,NA
2015-07-13,50,3.8,NA
2015-07-13,50,5,NA
2015-07-13,50,5.2,NA
2015-07-13,50,5.5,NA
2015-07-13,50,5.8,NA
2015-07-13,50,6,NA
2015-07-13,50,6.2,NA
2015-07-13,50,8,NA
2015-07-13,50,9,NA
2015-07-13,50,9.3,NA
2015-07-16,50,0.1,-0.874264932172516
2015-07-16,50,0.8,-0.874264932172516
2015-07-16,50,1.6,-0.874264932172516
2015-07-16,50,2.8,-0.874264932172516
2015-07-16,50,3.8,-0.874264932172516
2015-07-16,50,5,-0.874264932172516
2015-07-16,50,5.2,-0.874264932172516
2015-07-16,50,5.5,-0.874264932172516
2015-07-16,50,5.8,-0.874264932172516
2015-07-16,50,6,-0.874264932172516
2015-07-16,50,6.2,-0.874264932172516
2015-07-16,50,8,-0.874264932172516
2015-07-16,50,9,-0.874264932172516
2015-07-16,50,9.3,-0.874264932172516
2015-07-20,50,0.1,-1.13389157565778
2015-07-20,50,0.8,-1.13389157565778
2015-07-20,50,1.6,-1.13389157565778
2015-07-20,50,2.8,-1.13389157565778
2015-07-20,50,3.8,-1.13389157565778
2015-07-20,50,5,-1.13389157565778
2015-07-20,50,5.2,-1.13389157565778
2015-07-20,50,5.5,-1.13389157565778
2015-07-20,50,5.8,-1.13389157565778
2015-07-20,50,6,-1.13389157565778
2015-07-20,50,6.2,-1.13389157565778
2015-07-20,50,8,-1.13389157565778
2015-07-20,50,9,-1.13389157565778
2015-07-20,50,9.3,-1.13389157565778
2015-07-23,50,0.1,NA
2015-07-23,50,0.8,NA
2015-07-23,50,1.6,NA
2015-07-23,50,2.8,NA
2015-07-23,50,3.8,NA
2015-07-23,50,5,NA
2015-07-23,50,5.2,NA
2015-07-23,50,5.5,NA
2015-07-23,50,5.8,NA
2015-07-23,50,6,NA
2015-07-23,50,6.2,NA
2015-07-23,50,8,NA
2015-07-23,50,9,NA
2015-07-23,50,9.3,NA
2015-07-27,50,0.1,NA
2015-07-27,50,0.8,NA
2015-07-27,50,1.6,NA
2015-07-27,50,2.8,NA
2015-07-27,50,3.8,NA
2015-07-27,50,5,NA
2015-07-27,50,5.2,NA
2015-07-27,50,5.5,NA
2015-07-27,50,5.8,NA
2015-07-27,50,6,NA
2015-07-27,50,6.2,NA
2015-07-27,50,8,NA
2015-07-27,50,9,NA
2015-07-27,50,9.3,NA
2015-07-30,50,0.1,-0.88335082090446
2015-07-30,50,0.8,-0.88335082090446
2015-07-30,50,1.6,-0.88335082090446
2015-07-30,50,2.8,-0.88335082090446
2015-07-30,50,3.8,-0.88335082090446
2015-07-30,50,5,-0.88335082090446
2015-07-30,50,5.2,-0.88335082090446
2015-07-30,50,5.5,-0.88335082090446
2015-07-30,50,5.8,-0.88335082090446
2015-07-30,50,6,-0.88335082090446
2015-07-30,50,6.2,-0.88335082090446
2015-07-30,50,8,-0.88335082090446
2015-07-30,50,9,-0.88335082090446
2015-07-30,50,9.3,-0.88335082090446
2015-08-03,50,0.1,-0.963636391872722
2015-08-03,50,0.8,-0.963636391872722
2015-08-03,50,1.6,-0.963636391872722
2015-08-03,50,2.8,-0.963636391872722
2015-08-03,50,3.8,-0.963636391872722
2015-08-03,50,5,-0.963636391872722
2015-08-03,50,5.2,-0.963636391872722
2015-08-03,50,5.5,-0.963636391872722
2015-08-03,50,5.8,-0.963636391872722
2015-08-03,50,6,-0.963636391872722
2015-08-03,50,6.2,-0.963636391872722
2015-08-03,50,8,-0.963636391872722
2015-08-03,50,9,-0.963636391872722
2015-08-03,50,9.3,-0.963636391872722
2015-08-08,50,0.1,NA
2015-08-08,50,0.8,NA
2015-08-08,50,1.6,NA
2015-08-08,50,2.8,NA
2015-08-08,50,3.8,NA
2015-08-08,50,5,NA
2015-08-08,50,5.2,NA
2015-08-08,50,5.5,NA
2015-08-08,50,5.8,NA
2015-08-08,50,6,NA
2015-08-08,50,6.2,NA
2015-08-08,50,8,NA
2015-08-08,50,9,NA
2015-08-08,50,9.3,NA
2015-08-15,50,0.1,NA
2015-08-15,50,0.8,NA
2015-08-15,50,1.6,NA
2015-08-15,50,2.8,NA
2015-08-15,50,3.8,NA
2015-08-15,50,5,NA
2015-08-15,50,5.2,NA
2015-08-15,50,5.5,NA
2015-08-15,50,5.8,NA
2015-08-15,50,6,NA
2015-08-15,50,6.2,NA
2015-08-15,50,8,NA
2015-08-15,50,9,NA
2015-08-15,50,9.3,NA
2015-08-22,50,0.1,NA
2015-08-22,50,0.8,NA
2015-08-22,50,1.6,NA
2015-08-22,50,2.8,NA
2015-08-22,50,3.8,NA
2015-08-22,50,5,NA
2015-08-22,50,5.2,NA
2015-08-22,50,5.5,NA
2015-08-22,50,5.8,NA
2015-08-22,50,6,NA
2015-08-22,50,6.2,NA
2015-08-22,50,8,NA
2015-08-22,50,9,NA
2015-08-22,50,9.3,NA
2015-08-31,50,0.1,-0.595076501578043
2015-08-31,50,0.8,-0.595076501578043
2015-08-31,50,1.6,-0.595076501578043
2015-08-31,50,2.8,-0.595076501578043
2015-08-31,50,3.8,-0.595076501578043
2015-08-31,50,5,-0.595076501578043
2015-08-31,50,5.2,-0.595076501578043
2015-08-31,50,5.5,-0.595076501578043
2015-08-31,50,5.8,-0.595076501578043
2015-08-31,50,6,-0.595076501578043
2015-08-31,50,6.2,-0.595076501578043
2015-08-31,50,8,-0.595076501578043
2015-08-31,50,9,-0.595076501578043
2015-08-31,50,9.3,-0.595076501578043
2015-09-04,50,0.1,-0.857889397754698
2015-09-04,50,0.8,-0.857889397754698
2015-09-04,50,1.6,-0.857889397754698
2015-09-04,50,2.8,-0.857889397754698
2015-09-04,50,3.8,-0.857889397754698
2015-09-04,50,5,-0.857889397754698
2015-09-04,50,5.2,-0.857889397754698
2015-09-04,50,5.5,-0.857889397754698
2015-09-04,50,5.8,-0.857889397754698
2015-09-04,50,6,-0.857889397754698
2015-09-04,50,6.2,-0.857889397754698
2015-09-04,50,8,-0.857889397754698
2015-09-04,50,9,-0.857889397754698
2015-09-04,50,9.3,-0.857889397754698
2015-09-07,50,0.1,NA
2015-09-07,50,0.8,NA
2015-09-07,50,1.6,NA
2015-09-07,50,2.8,NA
2015-09-07,50,3.8,NA
2015-09-07,50,5,NA
2015-09-07,50,5.2,NA
2015-09-07,50,5.5,NA
2015-09-07,50,5.8,NA
2015-09-07,50,6,NA
2015-09-07,50,6.2,NA
2015-09-07,50,8,NA
2015-09-07,50,9,NA
2015-09-07,50,9.3,NA
2015-09-14,50,0.1,-0.560677915024825
2015-09-14,50,0.8,-0.560677915024825
2015-09-14,50,1.6,-0.560677915024825
2015-09-14,50,2.8,-0.560677915024825
2015-09-14,50,3.8,-0.560677915024825
2015-09-14,50,5,-0.560677915024825
2015-09-14,50,5.2,-0.560677915024825
2015-09-14,50,5.5,-0.560677915024825
2015-09-14,50,5.8,-0.560677915024825
2015-09-14,50,6,-0.560677915024825
2015-09-14,50,6.2,-0.560677915024825
2015-09-14,50,8,-0.560677915024825
2015-09-14,50,9,-0.560677915024825
2015-09-14,50,9.3,-0.560677915024825
2015-09-18,50,0.1,-1.15513857001914
2015-09-18,50,0.8,-1.15513857001914
2015-09-18,50,1.6,-1.15513857001914
2015-09-18,50,2.8,-1.15513857001914
2015-09-18,50,3.8,-1.15513857001914
2015-09-18,50,5,-1.15513857001914
2015-09-18,50,5.2,-1.15513857001914
2015-09-18,50,5.5,-1.15513857001914
2015-09-18,50,5.8,-1.15513857001914
2015-09-18,50,6,-1.15513857001914
2015-09-18,50,6.2,-1.15513857001914
2015-09-18,50,8,-1.15513857001914
2015-09-18,50,9,-1.15513857001914
2015-09-18,50,9.3,-1.15513857001914
2015-09-21,50,0.1,-0.822866030520691
2015-09-21,50,0.8,-0.822866030520691
2015-09-21,50,1.6,-0.822866030520691
2015-09-21,50,2.8,-0.822866030520691
2015-09-21,50,3.8,-0.822866030520691
2015-09-21,50,5,-0.822866030520691
2015-09-21,50,5.2,-0.822866030520691
2015-09-21,50,5.5,-0.822866030520691
2015-09-21,50,5.8,-0.822866030520691
2015-09-21,50,6,-0.822866030520691
2015-09-21,50,6.2,-0.822866030520691
2015-09-21,50,8,-0.822866030520691
2015-09-21,50,9,-0.822866030520691
2015-09-21,50,9.3,-0.822866030520691
2015-09-28,50,0.1,-0.716756427033475
2015-09-28,50,0.8,-0.716756427033475
2015-09-28,50,1.6,-0.716756427033475
2015-09-28,50,2.8,-0.716756427033475
2015-09-28,50,3.8,-0.716756427033475
2015-09-28,50,5,-0.716756427033475
2015-09-28,50,5.2,-0.716756427033475
2015-09-28,50,5.5,-0.716756427033475
2015-09-28,50,5.8,-0.716756427033475
2015-09-28,50,6,-0.716756427033475
2015-09-28,50,6.2,-0.716756427033475
2015-09-28,50,8,-0.716756427033475
2015-09-28,50,9,-0.716756427033475
2015-09-28,50,9.3,-0.716756427033475
2015-10-02,50,0.1,NA
2015-10-02,50,0.8,NA
2015-10-02,50,1.6,NA
2015-10-02,50,2.8,NA
2015-10-02,50,3.8,NA
2015-10-02,50,5,NA
2015-10-02,50,5.2,NA
2015-10-02,50,5.5,NA
2015-10-02,50,5.8,NA
2015-10-02,50,6,NA
2015-10-02,50,6.2,NA
2015-10-02,50,8,NA
2015-10-02,50,9,NA
2015-10-02,50,9.3,NA
2015-10-05,50,0.1,NA
2015-10-05,50,0.8,NA
2015-10-05,50,1.6,NA
2015-10-05,50,2.8,NA
2015-10-05,50,3.8,NA
2015-10-05,50,5,NA
2015-10-05,50,5.2,NA
2015-10-05,50,5.5,NA
2015-10-05,50,5.8,NA
2015-10-05,50,6,NA
2015-10-05,50,6.2,NA
2015-10-05,50,8,NA
2015-10-05,50,9,NA
2015-10-05,50,9.3,NA
2015-10-12,50,0.1,NA
2015-10-12,50,0.8,NA
2015-10-12,50,1.6,NA
2015-10-12,50,2.8,NA
2015-10-12,50,3.8,NA
2015-10-12,50,5,NA
2015-10-12,50,5.2,NA
2015-10-12,50,5.5,NA
2015-10-12,50,5.8,NA
2015-10-12,50,6,NA
2015-10-12,50,6.2,NA
2015-10-12,50,8,NA
2015-10-12,50,9,NA
2015-10-12,50,9.3,NA
2015-10-19,50,0.1,-0.991926672224881
2015-10-19,50,0.8,-0.991926672224881
2015-10-19,50,1.6,-0.991926672224881
2015-10-19,50,2.8,-0.991926672224881
2015-10-19,50,3.8,-0.991926672224881
2015-10-19,50,5,-0.991926672224881
2015-10-19,50,5.2,-0.991926672224881
2015-10-19,50,5.5,-0.991926672224881
2015-10-19,50,5.8,-0.991926672224881
2015-10-19,50,6,-0.991926672224881
2015-10-19,50,6.2,-0.991926672224881
2015-10-19,50,8,-0.991926672224881
2015-10-19,50,9,-0.991926672224881
2015-10-19,50,9.3,-0.991926672224881
2015-10-23,50,0.1,-1.05595677343814
2015-10-23,50,0.8,-1.05595677343814
2015-10-23,50,1.6,-1.05595677343814
2015-10-23,50,2.8,-1.05595677343814
2015-10-23,50,3.8,-1.05595677343814
2015-10-23,50,5,-1.05595677343814
2015-10-23,50,5.2,-1.05595677343814
2015-10-23,50,5.5,-1.05595677343814
2015-10-23,50,5.8,-1.05595677343814
2015-10-23,50,6,-1.05595677343814
2015-10-23,50,6.2,-1.05595677343814
2015-10-23,50,8,-1.05595677343814
2015-10-23,50,9,-1.05595677343814
2015-10-23,50,9.3,-1.05595677343814
2015-10-30,50,0.1,NA
2015-10-30,50,0.8,NA
2015-10-30,50,1.6,NA
2015-10-30,50,2.8,NA
2015-10-30,50,3.8,NA
2015-10-30,50,5,NA
2015-10-30,50,5.2,NA
2015-10-30,50,5.5,NA
2015-10-30,50,5.8,NA
2015-10-30,50,6,NA
2015-10-30,50,6.2,NA
2015-10-30,50,8,NA
2015-10-30,50,9,NA
2015-10-30,50,9.3,NA
2015-12-07,50,0.1,-1.08560866583633
2015-12-07,50,0.8,-1.08560866583633
2015-12-07,50,1.6,-1.08560866583633
2015-12-07,50,2.8,-1.08560866583633
2015-12-07,50,3.8,-1.08560866583633
2015-12-07,50,5,-1.08560866583633
2015-12-07,50,5.2,-1.08560866583633
2015-12-07,50,5.5,-1.08560866583633
2015-12-07,50,5.8,-1.08560866583633
2015-12-07,50,6,-1.08560866583633
2015-12-07,50,6.2,-1.08560866583633
2015-12-07,50,8,-1.08560866583633
2015-12-07,50,9,-1.08560866583633
2015-12-07,50,9.3,-1.08560866583633
2016-05-12,50,0.1,-1.47501252568168
2016-05-12,50,0.8,-1.47501252568168
2016-05-12,50,1.6,-1.47501252568168
2016-05-12,50,2.8,-1.47501252568168
2016-05-12,50,3.8,-1.47501252568168
2016-05-12,50,5,-1.47501252568168
2016-05-12,50,5.2,-1.47501252568168
2016-05-12,50,5.5,-1.47501252568168
2016-05-12,50,5.8,-1.47501252568168
2016-05-12,50,6,-1.47501252568168
2016-05-12,50,6.2,-1.47501252568168
2016-05-12,50,8,-1.47501252568168
2016-05-12,50,9,-1.47501252568168
2016-05-12,50,9.3,-1.47501252568168
2016-05-16,50,0.1,-1.44407754143547
2016-05-16,50,0.8,-1.44407754143547
2016-05-16,50,1.6,-1.44407754143547
2016-05-16,50,2.8,-1.44407754143547
2016-05-16,50,3.8,-1.44407754143547
2016-05-16,50,5,-1.44407754143547
2016-05-16,50,5.2,-1.44407754143547
2016-05-16,50,5.5,-1.44407754143547
2016-05-16,50,5.8,-1.44407754143547
2016-05-16,50,6,-1.44407754143547
2016-05-16,50,6.2,-1.44407754143547
2016-05-16,50,8,-1.44407754143547
2016-05-16,50,9,-1.44407754143547
2016-05-16,50,9.3,-1.44407754143547
2016-05-19,50,0.1,-1.2649007083525
2016-05-19,50,0.8,-1.2649007083525
2016-05-19,50,1.6,-1.2649007083525
2016-05-19,50,2.8,-1.2649007083525
2016-05-19,50,3.8,-1.2649007083525
2016-05-19,50,5,-1.2649007083525
2016-05-19,50,5.2,-1.2649007083525
2016-05-19,50,5.5,-1.2649007083525
2016-05-19,50,5.8,-1.2649007083525
2016-05-19,50,6,-1.2649007083525
2016-05-19,50,6.2,-1.2649007083525
2016-05-19,50,8,-1.2649007083525
2016-05-19,50,9,-1.2649007083525
2016-05-19,50,9.3,-1.2649007083525
2016-05-23,50,0.1,-1.03625791112179
2016-05-23,50,0.8,-1.03625791112179
2016-05-23,50,1.6,-1.03625791112179
2016-05-23,50,2.8,-1.03625791112179
2016-05-23,50,3.8,-1.03625791112179
2016-05-23,50,5,-1.03625791112179
2016-05-23,50,5.2,-1.03625791112179
2016-05-23,50,5.5,-1.03625791112179
2016-05-23,50,5.8,-1.03625791112179
2016-05-23,50,6,-1.03625791112179
2016-05-23,50,6.2,-1.03625791112179
2016-05-23,50,8,-1.03625791112179
2016-05-23,50,9,-1.03625791112179
2016-05-23,50,9.3,-1.03625791112179
2016-05-26,50,0.1,-1.11796292001181
2016-05-26,50,0.8,-1.11796292001181
2016-05-26,50,1.6,-1.11796292001181
2016-05-26,50,2.8,-1.11796292001181
2016-05-26,50,3.8,-1.11796292001181
2016-05-26,50,5,-1.11796292001181
2016-05-26,50,5.2,-1.11796292001181
2016-05-26,50,5.5,-1.11796292001181
2016-05-26,50,5.8,-1.11796292001181
2016-05-26,50,6,-1.11796292001181
2016-05-26,50,6.2,-1.11796292001181
2016-05-26,50,8,-1.11796292001181
2016-05-26,50,9,-1.11796292001181
2016-05-26,50,9.3,-1.11796292001181
2016-05-29,50,0.1,-1.38961936091559
2016-05-29,50,0.8,-1.38961936091559
2016-05-29,50,1.6,-1.38961936091559
2016-05-29,50,2.8,-1.38961936091559
2016-05-29,50,3.8,-1.38961936091559
2016-05-29,50,5,-1.38961936091559
2016-05-29,50,5.2,-1.38961936091559
2016-05-29,50,5.5,-1.38961936091559
2016-05-29,50,5.8,-1.38961936091559
2016-05-29,50,6,-1.38961936091559
2016-05-29,50,6.2,-1.38961936091559
2016-05-29,50,8,-1.38961936091559
2016-05-29,50,9,-1.38961936091559
2016-05-29,50,9.3,-1.38961936091559
2016-05-30,50,0.1,-1.12051768819156
2016-05-30,50,0.1,-1.12051768819156
2016-05-30,50,0.1,-1.12051768819156
2016-05-30,50,0.1,-1.12051768819156
2016-05-30,50,0.1,-1.12051768819156
2016-05-30,50,0.1,-1.12051768819156
2016-05-30,50,0.1,-1.12051768819156
2016-05-30,50,0.1,-1.12051768819156
2016-05-30,50,0.8,-1.12051768819156
2016-05-30,50,0.8,-1.12051768819156
2016-05-30,50,1.6,-1.12051768819156
2016-05-30,50,1.6,-1.12051768819156
2016-05-30,50,1.6,-1.12051768819156
2016-05-30,50,1.6,-1.12051768819156
2016-05-30,50,1.6,-1.12051768819156
2016-05-30,50,1.6,-1.12051768819156
2016-05-30,50,1.6,-1.12051768819156
2016-05-30,50,1.6,-1.12051768819156
2016-05-30,50,2.8,-1.12051768819156
2016-05-30,50,2.8,-1.12051768819156
2016-05-30,50,3.8,-1.12051768819156
2016-05-30,50,3.8,-1.12051768819156
2016-05-30,50,3.8,-1.12051768819156
2016-05-30,50,3.8,-1.12051768819156
2016-05-30,50,3.8,-1.12051768819156
2016-05-30,50,3.8,-1.12051768819156
2016-05-30,50,3.8,-1.12051768819156
2016-05-30,50,3.8,-1.12051768819156
2016-05-30,50,5,-1.12051768819156
2016-05-30,50,5,-1.12051768819156
2016-05-30,50,5,-1.12051768819156
2016-05-30,50,5,-1.12051768819156
2016-05-30,50,5,-1.12051768819156
2016-05-30,50,5,-1.12051768819156
2016-05-30,50,5,-1.12051768819156
2016-05-30,50,5,-1.12051768819156
2016-05-30,50,5.2,-1.12051768819156
2016-05-30,50,5.2,-1.12051768819156
2016-05-30,50,5.5,-1.12051768819156
2016-05-30,50,5.5,-1.12051768819156
2016-05-30,50,5.8,-1.12051768819156
2016-05-30,50,5.8,-1.12051768819156
2016-05-30,50,6,-1.12051768819156
2016-05-30,50,6,-1.12051768819156
2016-05-30,50,6.2,-1.12051768819156
2016-05-30,50,6.2,-1.12051768819156
2016-05-30,50,6.2,-1.12051768819156
2016-05-30,50,6.2,-1.12051768819156
2016-05-30,50,6.2,-1.12051768819156
2016-05-30,50,6.2,-1.12051768819156
2016-05-30,50,6.2,-1.12051768819156
2016-05-30,50,6.2,-1.12051768819156
2016-05-30,50,8,-1.12051768819156
2016-05-30,50,8,-1.12051768819156
2016-05-30,50,8,-1.12051768819156
2016-05-30,50,8,-1.12051768819156
2016-05-30,50,8,-1.12051768819156
2016-05-30,50,8,-1.12051768819156
2016-05-30,50,8,-1.12051768819156
2016-05-30,50,8,-1.12051768819156
2016-05-30,50,9,-1.12051768819156
2016-05-30,50,9,-1.12051768819156
2016-05-30,50,9,-1.12051768819156
2016-05-30,50,9,-1.12051768819156
2016-05-30,50,9,-1.12051768819156
2016-05-30,50,9,-1.12051768819156
2016-05-30,50,9,-1.12051768819156
2016-05-30,50,9,-1.12051768819156
2016-05-30,50,9.3,-1.12051768819156
2016-05-30,50,9.3,-1.12051768819156
2016-05-31,50,0.1,-1.06608767218703
2016-05-31,50,0.8,-1.06608767218703
2016-05-31,50,1.6,-1.06608767218703
2016-05-31,50,2.8,-1.06608767218703
2016-05-31,50,3.8,-1.06608767218703
2016-05-31,50,5,-1.06608767218703
2016-05-31,50,5.2,-1.06608767218703
2016-05-31,50,5.5,-1.06608767218703
2016-05-31,50,5.8,-1.06608767218703
2016-05-31,50,6,-1.06608767218703
2016-05-31,50,6.2,-1.06608767218703
2016-05-31,50,8,-1.06608767218703
2016-05-31,50,9,-1.06608767218703
2016-05-31,50,9.3,-1.06608767218703
2016-06-01,50,0.1,NA
2016-06-01,50,0.8,NA
2016-06-01,50,1.6,NA
2016-06-01,50,2.8,NA
2016-06-01,50,3.8,NA
2016-06-01,50,5,NA
2016-06-01,50,5.2,NA
2016-06-01,50,5.5,NA
2016-06-01,50,5.8,NA
2016-06-01,50,6,NA
2016-06-01,50,6.2,NA
2016-06-01,50,8,NA
2016-06-01,50,9,NA
2016-06-01,50,9.3,NA
2016-06-02,50,0.1,-1.09137517741531
2016-06-02,50,0.8,-1.09137517741531
2016-06-02,50,1.6,-1.09137517741531
2016-06-02,50,2.8,-1.09137517741531
2016-06-02,50,3.8,-1.09137517741531
2016-06-02,50,5,-1.09137517741531
2016-06-02,50,5.2,-1.09137517741531
2016-06-02,50,5.5,-1.09137517741531
2016-06-02,50,5.8,-1.09137517741531
2016-06-02,50,6,-1.09137517741531
2016-06-02,50,6.2,-1.09137517741531
2016-06-02,50,8,-1.09137517741531
2016-06-02,50,9,-1.09137517741531
2016-06-02,50,9.3,-1.09137517741531
2016-06-03,50,0.1,NA
2016-06-03,50,0.8,NA
2016-06-03,50,1.6,NA
2016-06-03,50,2.8,NA
2016-06-03,50,3.8,NA
2016-06-03,50,5,NA
2016-06-03,50,5.2,NA
2016-06-03,50,5.5,NA
2016-06-03,50,5.8,NA
2016-06-03,50,6,NA
2016-06-03,50,6.2,NA
2016-06-03,50,8,NA
2016-06-03,50,9,NA
2016-06-03,50,9.3,NA
2016-06-06,50,0.1,-0.932858925301486
2016-06-06,50,0.8,-0.932858925301486
2016-06-06,50,1.6,-0.932858925301486
2016-06-06,50,2.8,-0.932858925301486
2016-06-06,50,3.8,-0.932858925301486
2016-06-06,50,5,-0.932858925301486
2016-06-06,50,5.2,-0.932858925301486
2016-06-06,50,5.5,-0.932858925301486
2016-06-06,50,5.8,-0.932858925301486
2016-06-06,50,6,-0.932858925301486
2016-06-06,50,6.2,-0.932858925301486
2016-06-06,50,8,-0.932858925301486
2016-06-06,50,9,-0.932858925301486
2016-06-06,50,9.3,-0.932858925301486
2016-06-07,50,0.1,NA
2016-06-07,50,0.8,NA
2016-06-07,50,1.6,NA
2016-06-07,50,2.8,NA
2016-06-07,50,3.8,NA
2016-06-07,50,5,NA
2016-06-07,50,5.2,NA
2016-06-07,50,5.5,NA
2016-06-07,50,5.8,NA
2016-06-07,50,6,NA
2016-06-07,50,6.2,NA
2016-06-07,50,8,NA
2016-06-07,50,9,NA
2016-06-07,50,9.3,NA
2016-06-08,50,0.1,-1.12239958155014
2016-06-08,50,0.8,-1.12239958155014
2016-06-08,50,1.6,-1.12239958155014
2016-06-08,50,2.8,-1.12239958155014
2016-06-08,50,3.8,-1.12239958155014
2016-06-08,50,5,-1.12239958155014
2016-06-08,50,5.2,-1.12239958155014
2016-06-08,50,5.5,-1.12239958155014
2016-06-08,50,5.8,-1.12239958155014
2016-06-08,50,6,-1.12239958155014
2016-06-08,50,6.2,-1.12239958155014
2016-06-08,50,8,-1.12239958155014
2016-06-08,50,9,-1.12239958155014
2016-06-08,50,9.3,-1.12239958155014
2016-06-09,50,0.1,NA
2016-06-09,50,0.8,NA
2016-06-09,50,1.6,NA
2016-06-09,50,2.8,NA
2016-06-09,50,3.8,NA
2016-06-09,50,5,NA
2016-06-09,50,5.2,NA
2016-06-09,50,5.5,NA
2016-06-09,50,5.8,NA
2016-06-09,50,6,NA
2016-06-09,50,6.2,NA
2016-06-09,50,8,NA
2016-06-09,50,9,NA
2016-06-09,50,9.3,NA
2016-06-13,50,0.1,-1.25691578017248
2016-06-13,50,0.8,-1.25691578017248
2016-06-13,50,1.6,-1.25691578017248
2016-06-13,50,2.8,-1.25691578017248
2016-06-13,50,3.8,-1.25691578017248
2016-06-13,50,5,-1.25691578017248
2016-06-13,50,5.2,-1.25691578017248
2016-06-13,50,5.5,-1.25691578017248
2016-06-13,50,5.8,-1.25691578017248
2016-06-13,50,6,-1.25691578017248
2016-06-13,50,6.2,-1.25691578017248
2016-06-13,50,8,-1.25691578017248
2016-06-13,50,9,-1.25691578017248
2016-06-13,50,9.3,-1.25691578017248
2016-06-20,50,0.1,-1.10531932754858
2016-06-20,50,0.8,-1.10531932754858
2016-06-20,50,1.6,-1.10531932754858
2016-06-20,50,2.8,-1.10531932754858
2016-06-20,50,3.8,-1.10531932754858
2016-06-20,50,5,-1.10531932754858
2016-06-20,50,5.2,-1.10531932754858
2016-06-20,50,5.5,-1.10531932754858
2016-06-20,50,5.8,-1.10531932754858
2016-06-20,50,6,-1.10531932754858
2016-06-20,50,6.2,-1.10531932754858
2016-06-20,50,8,-1.10531932754858
2016-06-20,50,9,-1.10531932754858
2016-06-20,50,9.3,-1.10531932754858
2016-06-23,50,0.1,NA
2016-06-23,50,0.8,NA
2016-06-23,50,1.6,NA
2016-06-23,50,2.8,NA
2016-06-23,50,3.8,NA
2016-06-23,50,5,NA
2016-06-23,50,5.2,NA
2016-06-23,50,5.5,NA
2016-06-23,50,5.8,NA
2016-06-23,50,6,NA
2016-06-23,50,6.2,NA
2016-06-23,50,8,NA
2016-06-23,50,9,NA
2016-06-23,50,9.3,NA
2016-06-26,50,0.1,NA
2016-06-26,50,0.8,NA
2016-06-26,50,1.6,NA
2016-06-26,50,2.8,NA
2016-06-26,50,3.8,NA
2016-06-26,50,5,NA
2016-06-26,50,5.2,NA
2016-06-26,50,5.5,NA
2016-06-26,50,5.8,NA
2016-06-26,50,6,NA
2016-06-26,50,6.2,NA
2016-06-26,50,8,NA
2016-06-26,50,9,NA
2016-06-26,50,9.3,NA
2016-06-27,50,0.1,NA
2016-06-27,50,0.8,NA
2016-06-27,50,1.6,NA
2016-06-27,50,2.8,NA
2016-06-27,50,3.8,NA
2016-06-27,50,5,NA
2016-06-27,50,5.2,NA
2016-06-27,50,5.5,NA
2016-06-27,50,5.8,NA
2016-06-27,50,6,NA
2016-06-27,50,6.2,NA
2016-06-27,50,8,NA
2016-06-27,50,9,NA
2016-06-27,50,9.3,NA
2016-06-28,50,0.1,-0.997038332586055
2016-06-28,50,0.8,-0.997038332586055
2016-06-28,50,1.6,-0.997038332586055
2016-06-28,50,2.8,-0.997038332586055
2016-06-28,50,3.8,-0.997038332586055
2016-06-28,50,5,-0.997038332586055
2016-06-28,50,5.2,-0.997038332586055
2016-06-28,50,5.5,-0.997038332586055
2016-06-28,50,5.8,-0.997038332586055
2016-06-28,50,6,-0.997038332586055
2016-06-28,50,6.2,-0.997038332586055
2016-06-28,50,8,-0.997038332586055
2016-06-28,50,9,-0.997038332586055
2016-06-28,50,9.3,-0.997038332586055
2016-06-30,50,0.1,-0.964463563756359
2016-06-30,50,0.8,-0.964463563756359
2016-06-30,50,1.6,-0.964463563756359
2016-06-30,50,2.8,-0.964463563756359
2016-06-30,50,3.8,-0.964463563756359
2016-06-30,50,5,-0.964463563756359
2016-06-30,50,5.2,-0.964463563756359
2016-06-30,50,5.5,-0.964463563756359
2016-06-30,50,5.8,-0.964463563756359
2016-06-30,50,6,-0.964463563756359
2016-06-30,50,6.2,-0.964463563756359
2016-06-30,50,8,-0.964463563756359
2016-06-30,50,9,-0.964463563756359
2016-06-30,50,9.3,-0.964463563756359
2016-07-05,50,0.1,-1.41928031614346
2016-07-05,50,0.8,-1.41928031614346
2016-07-05,50,1.6,-1.41928031614346
2016-07-05,50,2.8,-1.41928031614346
2016-07-05,50,3.8,-1.41928031614346
2016-07-05,50,5,-1.41928031614346
2016-07-05,50,5.2,-1.41928031614346
2016-07-05,50,5.5,-1.41928031614346
2016-07-05,50,5.8,-1.41928031614346
2016-07-05,50,6,-1.41928031614346
2016-07-05,50,6.2,-1.41928031614346
2016-07-05,50,8,-1.41928031614346
2016-07-05,50,9,-1.41928031614346
2016-07-05,50,9.3,-1.41928031614346
2016-07-07,50,0.1,-0.841681325866981
2016-07-07,50,0.8,-0.841681325866981
2016-07-07,50,1.6,-0.841681325866981
2016-07-07,50,2.8,-0.841681325866981
2016-07-07,50,3.8,-0.841681325866981
2016-07-07,50,5,-0.841681325866981
2016-07-07,50,5.2,-0.841681325866981
2016-07-07,50,5.5,-0.841681325866981
2016-07-07,50,5.8,-0.841681325866981
2016-07-07,50,6,-0.841681325866981
2016-07-07,50,6.2,-0.841681325866981
2016-07-07,50,8,-0.841681325866981
2016-07-07,50,9,-0.841681325866981
2016-07-07,50,9.3,-0.841681325866981
2016-07-11,50,0.1,-0.948628016729081
2016-07-11,50,0.8,-0.948628016729081
2016-07-11,50,1.6,-0.948628016729081
2016-07-11,50,2.8,-0.948628016729081
2016-07-11,50,3.8,-0.948628016729081
2016-07-11,50,5,-0.948628016729081
2016-07-11,50,5.2,-0.948628016729081
2016-07-11,50,5.5,-0.948628016729081
2016-07-11,50,5.8,-0.948628016729081
2016-07-11,50,6,-0.948628016729081
2016-07-11,50,6.2,-0.948628016729081
2016-07-11,50,8,-0.948628016729081
2016-07-11,50,9,-0.948628016729081
2016-07-11,50,9.3,-0.948628016729081
2016-07-14,50,0.1,-0.843339311775029
2016-07-14,50,0.8,-0.843339311775029
2016-07-14,50,1.6,-0.843339311775029
2016-07-14,50,2.8,-0.843339311775029
2016-07-14,50,3.8,-0.843339311775029
2016-07-14,50,5,-0.843339311775029
2016-07-14,50,5.2,-0.843339311775029
2016-07-14,50,5.5,-0.843339311775029
2016-07-14,50,5.8,-0.843339311775029
2016-07-14,50,6,-0.843339311775029
2016-07-14,50,6.2,-0.843339311775029
2016-07-14,50,8,-0.843339311775029
2016-07-14,50,9,-0.843339311775029
2016-07-14,50,9.3,-0.843339311775029
2016-07-18,50,0.1,-0.90482497353712
2016-07-18,50,0.8,-0.90482497353712
2016-07-18,50,1.6,-0.90482497353712
2016-07-18,50,2.8,-0.90482497353712
2016-07-18,50,3.8,-0.90482497353712
2016-07-18,50,5,-0.90482497353712
2016-07-18,50,5.2,-0.90482497353712
2016-07-18,50,5.5,-0.90482497353712
2016-07-18,50,5.8,-0.90482497353712
2016-07-18,50,6,-0.90482497353712
2016-07-18,50,6.2,-0.90482497353712
2016-07-18,50,8,-0.90482497353712
2016-07-18,50,9,-0.90482497353712
2016-07-18,50,9.3,-0.90482497353712
2016-07-21,50,0.1,-0.847677785513885
2016-07-21,50,0.8,-0.847677785513885
2016-07-21,50,1.6,-0.847677785513885
2016-07-21,50,2.8,-0.847677785513885
2016-07-21,50,3.8,-0.847677785513885
2016-07-21,50,5,-0.847677785513885
2016-07-21,50,5.2,-0.847677785513885
2016-07-21,50,5.5,-0.847677785513885
2016-07-21,50,5.8,-0.847677785513885
2016-07-21,50,6,-0.847677785513885
2016-07-21,50,6.2,-0.847677785513885
2016-07-21,50,8,-0.847677785513885
2016-07-21,50,9,-0.847677785513885
2016-07-21,50,9.3,-0.847677785513885
2016-07-24,50,0.1,-0.894088055783721
2016-07-24,50,0.8,-0.894088055783721
2016-07-24,50,1.6,-0.894088055783721
2016-07-24,50,2.8,-0.894088055783721
2016-07-24,50,3.8,-0.894088055783721
2016-07-24,50,5,-0.894088055783721
2016-07-24,50,5.2,-0.894088055783721
2016-07-24,50,5.5,-0.894088055783721
2016-07-24,50,5.8,-0.894088055783721
2016-07-24,50,6,-0.894088055783721
2016-07-24,50,6.2,-0.894088055783721
2016-07-24,50,8,-0.894088055783721
2016-07-24,50,9,-0.894088055783721
2016-07-24,50,9.3,-0.894088055783721
2016-07-25,50,0.1,-1.00833402795363
2016-07-25,50,0.1,-1.00833402795363
2016-07-25,50,0.8,-1.00833402795363
2016-07-25,50,1.6,-1.00833402795363
2016-07-25,50,2.8,-1.00833402795363
2016-07-25,50,3.8,-1.00833402795363
2016-07-25,50,5,-1.00833402795363
2016-07-25,50,5.2,-1.00833402795363
2016-07-25,50,5.5,-1.00833402795363
2016-07-25,50,5.8,-1.00833402795363
2016-07-25,50,6,-1.00833402795363
2016-07-25,50,6.2,-1.00833402795363
2016-07-25,50,8,-1.00833402795363
2016-07-25,50,8,-1.00833402795363
2016-07-25,50,9,-1.00833402795363
2016-07-25,50,9.3,-1.00833402795363
2016-07-26,50,0.1,NA
2016-07-26,50,0.8,NA
2016-07-26,50,1.6,NA
2016-07-26,50,2.8,NA
2016-07-26,50,3.8,NA
2016-07-26,50,5,NA
2016-07-26,50,5.2,NA
2016-07-26,50,5.5,NA
2016-07-26,50,5.8,NA
2016-07-26,50,6,NA
2016-07-26,50,6.2,NA
2016-07-26,50,8,NA
2016-07-26,50,9,NA
2016-07-26,50,9.3,NA
2016-07-28,50,0.1,-0.81401256497592
2016-07-28,50,0.8,-0.81401256497592
2016-07-28,50,1.6,-0.81401256497592
2016-07-28,50,2.8,-0.81401256497592
2016-07-28,50,3.8,-0.81401256497592
2016-07-28,50,5,-0.81401256497592
2016-07-28,50,5.2,-0.81401256497592
2016-07-28,50,5.5,-0.81401256497592
2016-07-28,50,5.8,-0.81401256497592
2016-07-28,50,6,-0.81401256497592
2016-07-28,50,6.2,-0.81401256497592
2016-07-28,50,8,-0.81401256497592
2016-07-28,50,9,-0.81401256497592
2016-07-28,50,9.3,-0.81401256497592
2016-08-01,50,0.1,-0.881871502940751
2016-08-01,50,0.8,-0.881871502940751
2016-08-01,50,1.6,-0.881871502940751
2016-08-01,50,2.8,-0.881871502940751
2016-08-01,50,3.8,-0.881871502940751
2016-08-01,50,5,-0.881871502940751
2016-08-01,50,5.2,-0.881871502940751
2016-08-01,50,5.5,-0.881871502940751
2016-08-01,50,5.8,-0.881871502940751
2016-08-01,50,6,-0.881871502940751
2016-08-01,50,6.2,-0.881871502940751
2016-08-01,50,8,-0.881871502940751
2016-08-01,50,9,-0.881871502940751
2016-08-01,50,9.3,-0.881871502940751
2016-08-08,50,0.1,-1.18154118183702
2016-08-08,50,0.8,-1.18154118183702
2016-08-08,50,1.6,-1.18154118183702
2016-08-08,50,2.8,-1.18154118183702
2016-08-08,50,3.8,-1.18154118183702
2016-08-08,50,5,-1.18154118183702
2016-08-08,50,5.2,-1.18154118183702
2016-08-08,50,5.5,-1.18154118183702
2016-08-08,50,5.8,-1.18154118183702
2016-08-08,50,6,-1.18154118183702
2016-08-08,50,6.2,-1.18154118183702
2016-08-08,50,8,-1.18154118183702
2016-08-08,50,9,-1.18154118183702
2016-08-08,50,9.3,-1.18154118183702
2016-08-11,50,0.1,-0.761519807559207
2016-08-11,50,0.8,-0.761519807559207
2016-08-11,50,1.6,-0.761519807559207
2016-08-11,50,2.8,-0.761519807559207
2016-08-11,50,3.8,-0.761519807559207
2016-08-11,50,5,-0.761519807559207
2016-08-11,50,5.2,-0.761519807559207
2016-08-11,50,5.5,-0.761519807559207
2016-08-11,50,5.8,-0.761519807559207
2016-08-11,50,6,-0.761519807559207
2016-08-11,50,6.2,-0.761519807559207
2016-08-11,50,8,-0.761519807559207
2016-08-11,50,9,-0.761519807559207
2016-08-11,50,9.3,-0.761519807559207
2016-08-15,50,0.1,-1.01235997599948
2016-08-15,50,0.8,-1.01235997599948
2016-08-15,50,1.6,-1.01235997599948
2016-08-15,50,2.8,-1.01235997599948
2016-08-15,50,3.8,-1.01235997599948
2016-08-15,50,5,-1.01235997599948
2016-08-15,50,5.2,-1.01235997599948
2016-08-15,50,5.5,-1.01235997599948
2016-08-15,50,5.8,-1.01235997599948
2016-08-15,50,6,-1.01235997599948
2016-08-15,50,6.2,-1.01235997599948
2016-08-15,50,8,-1.01235997599948
2016-08-15,50,9,-1.01235997599948
2016-08-15,50,9.3,-1.01235997599948
2016-08-18,50,0.1,-0.975088618812535
2016-08-18,50,0.8,-0.975088618812535
2016-08-18,50,1.6,-0.975088618812535
2016-08-18,50,2.8,-0.975088618812535
2016-08-18,50,3.8,-0.975088618812535
2016-08-18,50,5,-0.975088618812535
2016-08-18,50,5.2,-0.975088618812535
2016-08-18,50,5.5,-0.975088618812535
2016-08-18,50,5.8,-0.975088618812535
2016-08-18,50,6,-0.975088618812535
2016-08-18,50,6.2,-0.975088618812535
2016-08-18,50,8,-0.975088618812535
2016-08-18,50,9,-0.975088618812535
2016-08-18,50,9.3,-0.975088618812535
2016-08-23,50,0.1,-0.973353199911263
2016-08-23,50,0.8,-0.973353199911263
2016-08-23,50,1.6,-0.973353199911263
2016-08-23,50,2.8,-0.973353199911263
2016-08-23,50,3.8,-0.973353199911263
2016-08-23,50,5,-0.973353199911263
2016-08-23,50,5.2,-0.973353199911263
2016-08-23,50,5.5,-0.973353199911263
2016-08-23,50,5.8,-0.973353199911263
2016-08-23,50,6,-0.973353199911263
2016-08-23,50,6.2,-0.973353199911263
2016-08-23,50,8,-0.973353199911263
2016-08-23,50,9,-0.973353199911263
2016-08-23,50,9.3,-0.973353199911263
2016-08-26,50,0.1,-0.920353482644537
2016-08-26,50,0.8,-0.920353482644537
2016-08-26,50,1.6,-0.920353482644537
2016-08-26,50,2.8,-0.920353482644537
2016-08-26,50,3.8,-0.920353482644537
2016-08-26,50,5,-0.920353482644537
2016-08-26,50,5.2,-0.920353482644537
2016-08-26,50,5.5,-0.920353482644537
2016-08-26,50,5.8,-0.920353482644537
2016-08-26,50,6,-0.920353482644537
2016-08-26,50,6.2,-0.920353482644537
2016-08-26,50,8,-0.920353482644537
2016-08-26,50,9,-0.920353482644537
2016-08-26,50,9.3,-0.920353482644537
2016-09-02,50,0.1,-0.701326318862401
2016-09-02,50,0.8,-0.701326318862401
2016-09-02,50,1.6,-0.701326318862401
2016-09-02,50,2.8,-0.701326318862401
2016-09-02,50,3.8,-0.701326318862401
2016-09-02,50,5,-0.701326318862401
2016-09-02,50,5.2,-0.701326318862401
2016-09-02,50,5.5,-0.701326318862401
2016-09-02,50,5.8,-0.701326318862401
2016-09-02,50,6,-0.701326318862401
2016-09-02,50,6.2,-0.701326318862401
2016-09-02,50,8,-0.701326318862401
2016-09-02,50,9,-0.701326318862401
2016-09-02,50,9.3,-0.701326318862401
2016-09-06,50,0.1,-0.902378623099107
2016-09-06,50,0.8,-0.902378623099107
2016-09-06,50,1.6,-0.902378623099107
2016-09-06,50,2.8,-0.902378623099107
2016-09-06,50,3.8,-0.902378623099107
2016-09-06,50,5,-0.902378623099107
2016-09-06,50,5.2,-0.902378623099107
2016-09-06,50,5.5,-0.902378623099107
2016-09-06,50,5.8,-0.902378623099107
2016-09-06,50,6,-0.902378623099107
2016-09-06,50,6.2,-0.902378623099107
2016-09-06,50,8,-0.902378623099107
2016-09-06,50,9,-0.902378623099107
2016-09-06,50,9.3,-0.902378623099107
2016-09-09,50,0.1,-0.709436179470745
2016-09-09,50,0.8,-0.709436179470745
2016-09-09,50,1.6,-0.709436179470745
2016-09-09,50,2.8,-0.709436179470745
2016-09-09,50,3.8,-0.709436179470745
2016-09-09,50,5,-0.709436179470745
2016-09-09,50,5.2,-0.709436179470745
2016-09-09,50,5.5,-0.709436179470745
2016-09-09,50,5.8,-0.709436179470745
2016-09-09,50,6,-0.709436179470745
2016-09-09,50,6.2,-0.709436179470745
2016-09-09,50,8,-0.709436179470745
2016-09-09,50,9,-0.709436179470745
2016-09-09,50,9.3,-0.709436179470745
2016-09-16,50,0.1,NA
2016-09-16,50,0.8,NA
2016-09-16,50,1.6,NA
2016-09-16,50,2.8,NA
2016-09-16,50,3.8,NA
2016-09-16,50,5,NA
2016-09-16,50,5.2,NA
2016-09-16,50,5.5,NA
2016-09-16,50,5.8,NA
2016-09-16,50,6,NA
2016-09-16,50,6.2,NA
2016-09-16,50,8,NA
2016-09-16,50,9,NA
2016-09-16,50,9.3,NA
2016-09-17,50,0.1,NA
2016-09-17,50,0.8,NA
2016-09-17,50,1.6,NA
2016-09-17,50,2.8,NA
2016-09-17,50,3.8,NA
2016-09-17,50,5,NA
2016-09-17,50,5.2,NA
2016-09-17,50,5.5,NA
2016-09-17,50,5.8,NA
2016-09-17,50,6,NA
2016-09-17,50,6.2,NA
2016-09-17,50,8,NA
2016-09-17,50,9,NA
2016-09-17,50,9.3,NA
2016-09-22,50,0.1,NA
2016-09-22,50,0.8,NA
2016-09-22,50,1.6,NA
2016-09-22,50,2.8,NA
2016-09-22,50,3.8,NA
2016-09-22,50,5,NA
2016-09-22,50,5.2,NA
2016-09-22,50,5.5,NA
2016-09-22,50,5.8,NA
2016-09-22,50,6,NA
2016-09-22,50,6.2,NA
2016-09-22,50,8,NA
2016-09-22,50,9,NA
2016-09-22,50,9.3,NA
2016-09-27,50,0.1,-1.13844087268055
2016-09-27,50,0.8,-1.13844087268055
2016-09-27,50,1.6,-1.13844087268055
2016-09-27,50,2.8,-1.13844087268055
2016-09-27,50,3.8,-1.13844087268055
2016-09-27,50,5,-1.13844087268055
2016-09-27,50,5.2,-1.13844087268055
2016-09-27,50,5.5,-1.13844087268055
2016-09-27,50,5.8,-1.13844087268055
2016-09-27,50,6,-1.13844087268055
2016-09-27,50,6.2,-1.13844087268055
2016-09-27,50,8,-1.13844087268055
2016-09-27,50,9,-1.13844087268055
2016-09-27,50,9.3,-1.13844087268055
2016-09-30,50,0.1,-0.684252944578679
2016-09-30,50,0.8,-0.684252944578679
2016-09-30,50,1.6,-0.684252944578679
2016-09-30,50,2.8,-0.684252944578679
2016-09-30,50,3.8,-0.684252944578679
2016-09-30,50,5,-0.684252944578679
2016-09-30,50,5.2,-0.684252944578679
2016-09-30,50,5.5,-0.684252944578679
2016-09-30,50,5.8,-0.684252944578679
2016-09-30,50,6,-0.684252944578679
2016-09-30,50,6.2,-0.684252944578679
2016-09-30,50,8,-0.684252944578679
2016-09-30,50,9,-0.684252944578679
2016-09-30,50,9.3,-0.684252944578679
2016-10-05,50,0.1,NA
2016-10-05,50,0.8,NA
2016-10-05,50,1.6,NA
2016-10-05,50,2.8,NA
2016-10-05,50,3.8,NA
2016-10-05,50,5,NA
2016-10-05,50,5.2,NA
2016-10-05,50,5.5,NA
2016-10-05,50,5.8,NA
2016-10-05,50,6,NA
2016-10-05,50,6.2,NA
2016-10-05,50,8,NA
2016-10-05,50,9,NA
2016-10-05,50,9.3,NA
2016-10-06,50,0.1,NA
2016-10-06,50,0.8,NA
2016-10-06,50,1.6,NA
2016-10-06,50,2.8,NA
2016-10-06,50,3.8,NA
2016-10-06,50,5,NA
2016-10-06,50,5.2,NA
2016-10-06,50,5.5,NA
2016-10-06,50,5.8,NA
2016-10-06,50,6,NA
2016-10-06,50,6.2,NA
2016-10-06,50,8,NA
2016-10-06,50,9,NA
2016-10-06,50,9.3,NA
2016-10-07,50,0.1,-1.1271669044954
2016-10-07,50,0.8,-1.1271669044954
2016-10-07,50,1.6,-1.1271669044954
2016-10-07,50,2.8,-1.1271669044954
2016-10-07,50,3.8,-1.1271669044954
2016-10-07,50,5,-1.1271669044954
2016-10-07,50,5.2,-1.1271669044954
2016-10-07,50,5.5,-1.1271669044954
2016-10-07,50,5.8,-1.1271669044954
2016-10-07,50,6,-1.1271669044954
2016-10-07,50,6.2,-1.1271669044954
2016-10-07,50,8,-1.1271669044954
2016-10-07,50,9,-1.1271669044954
2016-10-07,50,9.3,-1.1271669044954
2016-10-11,50,0.1,NA
2016-10-11,50,0.8,NA
2016-10-11,50,1.6,NA
2016-10-11,50,2.8,NA
2016-10-11,50,3.8,NA
2016-10-11,50,5,NA
2016-10-11,50,5.2,NA
2016-10-11,50,5.5,NA
2016-10-11,50,5.8,NA
2016-10-11,50,6,NA
2016-10-11,50,6.2,NA
2016-10-11,50,8,NA
2016-10-11,50,9,NA
2016-10-11,50,9.3,NA
2016-10-14,50,0.1,NA
2016-10-14,50,0.8,NA
2016-10-14,50,1.6,NA
2016-10-14,50,2.8,NA
2016-10-14,50,3.8,NA
2016-10-14,50,5,NA
2016-10-14,50,5.2,NA
2016-10-14,50,5.5,NA
2016-10-14,50,5.8,NA
2016-10-14,50,6,NA
2016-10-14,50,6.2,NA
2016-10-14,50,8,NA
2016-10-14,50,9,NA
2016-10-14,50,9.3,NA
2016-10-20,50,0.1,NA
2016-10-20,50,0.8,NA
2016-10-20,50,1.6,NA
2016-10-20,50,2.8,NA
2016-10-20,50,3.8,NA
2016-10-20,50,5,NA
2016-10-20,50,5.2,NA
2016-10-20,50,5.5,NA
2016-10-20,50,5.8,NA
2016-10-20,50,6,NA
2016-10-20,50,6.2,NA
2016-10-20,50,8,NA
2016-10-20,50,9,NA
2016-10-20,50,9.3,NA
2016-10-27,50,0.1,NA
2016-10-27,50,0.8,NA
2016-10-27,50,1.6,NA
2016-10-27,50,2.8,NA
2016-10-27,50,3.8,NA
2016-10-27,50,5,NA
2016-10-27,50,5.2,NA
2016-10-27,50,5.5,NA
2016-10-27,50,5.8,NA
2016-10-27,50,6,NA
2016-10-27,50,6.2,NA
2016-10-27,50,8,NA
2016-10-27,50,9,NA
2016-10-27,50,9.3,NA
2016-10-31,50,0.1,NA
2016-10-31,50,0.8,NA
2016-10-31,50,1.6,NA
2016-10-31,50,2.8,NA
2016-10-31,50,3.8,NA
2016-10-31,50,5,NA
2016-10-31,50,5.2,NA
2016-10-31,50,5.5,NA
2016-10-31,50,5.8,NA
2016-10-31,50,6,NA
2016-10-31,50,6.2,NA
2016-10-31,50,8,NA
2016-10-31,50,9,NA
2016-10-31,50,9.3,NA
2016-11-04,50,0.1,NA
2016-11-04,50,0.8,NA
2016-11-04,50,1.6,NA
2016-11-04,50,2.8,NA
2016-11-04,50,3.8,NA
2016-11-04,50,5,NA
2016-11-04,50,5.2,NA
2016-11-04,50,5.5,NA
2016-11-04,50,5.8,NA
2016-11-04,50,6,NA
2016-11-04,50,6.2,NA
2016-11-04,50,8,NA
2016-11-04,50,9,NA
2016-11-04,50,9.3,NA
2016-11-11,50,0.1,NA
2016-11-11,50,0.8,NA
2016-11-11,50,1.6,NA
2016-11-11,50,2.8,NA
2016-11-11,50,3.8,NA
2016-11-11,50,5,NA
2016-11-11,50,5.2,NA
2016-11-11,50,5.5,NA
2016-11-11,50,5.8,NA
2016-11-11,50,6,NA
2016-11-11,50,6.2,NA
2016-11-11,50,8,NA
2016-11-11,50,9,NA
2016-11-11,50,9.3,NA
2016-12-02,50,0.1,NA
2016-12-02,50,0.8,NA
2016-12-02,50,1.6,NA
2016-12-02,50,2.8,NA
2016-12-02,50,3.8,NA
2016-12-02,50,5,NA
2016-12-02,50,5.2,NA
2016-12-02,50,5.5,NA
2016-12-02,50,5.8,NA
2016-12-02,50,6,NA
2016-12-02,50,6.2,NA
2016-12-02,50,8,NA
2016-12-02,50,9,NA
2016-12-02,50,9.3,NA
2017-03-12,50,0.1,NA
2017-03-12,50,0.8,NA
2017-03-12,50,1.6,NA
2017-03-12,50,2.8,NA
2017-03-12,50,3.8,NA
2017-03-12,50,5,NA
2017-03-12,50,5.2,NA
2017-03-12,50,5.5,NA
2017-03-12,50,5.8,NA
2017-03-12,50,6,NA
2017-03-12,50,6.2,NA
2017-03-12,50,8,NA
2017-03-12,50,9,NA
2017-03-12,50,9.3,NA
2017-03-26,50,0.1,NA
2017-03-26,50,0.8,NA
2017-03-26,50,1.6,NA
2017-03-26,50,2.8,NA
2017-03-26,50,3.8,NA
2017-03-26,50,5,NA
2017-03-26,50,5.2,NA
2017-03-26,50,5.5,NA
2017-03-26,50,5.8,NA
2017-03-26,50,6,NA
2017-03-26,50,6.2,NA
2017-03-26,50,8,NA
2017-03-26,50,9,NA
2017-03-26,50,9.3,NA
2017-04-09,50,0.1,NA
2017-04-09,50,0.8,NA
2017-04-09,50,1.6,NA
2017-04-09,50,2.8,NA
2017-04-09,50,3.8,NA
2017-04-09,50,5,NA
2017-04-09,50,5.2,NA
2017-04-09,50,5.5,NA
2017-04-09,50,5.8,NA
2017-04-09,50,6,NA
2017-04-09,50,6.2,NA
2017-04-09,50,8,NA
2017-04-09,50,9,NA
2017-04-09,50,9.3,NA
2017-04-16,50,0.1,NA
2017-04-16,50,0.8,NA
2017-04-16,50,1.6,NA
2017-04-16,50,2.8,NA
2017-04-16,50,3.8,NA
2017-04-16,50,5,NA
2017-04-16,50,5.2,NA
2017-04-16,50,5.5,NA
2017-04-16,50,5.8,NA
2017-04-16,50,6,NA
2017-04-16,50,6.2,NA
2017-04-16,50,8,NA
2017-04-16,50,9,NA
2017-04-16,50,9.3,NA
2017-04-23,50,0.1,NA
2017-04-23,50,0.8,NA
2017-04-23,50,1.6,NA
2017-04-23,50,2.8,NA
2017-04-23,50,3.8,NA
2017-04-23,50,5,NA
2017-04-23,50,5.2,NA
2017-04-23,50,5.5,NA
2017-04-23,50,5.8,NA
2017-04-23,50,6,NA
2017-04-23,50,6.2,NA
2017-04-23,50,8,NA
2017-04-23,50,9,NA
2017-04-23,50,9.3,NA
2017-04-30,50,0.1,NA
2017-04-30,50,0.8,NA
2017-04-30,50,1.6,NA
2017-04-30,50,2.8,NA
2017-04-30,50,3.8,NA
2017-04-30,50,5,NA
2017-04-30,50,5.2,NA
2017-04-30,50,5.5,NA
2017-04-30,50,5.8,NA
2017-04-30,50,6,NA
2017-04-30,50,6.2,NA
2017-04-30,50,8,NA
2017-04-30,50,9,NA
2017-04-30,50,9.3,NA
2017-05-04,50,0.1,NA
2017-05-04,50,0.8,NA
2017-05-04,50,1.6,NA
2017-05-04,50,2.8,NA
2017-05-04,50,3.8,NA
2017-05-04,50,5,NA
2017-05-04,50,5.2,NA
2017-05-04,50,5.5,NA
2017-05-04,50,5.8,NA
2017-05-04,50,6,NA
2017-05-04,50,6.2,NA
2017-05-04,50,8,NA
2017-05-04,50,9,NA
2017-05-04,50,9.3,NA
2017-05-07,50,0.1,NA
2017-05-07,50,0.8,NA
2017-05-07,50,1.6,NA
2017-05-07,50,2.8,NA
2017-05-07,50,3.8,NA
2017-05-07,50,5,NA
2017-05-07,50,5.2,NA
2017-05-07,50,5.5,NA
2017-05-07,50,5.8,NA
2017-05-07,50,6,NA
2017-05-07,50,6.2,NA
2017-05-07,50,8,NA
2017-05-07,50,9,NA
2017-05-07,50,9.3,NA
2017-05-09,50,0.1,NA
2017-05-09,50,0.8,NA
2017-05-09,50,1.6,NA
2017-05-09,50,2.8,NA
2017-05-09,50,3.8,NA
2017-05-09,50,5,NA
2017-05-09,50,5.2,NA
2017-05-09,50,5.5,NA
2017-05-09,50,5.8,NA
2017-05-09,50,6,NA
2017-05-09,50,6.2,NA
2017-05-09,50,8,NA
2017-05-09,50,9,NA
2017-05-09,50,9.3,NA
2017-05-14,50,0.1,NA
2017-05-14,50,0.8,NA
2017-05-14,50,1.6,NA
2017-05-14,50,2.8,NA
2017-05-14,50,3.8,NA
2017-05-14,50,5,NA
2017-05-14,50,5.2,NA
2017-05-14,50,5.5,NA
2017-05-14,50,5.8,NA
2017-05-14,50,6,NA
2017-05-14,50,6.2,NA
2017-05-14,50,8,NA
2017-05-14,50,9,NA
2017-05-14,50,9.3,NA
2017-06-28,50,0.1,NA
2017-06-28,50,0.8,NA
2017-06-28,50,1.6,NA
2017-06-28,50,2.8,NA
2017-06-28,50,3.8,NA
2017-06-28,50,5,NA
2017-06-28,50,5.2,NA
2017-06-28,50,5.5,NA
2017-06-28,50,5.8,NA
2017-06-28,50,6,NA
2017-06-28,50,6.2,NA
2017-06-28,50,8,NA
2017-06-28,50,9,NA
2017-06-28,50,9.3,NA
2017-07-04,50,0.1,NA
2017-07-04,50,0.8,NA
2017-07-04,50,1.6,NA
2017-07-04,50,2.8,NA
2017-07-04,50,3.8,NA
2017-07-04,50,5,NA
2017-07-04,50,5.2,NA
2017-07-04,50,5.5,NA
2017-07-04,50,5.8,NA
2017-07-04,50,6,NA
2017-07-04,50,6.2,NA
2017-07-04,50,8,NA
2017-07-04,50,9,NA
2017-07-04,50,9.3,NA
2017-07-06,50,0.1,NA
2017-07-06,50,0.8,NA
2017-07-06,50,1.6,NA
2017-07-06,50,2.8,NA
2017-07-06,50,3.8,NA
2017-07-06,50,5,NA
2017-07-06,50,5.2,NA
2017-07-06,50,5.5,NA
2017-07-06,50,5.8,NA
2017-07-06,50,6,NA
2017-07-06,50,6.2,NA
2017-07-06,50,8,NA
2017-07-06,50,9,NA
2017-07-06,50,9.3,NA
2017-07-09,50,0.1,NA
2017-07-09,50,0.8,NA
2017-07-09,50,1.6,NA
2017-07-09,50,2.8,NA
2017-07-09,50,3.8,NA
2017-07-09,50,5,NA
2017-07-09,50,5.2,NA
2017-07-09,50,5.5,NA
2017-07-09,50,5.8,NA
2017-07-09,50,6,NA
2017-07-09,50,6.2,NA
2017-07-09,50,8,NA
2017-07-09,50,9,NA
2017-07-09,50,9.3,NA
2017-07-10,50,0.1,-0.904899146919959
2017-07-10,50,0.8,-0.904899146919959
2017-07-10,50,1.6,-0.904899146919959
2017-07-10,50,2.8,-0.904899146919959
2017-07-10,50,3.8,-0.904899146919959
2017-07-10,50,5,-0.904899146919959
2017-07-10,50,5.2,-0.904899146919959
2017-07-10,50,5.5,-0.904899146919959
2017-07-10,50,5.8,-0.904899146919959
2017-07-10,50,6,-0.904899146919959
2017-07-10,50,6.2,-0.904899146919959
2017-07-10,50,8,-0.904899146919959
2017-07-10,50,9,-0.904899146919959
2017-07-10,50,9.3,-0.904899146919959
2017-07-11,50,0.1,-1.36095323729725
2017-07-11,50,0.8,-1.36095323729725
2017-07-11,50,1.6,-1.36095323729725
2017-07-11,50,2.8,-1.36095323729725
2017-07-11,50,3.8,-1.36095323729725
2017-07-11,50,5,-1.36095323729725
2017-07-11,50,5.2,-1.36095323729725
2017-07-11,50,5.5,-1.36095323729725
2017-07-11,50,5.8,-1.36095323729725
2017-07-11,50,6,-1.36095323729725
2017-07-11,50,6.2,-1.36095323729725
2017-07-11,50,8,-1.36095323729725
2017-07-11,50,9,-1.36095323729725
2017-07-11,50,9.3,-1.36095323729725
2017-07-12,50,0.1,NA
2017-07-12,50,0.8,NA
2017-07-12,50,1.6,NA
2017-07-12,50,2.8,NA
2017-07-12,50,3.8,NA
2017-07-12,50,5,NA
2017-07-12,50,5.2,NA
2017-07-12,50,5.5,NA
2017-07-12,50,5.8,NA
2017-07-12,50,6,NA
2017-07-12,50,6.2,NA
2017-07-12,50,8,NA
2017-07-12,50,9,NA
2017-07-12,50,9.3,NA
2017-08-06,50,0.1,NA
2017-08-06,50,0.8,NA
2017-08-06,50,1.6,NA
2017-08-06,50,2.8,NA
2017-08-06,50,3.8,NA
2017-08-06,50,5,NA
2017-08-06,50,5.2,NA
2017-08-06,50,5.5,NA
2017-08-06,50,5.8,NA
2017-08-06,50,6,NA
2017-08-06,50,6.2,NA
2017-08-06,50,8,NA
2017-08-06,50,9,NA
2017-08-06,50,9.3,NA
2017-08-09,50,0.1,NA
2017-08-09,50,0.8,NA
2017-08-09,50,1.6,NA
2017-08-09,50,2.8,NA
2017-08-09,50,3.8,NA
2017-08-09,50,5,NA
2017-08-09,50,5.2,NA
2017-08-09,50,5.5,NA
2017-08-09,50,5.8,NA
2017-08-09,50,6,NA
2017-08-09,50,6.2,NA
2017-08-09,50,8,NA
2017-08-09,50,9,NA
2017-08-09,50,9.3,NA
2017-08-13,50,0.1,NA
2017-08-13,50,0.8,NA
2017-08-13,50,1.6,NA
2017-08-13,50,2.8,NA
2017-08-13,50,3.8,NA
2017-08-13,50,5,NA
2017-08-13,50,5.2,NA
2017-08-13,50,5.5,NA
2017-08-13,50,5.8,NA
2017-08-13,50,6,NA
2017-08-13,50,6.2,NA
2017-08-13,50,8,NA
2017-08-13,50,9,NA
2017-08-13,50,9.3,NA
2017-08-16,50,0.1,NA
2017-08-16,50,0.8,NA
2017-08-16,50,1.6,NA
2017-08-16,50,2.8,NA
2017-08-16,50,3.8,NA
2017-08-16,50,5,NA
2017-08-16,50,5.2,NA
2017-08-16,50,5.5,NA
2017-08-16,50,5.8,NA
2017-08-16,50,6,NA
2017-08-16,50,6.2,NA
2017-08-16,50,8,NA
2017-08-16,50,9,NA
2017-08-16,50,9.3,NA
2017-08-20,50,0.1,NA
2017-08-20,50,0.8,NA
2017-08-20,50,1.6,NA
2017-08-20,50,2.8,NA
2017-08-20,50,3.8,NA
2017-08-20,50,5,NA
2017-08-20,50,5.2,NA
2017-08-20,50,5.5,NA
2017-08-20,50,5.8,NA
2017-08-20,50,6,NA
2017-08-20,50,6.2,NA
2017-08-20,50,8,NA
2017-08-20,50,9,NA
2017-08-20,50,9.3,NA
2017-08-27,50,0.1,NA
2017-08-27,50,0.8,NA
2017-08-27,50,1.6,NA
2017-08-27,50,2.8,NA
2017-08-27,50,3.8,NA
2017-08-27,50,5,NA
2017-08-27,50,5.2,NA
2017-08-27,50,5.5,NA
2017-08-27,50,5.8,NA
2017-08-27,50,6,NA
2017-08-27,50,6.2,NA
2017-08-27,50,8,NA
2017-08-27,50,9,NA
2017-08-27,50,9.3,NA
2017-09-03,50,0.1,NA
2017-09-03,50,0.8,NA
2017-09-03,50,1.6,NA
2017-09-03,50,2.8,NA
2017-09-03,50,3.8,NA
2017-09-03,50,5,NA
2017-09-03,50,5.2,NA
2017-09-03,50,5.5,NA
2017-09-03,50,5.8,NA
2017-09-03,50,6,NA
2017-09-03,50,6.2,NA
2017-09-03,50,8,NA
2017-09-03,50,9,NA
2017-09-03,50,9.3,NA
2017-09-10,50,0.1,NA
2017-09-10,50,0.8,NA
2017-09-10,50,1.6,NA
2017-09-10,50,2.8,NA
2017-09-10,50,3.8,NA
2017-09-10,50,5,NA
2017-09-10,50,5.2,NA
2017-09-10,50,5.5,NA
2017-09-10,50,5.8,NA
2017-09-10,50,6,NA
2017-09-10,50,6.2,NA
2017-09-10,50,8,NA
2017-09-10,50,9,NA
2017-09-10,50,9.3,NA
2017-09-17,50,0.1,NA
2017-09-17,50,0.8,NA
2017-09-17,50,1.6,NA
2017-09-17,50,2.8,NA
2017-09-17,50,3.8,NA
2017-09-17,50,5,NA
2017-09-17,50,5.2,NA
2017-09-17,50,5.5,NA
2017-09-17,50,5.8,NA
2017-09-17,50,6,NA
2017-09-17,50,6.2,NA
2017-09-17,50,8,NA
2017-09-17,50,9,NA
2017-09-17,50,9.3,NA
2017-09-18,50,0.1,-0.95354174957513
2017-09-18,50,0.8,-0.95354174957513
2017-09-18,50,1.6,-0.95354174957513
2017-09-18,50,2.8,-0.95354174957513
2017-09-18,50,3.8,-0.95354174957513
2017-09-18,50,5,-0.95354174957513
2017-09-18,50,5.2,-0.95354174957513
2017-09-18,50,5.5,-0.95354174957513
2017-09-18,50,5.8,-0.95354174957513
2017-09-18,50,6,-0.95354174957513
2017-09-18,50,6.2,-0.95354174957513
2017-09-18,50,8,-0.95354174957513
2017-09-18,50,9,-0.95354174957513
2017-09-18,50,9.3,-0.95354174957513
2017-09-24,50,0.1,NA
2017-09-24,50,0.8,NA
2017-09-24,50,1.6,NA
2017-09-24,50,2.8,NA
2017-09-24,50,3.8,NA
2017-09-24,50,5,NA
2017-09-24,50,5.2,NA
2017-09-24,50,5.5,NA
2017-09-24,50,5.8,NA
2017-09-24,50,6,NA
2017-09-24,50,6.2,NA
2017-09-24,50,8,NA
2017-09-24,50,9,NA
2017-09-24,50,9.3,NA
2017-10-08,50,0.1,NA
2017-10-08,50,0.8,NA
2017-10-08,50,1.6,NA
2017-10-08,50,2.8,NA
2017-10-08,50,3.8,NA
2017-10-08,50,5,NA
2017-10-08,50,5.2,NA
2017-10-08,50,5.5,NA
2017-10-08,50,5.8,NA
2017-10-08,50,6,NA
2017-10-08,50,6.2,NA
2017-10-08,50,8,NA
2017-10-08,50,9,NA
2017-10-08,50,9.3,NA
2017-10-15,50,0.1,NA
2017-10-15,50,0.8,NA
2017-10-15,50,1.6,NA
2017-10-15,50,2.8,NA
2017-10-15,50,3.8,NA
2017-10-15,50,5,NA
2017-10-15,50,5.2,NA
2017-10-15,50,5.5,NA
2017-10-15,50,5.8,NA
2017-10-15,50,6,NA
2017-10-15,50,6.2,NA
2017-10-15,50,8,NA
2017-10-15,50,9,NA
2017-10-15,50,9.3,NA
2017-10-16,50,0.1,-0.919137624041901
2017-10-16,50,0.8,-0.919137624041901
2017-10-16,50,1.6,-0.919137624041901
2017-10-16,50,2.8,-0.919137624041901
2017-10-16,50,3.8,-0.919137624041901
2017-10-16,50,5,-0.919137624041901
2017-10-16,50,5.2,-0.919137624041901
2017-10-16,50,5.5,-0.919137624041901
2017-10-16,50,5.8,-0.919137624041901
2017-10-16,50,6,-0.919137624041901
2017-10-16,50,6.2,-0.919137624041901
2017-10-16,50,8,-0.919137624041901
2017-10-16,50,9,-0.919137624041901
2017-10-16,50,9.3,-0.919137624041901
