"Date","Site","Depth","TNinf_interp"
2015-03-16,50,0.1,133
2015-03-16,50,0.8,185
2015-03-16,50,1.6,156
2015-03-16,50,2.8,185
2015-03-16,50,3.8,133
2015-03-16,50,5,133
2015-03-16,50,5.2,NA
2015-03-16,50,5.5,NA
2015-03-16,50,5.8,NA
2015-03-16,50,6,NA
2015-03-16,50,6.2,133
2015-03-16,50,8,133
2015-03-16,50,9,133
2015-03-16,50,9.3,NA
2015-03-31,50,0.1,156
2015-03-31,50,0.8,185
2015-03-31,50,1.6,156
2015-03-31,50,2.8,185
2015-03-31,50,3.8,156
2015-03-31,50,5,156
2015-03-31,50,5.2,NA
2015-03-31,50,5.5,NA
2015-03-31,50,5.8,NA
2015-03-31,50,6,NA
2015-03-31,50,6.2,156
2015-03-31,50,8,156
2015-03-31,50,9,156
2015-03-31,50,9.3,NA
2015-04-07,50,0.1,187
2015-04-07,50,0.8,185
2015-04-07,50,1.6,187
2015-04-07,50,2.8,185
2015-04-07,50,3.8,187
2015-04-07,50,5,187
2015-04-07,50,5.2,NA
2015-04-07,50,5.5,NA
2015-04-07,50,5.8,NA
2015-04-07,50,6,NA
2015-04-07,50,6.2,187
2015-04-07,50,8,187
2015-04-07,50,9,187
2015-04-07,50,9.3,NA
2015-04-13,50,0.1,185
2015-04-13,50,0.8,185
2015-04-13,50,1.6,185
2015-04-13,50,2.8,185
2015-04-13,50,3.8,185
2015-04-13,50,5,185
2015-04-13,50,5.2,NA
2015-04-13,50,5.5,NA
2015-04-13,50,5.8,NA
2015-04-13,50,6,NA
2015-04-13,50,6.2,185
2015-04-13,50,8,185
2015-04-13,50,9,185
2015-04-13,50,9.3,NA
2015-04-16,50,0.1,184
2015-04-16,50,0.8,181.4
2015-04-16,50,1.6,184
2015-04-16,50,2.8,184
2015-04-16,50,3.8,184
2015-04-16,50,5,184
2015-04-16,50,5.2,NA
2015-04-16,50,5.5,NA
2015-04-16,50,5.8,NA
2015-04-16,50,6,NA
2015-04-16,50,6.2,184
2015-04-16,50,8,184
2015-04-16,50,9,184
2015-04-16,50,9.3,NA
2015-04-19,50,0.1,183
2015-04-19,50,0.8,177.8
2015-04-19,50,1.6,183
2015-04-19,50,2.8,183
2015-04-19,50,3.8,183
2015-04-19,50,5,183
2015-04-19,50,5.2,NA
2015-04-19,50,5.5,NA
2015-04-19,50,5.8,NA
2015-04-19,50,6,NA
2015-04-19,50,6.2,183
2015-04-19,50,8,183
2015-04-19,50,9,183
2015-04-19,50,9.3,NA
2015-04-21,50,0.1,182
2015-04-21,50,0.8,174.2
2015-04-21,50,1.6,182
2015-04-21,50,2.8,182
2015-04-21,50,3.8,182
2015-04-21,50,5,182
2015-04-21,50,5.2,NA
2015-04-21,50,5.5,NA
2015-04-21,50,5.8,NA
2015-04-21,50,6,NA
2015-04-21,50,6.2,182
2015-04-21,50,8,182
2015-04-21,50,9,182
2015-04-21,50,9.3,NA
2015-04-25,50,0.1,174.5
2015-04-25,50,0.8,170.6
2015-04-25,50,1.6,174.5
2015-04-25,50,2.8,174.5
2015-04-25,50,3.8,174.5
2015-04-25,50,5,174.5
2015-04-25,50,5.2,NA
2015-04-25,50,5.5,NA
2015-04-25,50,5.8,NA
2015-04-25,50,6,NA
2015-04-25,50,6.2,174.5
2015-04-25,50,8,174.5
2015-04-25,50,9,174.5
2015-04-25,50,9.3,NA
2015-04-28,50,0.1,167
2015-04-28,50,0.8,167
2015-04-28,50,1.6,167
2015-04-28,50,2.8,167
2015-04-28,50,3.8,167
2015-04-28,50,5,167
2015-04-28,50,5.2,NA
2015-04-28,50,5.5,NA
2015-04-28,50,5.8,NA
2015-04-28,50,6,NA
2015-04-28,50,6.2,167
2015-04-28,50,8,167
2015-04-28,50,9,167
2015-04-28,50,9.3,NA
2015-05-01,50,0.1,165.5
2015-05-01,50,0.8,165.5
2015-05-01,50,1.6,165.5
2015-05-01,50,2.8,165.5
2015-05-01,50,3.8,165.5
2015-05-01,50,5,165.5
2015-05-01,50,5.2,NA
2015-05-01,50,5.5,NA
2015-05-01,50,5.8,NA
2015-05-01,50,6,NA
2015-05-01,50,6.2,165.5
2015-05-01,50,8,165.5
2015-05-01,50,9,165.5
2015-05-01,50,9.3,NA
2015-05-05,50,0.1,164
2015-05-05,50,0.8,164
2015-05-05,50,1.6,164
2015-05-05,50,2.8,164
2015-05-05,50,3.8,164
2015-05-05,50,5,164
2015-05-05,50,5.2,NA
2015-05-05,50,5.5,NA
2015-05-05,50,5.8,NA
2015-05-05,50,6,NA
2015-05-05,50,6.2,164
2015-05-05,50,8,164
2015-05-05,50,9,164
2015-05-05,50,9.3,NA
2015-05-07,50,0.1,166.5
2015-05-07,50,0.8,NA
2015-05-07,50,1.6,166.5
2015-05-07,50,2.8,NA
2015-05-07,50,3.8,166.5
2015-05-07,50,5,166.5
2015-05-07,50,5.2,NA
2015-05-07,50,5.5,NA
2015-05-07,50,5.8,NA
2015-05-07,50,6,NA
2015-05-07,50,6.2,166.5
2015-05-07,50,8,166.5
2015-05-07,50,9,166.5
2015-05-07,50,9.3,NA
2015-05-11,50,0.1,169
2015-05-11,50,0.8,NA
2015-05-11,50,1.6,169
2015-05-11,50,2.8,NA
2015-05-11,50,3.8,169
2015-05-11,50,5,169
2015-05-11,50,5.2,NA
2015-05-11,50,5.5,NA
2015-05-11,50,5.8,NA
2015-05-11,50,6,NA
2015-05-11,50,6.2,169
2015-05-11,50,8,169
2015-05-11,50,9,169
2015-05-11,50,9.3,NA
2015-05-14,50,0.1,171.5
2015-05-14,50,0.8,NA
2015-05-14,50,1.6,171.5
2015-05-14,50,2.8,NA
2015-05-14,50,3.8,171.5
2015-05-14,50,5,171.5
2015-05-14,50,5.2,NA
2015-05-14,50,5.5,NA
2015-05-14,50,5.8,NA
2015-05-14,50,6,NA
2015-05-14,50,6.2,171.5
2015-05-14,50,8,171.5
2015-05-14,50,9,171.5
2015-05-14,50,9.3,NA
2015-05-18,50,0.1,174
2015-05-18,50,0.8,NA
2015-05-18,50,1.6,174
2015-05-18,50,2.8,NA
2015-05-18,50,3.8,174
2015-05-18,50,5,174
2015-05-18,50,5.2,NA
2015-05-18,50,5.5,NA
2015-05-18,50,5.8,NA
2015-05-18,50,6,NA
2015-05-18,50,6.2,174
2015-05-18,50,8,174
2015-05-18,50,9,174
2015-05-18,50,9.3,NA
2015-05-21,50,0.1,172.5
2015-05-21,50,0.8,NA
2015-05-21,50,1.6,172.5
2015-05-21,50,2.8,NA
2015-05-21,50,3.8,172.5
2015-05-21,50,5,172.5
2015-05-21,50,5.2,NA
2015-05-21,50,5.5,NA
2015-05-21,50,5.8,NA
2015-05-21,50,6,NA
2015-05-21,50,6.2,172.5
2015-05-21,50,8,172.5
2015-05-21,50,9,172.5
2015-05-21,50,9.3,NA
2015-05-25,50,0.1,171
2015-05-25,50,0.8,NA
2015-05-25,50,1.6,171
2015-05-25,50,2.8,NA
2015-05-25,50,3.8,171
2015-05-25,50,5,171
2015-05-25,50,5.2,NA
2015-05-25,50,5.5,NA
2015-05-25,50,5.8,NA
2015-05-25,50,6,NA
2015-05-25,50,6.2,171
2015-05-25,50,8,171
2015-05-25,50,9,171
2015-05-25,50,9.3,NA
2015-05-28,50,0.1,173.5
2015-05-28,50,0.8,NA
2015-05-28,50,1.6,173.5
2015-05-28,50,2.8,NA
2015-05-28,50,3.8,173.5
2015-05-28,50,5,173.5
2015-05-28,50,5.2,NA
2015-05-28,50,5.5,NA
2015-05-28,50,5.8,NA
2015-05-28,50,6,NA
2015-05-28,50,6.2,173.5
2015-05-28,50,8,173.5
2015-05-28,50,9,173.5
2015-05-28,50,9.3,NA
2015-06-08,50,0.1,176
2015-06-08,50,0.8,NA
2015-06-08,50,1.6,176
2015-06-08,50,2.8,NA
2015-06-08,50,3.8,176
2015-06-08,50,5,176
2015-06-08,50,5.2,NA
2015-06-08,50,5.5,NA
2015-06-08,50,5.8,NA
2015-06-08,50,6,NA
2015-06-08,50,6.2,176
2015-06-08,50,8,176
2015-06-08,50,9,176
2015-06-08,50,9.3,NA
2015-06-11,50,0.1,170.5
2015-06-11,50,0.8,NA
2015-06-11,50,1.6,170.5
2015-06-11,50,2.8,NA
2015-06-11,50,3.8,170.5
2015-06-11,50,5,170.5
2015-06-11,50,5.2,NA
2015-06-11,50,5.5,NA
2015-06-11,50,5.8,NA
2015-06-11,50,6,NA
2015-06-11,50,6.2,170.5
2015-06-11,50,8,170.5
2015-06-11,50,9,170.5
2015-06-11,50,9.3,NA
2015-06-15,50,0.1,165
2015-06-15,50,0.8,NA
2015-06-15,50,1.6,165
2015-06-15,50,2.8,NA
2015-06-15,50,3.8,165
2015-06-15,50,5,165
2015-06-15,50,5.2,NA
2015-06-15,50,5.5,NA
2015-06-15,50,5.8,NA
2015-06-15,50,6,NA
2015-06-15,50,6.2,165
2015-06-15,50,8,165
2015-06-15,50,9,165
2015-06-15,50,9.3,NA
2015-06-18,50,0.1,168.666666666667
2015-06-18,50,0.8,NA
2015-06-18,50,1.6,168.666666666667
2015-06-18,50,2.8,NA
2015-06-18,50,3.8,168.666666666667
2015-06-18,50,5,168.666666666667
2015-06-18,50,5.2,NA
2015-06-18,50,5.5,NA
2015-06-18,50,5.8,NA
2015-06-18,50,6,NA
2015-06-18,50,6.2,168.666666666667
2015-06-18,50,8,168.666666666667
2015-06-18,50,9,168.666666666667
2015-06-18,50,9.3,NA
2015-06-19,50,0.1,172.333333333333
2015-06-19,50,0.8,NA
2015-06-19,50,1.6,172.333333333333
2015-06-19,50,2.8,NA
2015-06-19,50,3.8,172.333333333333
2015-06-19,50,5,172.333333333333
2015-06-19,50,5.2,NA
2015-06-19,50,5.5,NA
2015-06-19,50,5.8,NA
2015-06-19,50,6,NA
2015-06-19,50,6.2,172.333333333333
2015-06-19,50,8,172.333333333333
2015-06-19,50,9,172.333333333333
2015-06-19,50,9.3,NA
2015-06-22,50,0.1,176
2015-06-22,50,0.8,NA
2015-06-22,50,1.6,176
2015-06-22,50,2.8,NA
2015-06-22,50,3.8,176
2015-06-22,50,5,176
2015-06-22,50,5.2,NA
2015-06-22,50,5.5,NA
2015-06-22,50,5.8,NA
2015-06-22,50,6,NA
2015-06-22,50,6.2,176
2015-06-22,50,8,176
2015-06-22,50,9,176
2015-06-22,50,9.3,NA
2015-06-23,50,0.1,177.333333333333
2015-06-23,50,0.8,NA
2015-06-23,50,1.6,177.333333333333
2015-06-23,50,2.8,NA
2015-06-23,50,3.8,177.333333333333
2015-06-23,50,5,177.333333333333
2015-06-23,50,5.2,NA
2015-06-23,50,5.5,NA
2015-06-23,50,5.8,NA
2015-06-23,50,6,NA
2015-06-23,50,6.2,177.333333333333
2015-06-23,50,8,177.333333333333
2015-06-23,50,9,177.333333333333
2015-06-23,50,9.3,NA
2015-06-25,50,0.1,178.666666666667
2015-06-25,50,0.8,NA
2015-06-25,50,1.6,178.666666666667
2015-06-25,50,2.8,NA
2015-06-25,50,3.8,178.666666666667
2015-06-25,50,5,178.666666666667
2015-06-25,50,5.2,NA
2015-06-25,50,5.5,NA
2015-06-25,50,5.8,NA
2015-06-25,50,6,NA
2015-06-25,50,6.2,178.666666666667
2015-06-25,50,8,178.666666666667
2015-06-25,50,9,178.666666666667
2015-06-25,50,9.3,NA
2015-06-29,50,0.1,180
2015-06-29,50,0.8,NA
2015-06-29,50,1.6,180
2015-06-29,50,2.8,NA
2015-06-29,50,3.8,180
2015-06-29,50,5,180
2015-06-29,50,5.2,NA
2015-06-29,50,5.5,NA
2015-06-29,50,5.8,NA
2015-06-29,50,6,NA
2015-06-29,50,6.2,180
2015-06-29,50,8,180
2015-06-29,50,9,180
2015-06-29,50,9.3,NA
2015-07-02,50,0.1,190
2015-07-02,50,0.8,NA
2015-07-02,50,1.6,190
2015-07-02,50,2.8,NA
2015-07-02,50,3.8,190
2015-07-02,50,5,190
2015-07-02,50,5.2,NA
2015-07-02,50,5.5,NA
2015-07-02,50,5.8,NA
2015-07-02,50,6,NA
2015-07-02,50,6.2,190
2015-07-02,50,8,190
2015-07-02,50,9,190
2015-07-02,50,9.3,NA
2015-07-06,50,0.1,200
2015-07-06,50,0.8,NA
2015-07-06,50,1.6,200
2015-07-06,50,2.8,NA
2015-07-06,50,3.8,200
2015-07-06,50,5,200
2015-07-06,50,5.2,NA
2015-07-06,50,5.5,NA
2015-07-06,50,5.8,NA
2015-07-06,50,6,NA
2015-07-06,50,6.2,200
2015-07-06,50,8,200
2015-07-06,50,9,200
2015-07-06,50,9.3,NA
2015-07-09,50,0.1,211.5
2015-07-09,50,0.8,NA
2015-07-09,50,1.6,211.5
2015-07-09,50,2.8,NA
2015-07-09,50,3.8,211.5
2015-07-09,50,5,211.5
2015-07-09,50,5.2,NA
2015-07-09,50,5.5,NA
2015-07-09,50,5.8,NA
2015-07-09,50,6,NA
2015-07-09,50,6.2,211.5
2015-07-09,50,8,211.5
2015-07-09,50,9,211.5
2015-07-09,50,9.3,NA
2015-07-13,50,0.1,223
2015-07-13,50,0.8,NA
2015-07-13,50,1.6,223
2015-07-13,50,2.8,NA
2015-07-13,50,3.8,223
2015-07-13,50,5,223
2015-07-13,50,5.2,NA
2015-07-13,50,5.5,NA
2015-07-13,50,5.8,NA
2015-07-13,50,6,NA
2015-07-13,50,6.2,223
2015-07-13,50,8,223
2015-07-13,50,9,223
2015-07-13,50,9.3,NA
2015-07-16,50,0.1,207.5
2015-07-16,50,0.8,NA
2015-07-16,50,1.6,207.5
2015-07-16,50,2.8,NA
2015-07-16,50,3.8,207.5
2015-07-16,50,5,207.5
2015-07-16,50,5.2,NA
2015-07-16,50,5.5,NA
2015-07-16,50,5.8,NA
2015-07-16,50,6,NA
2015-07-16,50,6.2,207.5
2015-07-16,50,8,207.5
2015-07-16,50,9,207.5
2015-07-16,50,9.3,NA
2015-07-20,50,0.1,192
2015-07-20,50,0.8,NA
2015-07-20,50,1.6,192
2015-07-20,50,2.8,NA
2015-07-20,50,3.8,192
2015-07-20,50,5,192
2015-07-20,50,5.2,NA
2015-07-20,50,5.5,NA
2015-07-20,50,5.8,NA
2015-07-20,50,6,NA
2015-07-20,50,6.2,192
2015-07-20,50,8,192
2015-07-20,50,9,192
2015-07-20,50,9.3,NA
2015-07-23,50,0.1,248.5
2015-07-23,50,0.8,NA
2015-07-23,50,1.6,248.5
2015-07-23,50,2.8,NA
2015-07-23,50,3.8,248.5
2015-07-23,50,5,248.5
2015-07-23,50,5.2,NA
2015-07-23,50,5.5,NA
2015-07-23,50,5.8,NA
2015-07-23,50,6,NA
2015-07-23,50,6.2,248.5
2015-07-23,50,8,248.5
2015-07-23,50,9,248.5
2015-07-23,50,9.3,NA
2015-07-27,50,0.1,305
2015-07-27,50,0.8,NA
2015-07-27,50,1.6,305
2015-07-27,50,2.8,NA
2015-07-27,50,3.8,305
2015-07-27,50,5,305
2015-07-27,50,5.2,NA
2015-07-27,50,5.5,NA
2015-07-27,50,5.8,NA
2015-07-27,50,6,NA
2015-07-27,50,6.2,305
2015-07-27,50,8,305
2015-07-27,50,9,305
2015-07-27,50,9.3,NA
2015-07-30,50,0.1,262
2015-07-30,50,0.8,NA
2015-07-30,50,1.6,262
2015-07-30,50,2.8,NA
2015-07-30,50,3.8,262
2015-07-30,50,5,262
2015-07-30,50,5.2,NA
2015-07-30,50,5.5,NA
2015-07-30,50,5.8,NA
2015-07-30,50,6,NA
2015-07-30,50,6.2,262
2015-07-30,50,8,262
2015-07-30,50,9,262
2015-07-30,50,9.3,NA
2015-08-03,50,0.1,219
2015-08-03,50,0.8,NA
2015-08-03,50,1.6,219
2015-08-03,50,2.8,NA
2015-08-03,50,3.8,219
2015-08-03,50,5,219
2015-08-03,50,5.2,NA
2015-08-03,50,5.5,NA
2015-08-03,50,5.8,NA
2015-08-03,50,6,NA
2015-08-03,50,6.2,219
2015-08-03,50,8,219
2015-08-03,50,9,219
2015-08-03,50,9.3,NA
2015-08-08,50,0.1,216.566666666667
2015-08-08,50,0.8,NA
2015-08-08,50,1.6,216.566666666667
2015-08-08,50,2.8,NA
2015-08-08,50,3.8,216.566666666667
2015-08-08,50,5,216.566666666667
2015-08-08,50,5.2,NA
2015-08-08,50,5.5,NA
2015-08-08,50,5.8,NA
2015-08-08,50,6,NA
2015-08-08,50,6.2,216.566666666667
2015-08-08,50,8,216.566666666667
2015-08-08,50,9,216.566666666667
2015-08-08,50,9.3,NA
2015-08-15,50,0.1,214.133333333333
2015-08-15,50,0.8,NA
2015-08-15,50,1.6,214.133333333333
2015-08-15,50,2.8,NA
2015-08-15,50,3.8,214.133333333333
2015-08-15,50,5,214.133333333333
2015-08-15,50,5.2,NA
2015-08-15,50,5.5,NA
2015-08-15,50,5.8,NA
2015-08-15,50,6,NA
2015-08-15,50,6.2,214.133333333333
2015-08-15,50,8,214.133333333333
2015-08-15,50,9,214.133333333333
2015-08-15,50,9.3,NA
2015-08-22,50,0.1,211.7
2015-08-22,50,0.8,NA
2015-08-22,50,1.6,211.7
2015-08-22,50,2.8,NA
2015-08-22,50,3.8,211.7
2015-08-22,50,5,211.7
2015-08-22,50,5.2,NA
2015-08-22,50,5.5,NA
2015-08-22,50,5.8,NA
2015-08-22,50,6,NA
2015-08-22,50,6.2,211.7
2015-08-22,50,8,211.7
2015-08-22,50,9,211.7
2015-08-22,50,9.3,NA
2015-08-31,50,0.1,209.266666666667
2015-08-31,50,0.8,NA
2015-08-31,50,1.6,209.266666666667
2015-08-31,50,2.8,NA
2015-08-31,50,3.8,209.266666666667
2015-08-31,50,5,209.266666666667
2015-08-31,50,5.2,NA
2015-08-31,50,5.5,NA
2015-08-31,50,5.8,NA
2015-08-31,50,6,NA
2015-08-31,50,6.2,209.266666666667
2015-08-31,50,8,209.266666666667
2015-08-31,50,9,209.266666666667
2015-08-31,50,9.3,NA
2015-09-04,50,0.1,206.833333333333
2015-09-04,50,0.8,NA
2015-09-04,50,1.6,206.833333333333
2015-09-04,50,2.8,NA
2015-09-04,50,3.8,206.833333333333
2015-09-04,50,5,206.833333333333
2015-09-04,50,5.2,NA
2015-09-04,50,5.5,NA
2015-09-04,50,5.8,NA
2015-09-04,50,6,NA
2015-09-04,50,6.2,206.833333333333
2015-09-04,50,8,206.833333333333
2015-09-04,50,9,206.833333333333
2015-09-04,50,9.3,NA
2015-09-07,50,0.1,204.4
2015-09-07,50,0.8,NA
2015-09-07,50,1.6,204.4
2015-09-07,50,2.8,NA
2015-09-07,50,3.8,204.4
2015-09-07,50,5,204.4
2015-09-07,50,5.2,NA
2015-09-07,50,5.5,NA
2015-09-07,50,5.8,NA
2015-09-07,50,6,NA
2015-09-07,50,6.2,204.4
2015-09-07,50,8,204.4
2015-09-07,50,9,204.4
2015-09-07,50,9.3,NA
2015-09-14,50,0.1,181.2
2015-09-14,50,0.8,NA
2015-09-14,50,1.6,181.2
2015-09-14,50,2.8,NA
2015-09-14,50,3.8,181.2
2015-09-14,50,5,181.2
2015-09-14,50,5.2,NA
2015-09-14,50,5.5,NA
2015-09-14,50,5.8,NA
2015-09-14,50,6,NA
2015-09-14,50,6.2,181.2
2015-09-14,50,8,181.2
2015-09-14,50,9,181.2
2015-09-14,50,9.3,NA
2015-09-18,50,0.1,321.15
2015-09-18,50,0.8,NA
2015-09-18,50,1.6,321.15
2015-09-18,50,2.8,NA
2015-09-18,50,3.8,321.15
2015-09-18,50,5,321.15
2015-09-18,50,5.2,NA
2015-09-18,50,5.5,NA
2015-09-18,50,5.8,NA
2015-09-18,50,6,NA
2015-09-18,50,6.2,321.15
2015-09-18,50,8,321.15
2015-09-18,50,9,321.15
2015-09-18,50,9.3,NA
2015-09-21,50,0.1,461.1
2015-09-21,50,0.8,NA
2015-09-21,50,1.6,461.1
2015-09-21,50,2.8,NA
2015-09-21,50,3.8,461.1
2015-09-21,50,5,461.1
2015-09-21,50,5.2,NA
2015-09-21,50,5.5,NA
2015-09-21,50,5.8,NA
2015-09-21,50,6,NA
2015-09-21,50,6.2,461.1
2015-09-21,50,8,461.1
2015-09-21,50,9,461.1
2015-09-21,50,9.3,NA
2015-09-28,50,0.1,148.5
2015-09-28,50,0.8,NA
2015-09-28,50,1.6,148.5
2015-09-28,50,2.8,NA
2015-09-28,50,3.8,148.5
2015-09-28,50,5,148.5
2015-09-28,50,5.2,NA
2015-09-28,50,5.5,NA
2015-09-28,50,5.8,NA
2015-09-28,50,6,NA
2015-09-28,50,6.2,148.5
2015-09-28,50,8,148.5
2015-09-28,50,9,148.5
2015-09-28,50,9.3,NA
2015-10-02,50,0.1,164.25
2015-10-02,50,0.8,NA
2015-10-02,50,1.6,164.25
2015-10-02,50,2.8,NA
2015-10-02,50,3.8,164.25
2015-10-02,50,5,164.25
2015-10-02,50,5.2,NA
2015-10-02,50,5.5,NA
2015-10-02,50,5.8,NA
2015-10-02,50,6,NA
2015-10-02,50,6.2,164.25
2015-10-02,50,8,164.25
2015-10-02,50,9,164.25
2015-10-02,50,9.3,NA
2015-10-05,50,0.1,180
2015-10-05,50,0.8,NA
2015-10-05,50,1.6,180
2015-10-05,50,2.8,NA
2015-10-05,50,3.8,180
2015-10-05,50,5,180
2015-10-05,50,5.2,NA
2015-10-05,50,5.5,NA
2015-10-05,50,5.8,NA
2015-10-05,50,6,NA
2015-10-05,50,6.2,180
2015-10-05,50,8,180
2015-10-05,50,9,180
2015-10-05,50,9.3,NA
2015-10-12,50,0.1,166
2015-10-12,50,0.8,NA
2015-10-12,50,1.6,166
2015-10-12,50,2.8,NA
2015-10-12,50,3.8,166
2015-10-12,50,5,166
2015-10-12,50,5.2,NA
2015-10-12,50,5.5,NA
2015-10-12,50,5.8,NA
2015-10-12,50,6,NA
2015-10-12,50,6.2,166
2015-10-12,50,8,166
2015-10-12,50,9,166
2015-10-12,50,9.3,NA
2015-10-19,50,0.1,152
2015-10-19,50,0.8,NA
2015-10-19,50,1.6,152
2015-10-19,50,2.8,NA
2015-10-19,50,3.8,152
2015-10-19,50,5,152
2015-10-19,50,5.2,NA
2015-10-19,50,5.5,NA
2015-10-19,50,5.8,NA
2015-10-19,50,6,NA
2015-10-19,50,6.2,152
2015-10-19,50,8,152
2015-10-19,50,9,152
2015-10-19,50,9.3,NA
2015-10-23,50,0.1,155.666666666667
2015-10-23,50,0.8,NA
2015-10-23,50,1.6,155.666666666667
2015-10-23,50,2.8,NA
2015-10-23,50,3.8,155.666666666667
2015-10-23,50,5,155.666666666667
2015-10-23,50,5.2,NA
2015-10-23,50,5.5,NA
2015-10-23,50,5.8,NA
2015-10-23,50,6,NA
2015-10-23,50,6.2,155.666666666667
2015-10-23,50,8,155.666666666667
2015-10-23,50,9,155.666666666667
2015-10-23,50,9.3,NA
2015-10-30,50,0.1,159.333333333333
2015-10-30,50,0.8,NA
2015-10-30,50,1.6,159.333333333333
2015-10-30,50,2.8,NA
2015-10-30,50,3.8,159.333333333333
2015-10-30,50,5,159.333333333333
2015-10-30,50,5.2,NA
2015-10-30,50,5.5,NA
2015-10-30,50,5.8,NA
2015-10-30,50,6,NA
2015-10-30,50,6.2,159.333333333333
2015-10-30,50,8,159.333333333333
2015-10-30,50,9,159.333333333333
2015-10-30,50,9.3,NA
2015-12-07,50,0.1,163
2015-12-07,50,0.8,NA
2015-12-07,50,1.6,163
2015-12-07,50,2.8,NA
2015-12-07,50,3.8,163
2015-12-07,50,5,163
2015-12-07,50,5.2,NA
2015-12-07,50,5.5,NA
2015-12-07,50,5.8,NA
2015-12-07,50,6,NA
2015-12-07,50,6.2,163
2015-12-07,50,8,163
2015-12-07,50,9,163
2015-12-07,50,9.3,NA
2016-05-12,50,0.1,167.25
2016-05-12,50,0.8,NA
2016-05-12,50,1.6,167.25
2016-05-12,50,2.8,NA
2016-05-12,50,3.8,167.25
2016-05-12,50,5,167.25
2016-05-12,50,5.2,NA
2016-05-12,50,5.5,NA
2016-05-12,50,5.8,NA
2016-05-12,50,6,NA
2016-05-12,50,6.2,167.25
2016-05-12,50,8,167.25
2016-05-12,50,9,167.25
2016-05-12,50,9.3,NA
2016-05-16,50,0.1,171.5
2016-05-16,50,0.8,NA
2016-05-16,50,1.6,171.5
2016-05-16,50,2.8,NA
2016-05-16,50,3.8,171.5
2016-05-16,50,5,171.5
2016-05-16,50,5.2,NA
2016-05-16,50,5.5,NA
2016-05-16,50,5.8,NA
2016-05-16,50,6,NA
2016-05-16,50,6.2,171.5
2016-05-16,50,8,171.5
2016-05-16,50,9,171.5
2016-05-16,50,9.3,NA
2016-05-19,50,0.1,175.75
2016-05-19,50,0.8,NA
2016-05-19,50,1.6,175.75
2016-05-19,50,2.8,NA
2016-05-19,50,3.8,175.75
2016-05-19,50,5,175.75
2016-05-19,50,5.2,NA
2016-05-19,50,5.5,NA
2016-05-19,50,5.8,NA
2016-05-19,50,6,NA
2016-05-19,50,6.2,175.75
2016-05-19,50,8,175.75
2016-05-19,50,9,175.75
2016-05-19,50,9.3,NA
2016-05-23,50,0.1,180
2016-05-23,50,0.8,NA
2016-05-23,50,1.6,180
2016-05-23,50,2.8,NA
2016-05-23,50,3.8,180
2016-05-23,50,5,180
2016-05-23,50,5.2,NA
2016-05-23,50,5.5,NA
2016-05-23,50,5.8,NA
2016-05-23,50,6,NA
2016-05-23,50,6.2,180
2016-05-23,50,8,180
2016-05-23,50,9,180
2016-05-23,50,9.3,NA
2016-05-26,50,0.1,189.333333333333
2016-05-26,50,0.8,NA
2016-05-26,50,1.6,189.333333333333
2016-05-26,50,2.8,NA
2016-05-26,50,3.8,189.333333333333
2016-05-26,50,5,189.333333333333
2016-05-26,50,5.2,NA
2016-05-26,50,5.5,NA
2016-05-26,50,5.8,NA
2016-05-26,50,6,NA
2016-05-26,50,6.2,189.333333333333
2016-05-26,50,8,189.333333333333
2016-05-26,50,9,189.333333333333
2016-05-26,50,9.3,NA
2016-05-29,50,0.1,198.666666666667
2016-05-29,50,0.8,NA
2016-05-29,50,1.6,198.666666666667
2016-05-29,50,2.8,NA
2016-05-29,50,3.8,198.666666666667
2016-05-29,50,5,198.666666666667
2016-05-29,50,5.2,NA
2016-05-29,50,5.5,NA
2016-05-29,50,5.8,NA
2016-05-29,50,6,NA
2016-05-29,50,6.2,198.666666666667
2016-05-29,50,8,198.666666666667
2016-05-29,50,9,198.666666666667
2016-05-29,50,9.3,NA
2016-05-30,50,0.1,208
2016-05-30,50,0.1,208
2016-05-30,50,0.1,222
2016-05-30,50,0.1,222
2016-05-30,50,0.1,208
2016-05-30,50,0.1,208
2016-05-30,50,0.1,222
2016-05-30,50,0.1,222
2016-05-30,50,0.8,NA
2016-05-30,50,0.8,NA
2016-05-30,50,1.6,208
2016-05-30,50,1.6,208
2016-05-30,50,1.6,222
2016-05-30,50,1.6,222
2016-05-30,50,1.6,208
2016-05-30,50,1.6,208
2016-05-30,50,1.6,222
2016-05-30,50,1.6,222
2016-05-30,50,2.8,NA
2016-05-30,50,2.8,NA
2016-05-30,50,3.8,208
2016-05-30,50,3.8,208
2016-05-30,50,3.8,222
2016-05-30,50,3.8,222
2016-05-30,50,3.8,208
2016-05-30,50,3.8,208
2016-05-30,50,3.8,222
2016-05-30,50,3.8,222
2016-05-30,50,5,208
2016-05-30,50,5,208
2016-05-30,50,5,222
2016-05-30,50,5,222
2016-05-30,50,5,208
2016-05-30,50,5,208
2016-05-30,50,5,222
2016-05-30,50,5,222
2016-05-30,50,5.2,NA
2016-05-30,50,5.2,NA
2016-05-30,50,5.5,NA
2016-05-30,50,5.5,NA
2016-05-30,50,5.8,NA
2016-05-30,50,5.8,NA
2016-05-30,50,6,NA
2016-05-30,50,6,NA
2016-05-30,50,6.2,208
2016-05-30,50,6.2,208
2016-05-30,50,6.2,222
2016-05-30,50,6.2,222
2016-05-30,50,6.2,208
2016-05-30,50,6.2,208
2016-05-30,50,6.2,222
2016-05-30,50,6.2,222
2016-05-30,50,8,208
2016-05-30,50,8,208
2016-05-30,50,8,222
2016-05-30,50,8,222
2016-05-30,50,8,208
2016-05-30,50,8,208
2016-05-30,50,8,222
2016-05-30,50,8,222
2016-05-30,50,9,208
2016-05-30,50,9,208
2016-05-30,50,9,222
2016-05-30,50,9,222
2016-05-30,50,9,208
2016-05-30,50,9,208
2016-05-30,50,9,222
2016-05-30,50,9,222
2016-05-30,50,9.3,NA
2016-05-30,50,9.3,NA
2016-05-31,50,0.1,167
2016-05-31,50,0.8,NA
2016-05-31,50,1.6,167
2016-05-31,50,2.8,NA
2016-05-31,50,3.8,167
2016-05-31,50,5,167
2016-05-31,50,5.2,NA
2016-05-31,50,5.5,NA
2016-05-31,50,5.8,NA
2016-05-31,50,6,NA
2016-05-31,50,6.2,167
2016-05-31,50,8,167
2016-05-31,50,9,167
2016-05-31,50,9.3,NA
2016-06-01,50,0.1,176.5
2016-06-01,50,0.8,NA
2016-06-01,50,1.6,176.5
2016-06-01,50,2.8,NA
2016-06-01,50,3.8,176.5
2016-06-01,50,5,176.5
2016-06-01,50,5.2,NA
2016-06-01,50,5.5,NA
2016-06-01,50,5.8,NA
2016-06-01,50,6,NA
2016-06-01,50,6.2,176.5
2016-06-01,50,8,176.5
2016-06-01,50,9,176.5
2016-06-01,50,9.3,NA
2016-06-02,50,0.1,186
2016-06-02,50,0.8,NA
2016-06-02,50,1.6,186
2016-06-02,50,2.8,NA
2016-06-02,50,3.8,186
2016-06-02,50,5,186
2016-06-02,50,5.2,NA
2016-06-02,50,5.5,NA
2016-06-02,50,5.8,NA
2016-06-02,50,6,NA
2016-06-02,50,6.2,186
2016-06-02,50,8,186
2016-06-02,50,9,186
2016-06-02,50,9.3,NA
2016-06-03,50,0.1,195.5
2016-06-03,50,0.8,NA
2016-06-03,50,1.6,195.5
2016-06-03,50,2.8,NA
2016-06-03,50,3.8,195.5
2016-06-03,50,5,195.5
2016-06-03,50,5.2,NA
2016-06-03,50,5.5,NA
2016-06-03,50,5.8,NA
2016-06-03,50,6,NA
2016-06-03,50,6.2,195.5
2016-06-03,50,8,195.5
2016-06-03,50,9,195.5
2016-06-03,50,9.3,NA
2016-06-06,50,0.1,205
2016-06-06,50,0.8,NA
2016-06-06,50,1.6,205
2016-06-06,50,2.8,NA
2016-06-06,50,3.8,205
2016-06-06,50,5,205
2016-06-06,50,5.2,NA
2016-06-06,50,5.5,NA
2016-06-06,50,5.8,NA
2016-06-06,50,6,NA
2016-06-06,50,6.2,205
2016-06-06,50,8,205
2016-06-06,50,9,205
2016-06-06,50,9.3,NA
2016-06-07,50,0.1,197.75
2016-06-07,50,0.8,NA
2016-06-07,50,1.6,197.75
2016-06-07,50,2.8,NA
2016-06-07,50,3.8,197.75
2016-06-07,50,5,197.75
2016-06-07,50,5.2,NA
2016-06-07,50,5.5,NA
2016-06-07,50,5.8,NA
2016-06-07,50,6,NA
2016-06-07,50,6.2,197.75
2016-06-07,50,8,197.75
2016-06-07,50,9,197.75
2016-06-07,50,9.3,NA
2016-06-08,50,0.1,190.5
2016-06-08,50,0.8,NA
2016-06-08,50,1.6,190.5
2016-06-08,50,2.8,NA
2016-06-08,50,3.8,190.5
2016-06-08,50,5,190.5
2016-06-08,50,5.2,NA
2016-06-08,50,5.5,NA
2016-06-08,50,5.8,NA
2016-06-08,50,6,NA
2016-06-08,50,6.2,190.5
2016-06-08,50,8,190.5
2016-06-08,50,9,190.5
2016-06-08,50,9.3,NA
2016-06-09,50,0.1,183.25
2016-06-09,50,0.8,NA
2016-06-09,50,1.6,183.25
2016-06-09,50,2.8,NA
2016-06-09,50,3.8,183.25
2016-06-09,50,5,183.25
2016-06-09,50,5.2,NA
2016-06-09,50,5.5,NA
2016-06-09,50,5.8,NA
2016-06-09,50,6,NA
2016-06-09,50,6.2,183.25
2016-06-09,50,8,183.25
2016-06-09,50,9,183.25
2016-06-09,50,9.3,NA
2016-06-13,50,0.1,176
2016-06-13,50,0.8,NA
2016-06-13,50,1.6,176
2016-06-13,50,2.8,NA
2016-06-13,50,3.8,176
2016-06-13,50,5,176
2016-06-13,50,5.2,NA
2016-06-13,50,5.5,NA
2016-06-13,50,5.8,NA
2016-06-13,50,6,NA
2016-06-13,50,6.2,176
2016-06-13,50,8,176
2016-06-13,50,9,176
2016-06-13,50,9.3,NA
2016-06-20,50,0.1,254
2016-06-20,50,0.8,NA
2016-06-20,50,1.6,254
2016-06-20,50,2.8,NA
2016-06-20,50,3.8,254
2016-06-20,50,5,254
2016-06-20,50,5.2,NA
2016-06-20,50,5.5,NA
2016-06-20,50,5.8,NA
2016-06-20,50,6,NA
2016-06-20,50,6.2,254
2016-06-20,50,8,254
2016-06-20,50,9,254
2016-06-20,50,9.3,NA
2016-06-23,50,0.1,233
2016-06-23,50,0.8,NA
2016-06-23,50,1.6,233
2016-06-23,50,2.8,NA
2016-06-23,50,3.8,233
2016-06-23,50,5,233
2016-06-23,50,5.2,NA
2016-06-23,50,5.5,NA
2016-06-23,50,5.8,NA
2016-06-23,50,6,NA
2016-06-23,50,6.2,233
2016-06-23,50,8,233
2016-06-23,50,9,233
2016-06-23,50,9.3,NA
2016-06-26,50,0.1,212
2016-06-26,50,0.8,NA
2016-06-26,50,1.6,212
2016-06-26,50,2.8,NA
2016-06-26,50,3.8,212
2016-06-26,50,5,212
2016-06-26,50,5.2,NA
2016-06-26,50,5.5,NA
2016-06-26,50,5.8,NA
2016-06-26,50,6,NA
2016-06-26,50,6.2,212
2016-06-26,50,8,212
2016-06-26,50,9,212
2016-06-26,50,9.3,NA
2016-06-27,50,0.1,191
2016-06-27,50,0.8,NA
2016-06-27,50,1.6,191
2016-06-27,50,2.8,NA
2016-06-27,50,3.8,191
2016-06-27,50,5,191
2016-06-27,50,5.2,NA
2016-06-27,50,5.5,NA
2016-06-27,50,5.8,NA
2016-06-27,50,6,NA
2016-06-27,50,6.2,191
2016-06-27,50,8,191
2016-06-27,50,9,191
2016-06-27,50,9.3,NA
2016-06-28,50,0.1,223
2016-06-28,50,0.8,NA
2016-06-28,50,1.6,223
2016-06-28,50,2.8,NA
2016-06-28,50,3.8,223
2016-06-28,50,5,223
2016-06-28,50,5.2,NA
2016-06-28,50,5.5,NA
2016-06-28,50,5.8,NA
2016-06-28,50,6,NA
2016-06-28,50,6.2,223
2016-06-28,50,8,223
2016-06-28,50,9,223
2016-06-28,50,9.3,NA
2016-06-30,50,0.1,194
2016-06-30,50,0.8,NA
2016-06-30,50,1.6,194
2016-06-30,50,2.8,NA
2016-06-30,50,3.8,194
2016-06-30,50,5,194
2016-06-30,50,5.2,NA
2016-06-30,50,5.5,NA
2016-06-30,50,5.8,NA
2016-06-30,50,6,NA
2016-06-30,50,6.2,194
2016-06-30,50,8,194
2016-06-30,50,9,194
2016-06-30,50,9.3,NA
2016-07-05,50,0.1,179
2016-07-05,50,0.8,NA
2016-07-05,50,1.6,179
2016-07-05,50,2.8,NA
2016-07-05,50,3.8,179
2016-07-05,50,5,179
2016-07-05,50,5.2,NA
2016-07-05,50,5.5,NA
2016-07-05,50,5.8,NA
2016-07-05,50,6,NA
2016-07-05,50,6.2,179
2016-07-05,50,8,179
2016-07-05,50,9,179
2016-07-05,50,9.3,NA
2016-07-07,50,0.1,161.5
2016-07-07,50,0.8,NA
2016-07-07,50,1.6,161.5
2016-07-07,50,2.8,NA
2016-07-07,50,3.8,161.5
2016-07-07,50,5,161.5
2016-07-07,50,5.2,NA
2016-07-07,50,5.5,NA
2016-07-07,50,5.8,NA
2016-07-07,50,6,NA
2016-07-07,50,6.2,161.5
2016-07-07,50,8,161.5
2016-07-07,50,9,161.5
2016-07-07,50,9.3,NA
2016-07-11,50,0.1,144
2016-07-11,50,0.8,NA
2016-07-11,50,1.6,144
2016-07-11,50,2.8,NA
2016-07-11,50,3.8,144
2016-07-11,50,5,144
2016-07-11,50,5.2,NA
2016-07-11,50,5.5,144
2016-07-11,50,5.8,NA
2016-07-11,50,6,NA
2016-07-11,50,6.2,144
2016-07-11,50,8,144
2016-07-11,50,9,144
2016-07-11,50,9.3,NA
2016-07-14,50,0.1,312.5
2016-07-14,50,0.8,NA
2016-07-14,50,1.6,312.5
2016-07-14,50,2.8,NA
2016-07-14,50,3.8,312.5
2016-07-14,50,5,312.5
2016-07-14,50,5.2,NA
2016-07-14,50,5.5,164
2016-07-14,50,5.8,NA
2016-07-14,50,6,NA
2016-07-14,50,6.2,312.5
2016-07-14,50,8,312.5
2016-07-14,50,9,312.5
2016-07-14,50,9.3,NA
2016-07-18,50,0.1,481
2016-07-18,50,0.8,NA
2016-07-18,50,1.6,481
2016-07-18,50,2.8,NA
2016-07-18,50,3.8,481
2016-07-18,50,5,481
2016-07-18,50,5.2,NA
2016-07-18,50,5.5,184
2016-07-18,50,5.8,NA
2016-07-18,50,6,NA
2016-07-18,50,6.2,481
2016-07-18,50,8,481
2016-07-18,50,9,481
2016-07-18,50,9.3,NA
2016-07-21,50,0.1,402
2016-07-21,50,0.8,NA
2016-07-21,50,1.6,402
2016-07-21,50,2.8,NA
2016-07-21,50,3.8,402
2016-07-21,50,5,402
2016-07-21,50,5.2,NA
2016-07-21,50,5.5,204
2016-07-21,50,5.8,NA
2016-07-21,50,6,NA
2016-07-21,50,6.2,402
2016-07-21,50,8,402
2016-07-21,50,9,402
2016-07-21,50,9.3,NA
2016-07-24,50,0.1,323
2016-07-24,50,0.8,NA
2016-07-24,50,1.6,323
2016-07-24,50,2.8,NA
2016-07-24,50,3.8,323
2016-07-24,50,5,323
2016-07-24,50,5.2,NA
2016-07-24,50,5.5,224
2016-07-24,50,5.8,NA
2016-07-24,50,6,NA
2016-07-24,50,6.2,323
2016-07-24,50,8,323
2016-07-24,50,9,323
2016-07-24,50,9.3,NA
2016-07-25,50,0.1,244
2016-07-25,50,0.1,244
2016-07-25,50,0.8,NA
2016-07-25,50,1.6,244
2016-07-25,50,2.8,NA
2016-07-25,50,3.8,244
2016-07-25,50,5,244
2016-07-25,50,5.2,244
2016-07-25,50,5.5,244
2016-07-25,50,5.8,NA
2016-07-25,50,6,NA
2016-07-25,50,6.2,244
2016-07-25,50,8,244
2016-07-25,50,8,244
2016-07-25,50,9,244
2016-07-25,50,9.3,NA
2016-07-26,50,0.1,235.333333333333
2016-07-26,50,0.8,NA
2016-07-26,50,1.6,235.333333333333
2016-07-26,50,2.8,NA
2016-07-26,50,3.8,235.333333333333
2016-07-26,50,5,235.333333333333
2016-07-26,50,5.2,NA
2016-07-26,50,5.5,241.166666666667
2016-07-26,50,5.8,NA
2016-07-26,50,6,NA
2016-07-26,50,6.2,235.333333333333
2016-07-26,50,8,235.333333333333
2016-07-26,50,9,235.333333333333
2016-07-26,50,9.3,NA
2016-07-28,50,0.1,226.666666666667
2016-07-28,50,0.8,NA
2016-07-28,50,1.6,226.666666666667
2016-07-28,50,2.8,NA
2016-07-28,50,3.8,226.666666666667
2016-07-28,50,5,226.666666666667
2016-07-28,50,5.2,NA
2016-07-28,50,5.5,238.333333333333
2016-07-28,50,5.8,NA
2016-07-28,50,6,NA
2016-07-28,50,6.2,226.666666666667
2016-07-28,50,8,226.666666666667
2016-07-28,50,9,226.666666666667
2016-07-28,50,9.3,NA
2016-08-01,50,0.1,218
2016-08-01,50,0.8,NA
2016-08-01,50,1.6,218
2016-08-01,50,2.8,NA
2016-08-01,50,3.8,218
2016-08-01,50,5,218
2016-08-01,50,5.2,NA
2016-08-01,50,5.5,235.5
2016-08-01,50,5.8,218
2016-08-01,50,6,NA
2016-08-01,50,6.2,218
2016-08-01,50,8,218
2016-08-01,50,9,218
2016-08-01,50,9.3,NA
2016-08-08,50,0.1,222
2016-08-08,50,0.8,NA
2016-08-08,50,1.6,222
2016-08-08,50,2.8,NA
2016-08-08,50,3.8,222
2016-08-08,50,5,222
2016-08-08,50,5.2,NA
2016-08-08,50,5.5,232.666666666667
2016-08-08,50,5.8,NA
2016-08-08,50,6,NA
2016-08-08,50,6.2,222
2016-08-08,50,8,222
2016-08-08,50,9,222
2016-08-08,50,9.3,NA
2016-08-11,50,0.1,224.5
2016-08-11,50,0.8,NA
2016-08-11,50,1.6,224.5
2016-08-11,50,2.8,NA
2016-08-11,50,3.8,224.5
2016-08-11,50,5,224.5
2016-08-11,50,5.2,NA
2016-08-11,50,5.5,229.833333333333
2016-08-11,50,5.8,NA
2016-08-11,50,6,NA
2016-08-11,50,6.2,224.5
2016-08-11,50,8,224.5
2016-08-11,50,9,224.5
2016-08-11,50,9.3,NA
2016-08-15,50,0.1,227
2016-08-15,50,0.8,NA
2016-08-15,50,1.6,227
2016-08-15,50,2.8,NA
2016-08-15,50,3.8,227
2016-08-15,50,5,227
2016-08-15,50,5.2,NA
2016-08-15,50,5.5,227
2016-08-15,50,5.8,NA
2016-08-15,50,6,NA
2016-08-15,50,6.2,227
2016-08-15,50,8,227
2016-08-15,50,9,227
2016-08-15,50,9.3,NA
2016-08-18,50,0.1,199.933333333333
2016-08-18,50,0.8,NA
2016-08-18,50,1.6,199.933333333333
2016-08-18,50,2.8,NA
2016-08-18,50,3.8,199.933333333333
2016-08-18,50,5,199.933333333333
2016-08-18,50,5.2,NA
2016-08-18,50,5.5,NA
2016-08-18,50,5.8,NA
2016-08-18,50,6,NA
2016-08-18,50,6.2,199.933333333333
2016-08-18,50,8,199.933333333333
2016-08-18,50,9,199.933333333333
2016-08-18,50,9.3,NA
2016-08-23,50,0.1,172.866666666667
2016-08-23,50,0.8,NA
2016-08-23,50,1.6,172.866666666667
2016-08-23,50,2.8,NA
2016-08-23,50,3.8,172.866666666667
2016-08-23,50,5,172.866666666667
2016-08-23,50,5.2,NA
2016-08-23,50,5.5,NA
2016-08-23,50,5.8,NA
2016-08-23,50,6,NA
2016-08-23,50,6.2,172.866666666667
2016-08-23,50,8,172.866666666667
2016-08-23,50,9,172.866666666667
2016-08-23,50,9.3,NA
2016-08-26,50,0.1,145.8
2016-08-26,50,0.8,NA
2016-08-26,50,1.6,145.8
2016-08-26,50,2.8,NA
2016-08-26,50,3.8,145.8
2016-08-26,50,5,145.8
2016-08-26,50,5.2,NA
2016-08-26,50,5.5,NA
2016-08-26,50,5.8,NA
2016-08-26,50,6,NA
2016-08-26,50,6.2,145.8
2016-08-26,50,8,145.8
2016-08-26,50,9,145.8
2016-08-26,50,9.3,NA
2016-09-02,50,0.1,267
2016-09-02,50,0.8,NA
2016-09-02,50,1.6,267
2016-09-02,50,2.8,NA
2016-09-02,50,3.8,267
2016-09-02,50,5,267
2016-09-02,50,5.2,NA
2016-09-02,50,5.5,NA
2016-09-02,50,5.8,NA
2016-09-02,50,6,NA
2016-09-02,50,6.2,267
2016-09-02,50,8,267
2016-09-02,50,9,267
2016-09-02,50,9.3,NA
2016-09-06,50,0.1,305.5
2016-09-06,50,0.8,NA
2016-09-06,50,1.6,305.5
2016-09-06,50,2.8,NA
2016-09-06,50,3.8,305.5
2016-09-06,50,5,305.5
2016-09-06,50,5.2,NA
2016-09-06,50,5.5,NA
2016-09-06,50,5.8,NA
2016-09-06,50,6,NA
2016-09-06,50,6.2,305.5
2016-09-06,50,8,305.5
2016-09-06,50,9,305.5
2016-09-06,50,9.3,NA
2016-09-09,50,0.1,344
2016-09-09,50,0.8,NA
2016-09-09,50,1.6,344
2016-09-09,50,2.8,NA
2016-09-09,50,3.8,344
2016-09-09,50,5,344
2016-09-09,50,5.2,NA
2016-09-09,50,5.5,NA
2016-09-09,50,5.8,NA
2016-09-09,50,6,NA
2016-09-09,50,6.2,344
2016-09-09,50,8,344
2016-09-09,50,9,344
2016-09-09,50,9.3,NA
2016-09-16,50,0.1,335
2016-09-16,50,0.8,NA
2016-09-16,50,1.6,335
2016-09-16,50,2.8,NA
2016-09-16,50,3.8,335
2016-09-16,50,5,335
2016-09-16,50,5.2,NA
2016-09-16,50,5.5,NA
2016-09-16,50,5.8,NA
2016-09-16,50,6,NA
2016-09-16,50,6.2,335
2016-09-16,50,8,335
2016-09-16,50,9,335
2016-09-16,50,9.3,NA
2016-09-17,50,0.1,326
2016-09-17,50,0.8,NA
2016-09-17,50,1.6,326
2016-09-17,50,2.8,NA
2016-09-17,50,3.8,326
2016-09-17,50,5,326
2016-09-17,50,5.2,NA
2016-09-17,50,5.5,NA
2016-09-17,50,5.8,NA
2016-09-17,50,6,NA
2016-09-17,50,6.2,326
2016-09-17,50,8,326
2016-09-17,50,9,326
2016-09-17,50,9.3,NA
2016-09-22,50,0.1,317
2016-09-22,50,0.8,NA
2016-09-22,50,1.6,317
2016-09-22,50,2.8,NA
2016-09-22,50,3.8,317
2016-09-22,50,5,317
2016-09-22,50,5.2,NA
2016-09-22,50,5.5,NA
2016-09-22,50,5.8,NA
2016-09-22,50,6,NA
2016-09-22,50,6.2,317
2016-09-22,50,8,317
2016-09-22,50,9,317
2016-09-22,50,9.3,NA
2016-09-27,50,0.1,308
2016-09-27,50,0.8,NA
2016-09-27,50,1.6,308
2016-09-27,50,2.8,NA
2016-09-27,50,3.8,308
2016-09-27,50,5,308
2016-09-27,50,5.2,NA
2016-09-27,50,5.5,NA
2016-09-27,50,5.8,NA
2016-09-27,50,6,NA
2016-09-27,50,6.2,308
2016-09-27,50,8,308
2016-09-27,50,9,308
2016-09-27,50,9.3,NA
2016-09-30,50,0.1,299
2016-09-30,50,0.8,NA
2016-09-30,50,1.6,299
2016-09-30,50,2.8,NA
2016-09-30,50,3.8,299
2016-09-30,50,5,299
2016-09-30,50,5.2,NA
2016-09-30,50,5.5,NA
2016-09-30,50,5.8,NA
2016-09-30,50,6,NA
2016-09-30,50,6.2,299
2016-09-30,50,8,299
2016-09-30,50,9,299
2016-09-30,50,9.3,NA
2016-10-05,50,0.1,275.666666666667
2016-10-05,50,0.8,NA
2016-10-05,50,1.6,275.666666666667
2016-10-05,50,2.8,NA
2016-10-05,50,3.8,275.666666666667
2016-10-05,50,5,275.666666666667
2016-10-05,50,5.2,NA
2016-10-05,50,5.5,NA
2016-10-05,50,5.8,NA
2016-10-05,50,6,NA
2016-10-05,50,6.2,275.666666666667
2016-10-05,50,8,275.666666666667
2016-10-05,50,9,275.666666666667
2016-10-05,50,9.3,NA
2016-10-06,50,0.1,252.333333333333
2016-10-06,50,0.8,NA
2016-10-06,50,1.6,252.333333333333
2016-10-06,50,2.8,NA
2016-10-06,50,3.8,252.333333333333
2016-10-06,50,5,252.333333333333
2016-10-06,50,5.2,NA
2016-10-06,50,5.5,NA
2016-10-06,50,5.8,NA
2016-10-06,50,6,NA
2016-10-06,50,6.2,252.333333333333
2016-10-06,50,8,252.333333333333
2016-10-06,50,9,252.333333333333
2016-10-06,50,9.3,NA
2016-10-07,50,0.1,229
2016-10-07,50,0.8,NA
2016-10-07,50,1.6,229
2016-10-07,50,2.8,NA
2016-10-07,50,3.8,229
2016-10-07,50,5,229
2016-10-07,50,5.2,NA
2016-10-07,50,5.5,NA
2016-10-07,50,5.8,NA
2016-10-07,50,6,NA
2016-10-07,50,6.2,229
2016-10-07,50,8,229
2016-10-07,50,9,229
2016-10-07,50,9.3,NA
2016-10-11,50,0.1,205.9
2016-10-11,50,0.8,NA
2016-10-11,50,1.6,205.9
2016-10-11,50,2.8,NA
2016-10-11,50,3.8,205.9
2016-10-11,50,5,205.9
2016-10-11,50,5.2,NA
2016-10-11,50,5.5,NA
2016-10-11,50,5.8,NA
2016-10-11,50,6,NA
2016-10-11,50,6.2,205.9
2016-10-11,50,8,205.9
2016-10-11,50,9,205.9
2016-10-11,50,9.3,NA
2016-10-14,50,0.1,182.8
2016-10-14,50,0.8,NA
2016-10-14,50,1.6,182.8
2016-10-14,50,2.8,NA
2016-10-14,50,3.8,182.8
2016-10-14,50,5,182.8
2016-10-14,50,5.2,NA
2016-10-14,50,5.5,NA
2016-10-14,50,5.8,NA
2016-10-14,50,6,NA
2016-10-14,50,6.2,182.8
2016-10-14,50,8,182.8
2016-10-14,50,9,182.8
2016-10-14,50,9.3,NA
2016-10-20,50,0.1,180.833333333333
2016-10-20,50,0.8,NA
2016-10-20,50,1.6,180.833333333333
2016-10-20,50,2.8,NA
2016-10-20,50,3.8,180.833333333333
2016-10-20,50,5,180.833333333333
2016-10-20,50,5.2,NA
2016-10-20,50,5.5,NA
2016-10-20,50,5.8,NA
2016-10-20,50,6,NA
2016-10-20,50,6.2,180.833333333333
2016-10-20,50,8,180.833333333333
2016-10-20,50,9,180.833333333333
2016-10-20,50,9.3,NA
2016-10-27,50,0.1,178.866666666667
2016-10-27,50,0.8,NA
2016-10-27,50,1.6,178.866666666667
2016-10-27,50,2.8,NA
2016-10-27,50,3.8,178.866666666667
2016-10-27,50,5,178.866666666667
2016-10-27,50,5.2,NA
2016-10-27,50,5.5,NA
2016-10-27,50,5.8,NA
2016-10-27,50,6,NA
2016-10-27,50,6.2,178.866666666667
2016-10-27,50,8,178.866666666667
2016-10-27,50,9,178.866666666667
2016-10-27,50,9.3,NA
2016-10-31,50,0.1,176.9
2016-10-31,50,0.8,NA
2016-10-31,50,1.6,176.9
2016-10-31,50,2.8,NA
2016-10-31,50,3.8,176.9
2016-10-31,50,5,176.9
2016-10-31,50,5.2,NA
2016-10-31,50,5.5,NA
2016-10-31,50,5.8,NA
2016-10-31,50,6,NA
2016-10-31,50,6.2,176.9
2016-10-31,50,8,176.9
2016-10-31,50,9,176.9
2016-10-31,50,9.3,NA
2016-11-04,50,0.1,174.933333333333
2016-11-04,50,0.8,NA
2016-11-04,50,1.6,174.933333333333
2016-11-04,50,2.8,NA
2016-11-04,50,3.8,174.933333333333
2016-11-04,50,5,174.933333333333
2016-11-04,50,5.2,NA
2016-11-04,50,5.5,NA
2016-11-04,50,5.8,NA
2016-11-04,50,6,NA
2016-11-04,50,6.2,174.933333333333
2016-11-04,50,8,174.933333333333
2016-11-04,50,9,174.933333333333
2016-11-04,50,9.3,NA
2016-11-11,50,0.1,172.966666666667
2016-11-11,50,0.8,NA
2016-11-11,50,1.6,172.966666666667
2016-11-11,50,2.8,NA
2016-11-11,50,3.8,172.966666666667
2016-11-11,50,5,172.966666666667
2016-11-11,50,5.2,NA
2016-11-11,50,5.5,NA
2016-11-11,50,5.8,NA
2016-11-11,50,6,NA
2016-11-11,50,6.2,172.966666666667
2016-11-11,50,8,172.966666666667
2016-11-11,50,9,172.966666666667
2016-11-11,50,9.3,NA
2016-12-02,50,0.1,171
2016-12-02,50,0.8,NA
2016-12-02,50,1.6,171
2016-12-02,50,2.8,NA
2016-12-02,50,3.8,171
2016-12-02,50,5,171
2016-12-02,50,5.2,NA
2016-12-02,50,5.5,NA
2016-12-02,50,5.8,NA
2016-12-02,50,6,NA
2016-12-02,50,6.2,171
2016-12-02,50,8,171
2016-12-02,50,9,171
2016-12-02,50,9.3,NA
2017-03-12,50,0.1,177.133333333333
2017-03-12,50,0.8,NA
2017-03-12,50,1.6,177.133333333333
2017-03-12,50,2.8,NA
2017-03-12,50,3.8,177.133333333333
2017-03-12,50,5,177.133333333333
2017-03-12,50,5.2,NA
2017-03-12,50,5.5,NA
2017-03-12,50,5.8,NA
2017-03-12,50,6,NA
2017-03-12,50,6.2,177.133333333333
2017-03-12,50,8,177.133333333333
2017-03-12,50,9,177.133333333333
2017-03-12,50,9.3,NA
2017-03-26,50,0.1,183.266666666667
2017-03-26,50,0.8,NA
2017-03-26,50,1.6,183.266666666667
2017-03-26,50,2.8,NA
2017-03-26,50,3.8,183.266666666667
2017-03-26,50,5,183.266666666667
2017-03-26,50,5.2,NA
2017-03-26,50,5.5,NA
2017-03-26,50,5.8,NA
2017-03-26,50,6,NA
2017-03-26,50,6.2,183.266666666667
2017-03-26,50,8,183.266666666667
2017-03-26,50,9,183.266666666667
2017-03-26,50,9.3,NA
2017-04-09,50,0.1,189.4
2017-04-09,50,0.8,NA
2017-04-09,50,1.6,189.4
2017-04-09,50,2.8,NA
2017-04-09,50,3.8,189.4
2017-04-09,50,5,189.4
2017-04-09,50,5.2,NA
2017-04-09,50,5.5,NA
2017-04-09,50,5.8,NA
2017-04-09,50,6,NA
2017-04-09,50,6.2,189.4
2017-04-09,50,8,189.4
2017-04-09,50,9,189.4
2017-04-09,50,9.3,NA
2017-04-16,50,0.1,195.533333333333
2017-04-16,50,0.8,NA
2017-04-16,50,1.6,195.533333333333
2017-04-16,50,2.8,NA
2017-04-16,50,3.8,195.533333333333
2017-04-16,50,5,195.533333333333
2017-04-16,50,5.2,NA
2017-04-16,50,5.5,NA
2017-04-16,50,5.8,NA
2017-04-16,50,6,NA
2017-04-16,50,6.2,195.533333333333
2017-04-16,50,8,195.533333333333
2017-04-16,50,9,195.533333333333
2017-04-16,50,9.3,NA
2017-04-23,50,0.1,201.666666666667
2017-04-23,50,0.8,NA
2017-04-23,50,1.6,201.666666666667
2017-04-23,50,2.8,NA
2017-04-23,50,3.8,201.666666666667
2017-04-23,50,5,201.666666666667
2017-04-23,50,5.2,NA
2017-04-23,50,5.5,NA
2017-04-23,50,5.8,NA
2017-04-23,50,6,NA
2017-04-23,50,6.2,201.666666666667
2017-04-23,50,8,201.666666666667
2017-04-23,50,9,201.666666666667
2017-04-23,50,9.3,NA
2017-04-30,50,0.1,207.8
2017-04-30,50,0.8,NA
2017-04-30,50,1.6,207.8
2017-04-30,50,2.8,NA
2017-04-30,50,3.8,207.8
2017-04-30,50,5,207.8
2017-04-30,50,5.2,NA
2017-04-30,50,5.5,NA
2017-04-30,50,5.8,NA
2017-04-30,50,6,NA
2017-04-30,50,6.2,207.8
2017-04-30,50,8,207.8
2017-04-30,50,9,207.8
2017-04-30,50,9.3,NA
2017-05-04,50,0.1,213.933333333333
2017-05-04,50,0.8,NA
2017-05-04,50,1.6,213.933333333333
2017-05-04,50,2.8,NA
2017-05-04,50,3.8,213.933333333333
2017-05-04,50,5,213.933333333333
2017-05-04,50,5.2,NA
2017-05-04,50,5.5,NA
2017-05-04,50,5.8,NA
2017-05-04,50,6,NA
2017-05-04,50,6.2,213.933333333333
2017-05-04,50,8,213.933333333333
2017-05-04,50,9,213.933333333333
2017-05-04,50,9.3,NA
2017-05-07,50,0.1,220.066666666667
2017-05-07,50,0.8,NA
2017-05-07,50,1.6,220.066666666667
2017-05-07,50,2.8,NA
2017-05-07,50,3.8,220.066666666667
2017-05-07,50,5,220.066666666667
2017-05-07,50,5.2,NA
2017-05-07,50,5.5,NA
2017-05-07,50,5.8,NA
2017-05-07,50,6,NA
2017-05-07,50,6.2,220.066666666667
2017-05-07,50,8,220.066666666667
2017-05-07,50,9,220.066666666667
2017-05-07,50,9.3,NA
2017-05-09,50,0.1,226.2
2017-05-09,50,0.8,NA
2017-05-09,50,1.6,226.2
2017-05-09,50,2.8,NA
2017-05-09,50,3.8,226.2
2017-05-09,50,5,226.2
2017-05-09,50,5.2,NA
2017-05-09,50,5.5,NA
2017-05-09,50,5.8,NA
2017-05-09,50,6,NA
2017-05-09,50,6.2,226.2
2017-05-09,50,8,226.2
2017-05-09,50,9,226.2
2017-05-09,50,9.3,NA
2017-05-14,50,0.1,232.333333333333
2017-05-14,50,0.8,NA
2017-05-14,50,1.6,232.333333333333
2017-05-14,50,2.8,NA
2017-05-14,50,3.8,232.333333333333
2017-05-14,50,5,232.333333333333
2017-05-14,50,5.2,NA
2017-05-14,50,5.5,NA
2017-05-14,50,5.8,NA
2017-05-14,50,6,NA
2017-05-14,50,6.2,232.333333333333
2017-05-14,50,8,232.333333333333
2017-05-14,50,9,232.333333333333
2017-05-14,50,9.3,NA
2017-06-28,50,0.1,238.466666666667
2017-06-28,50,0.8,NA
2017-06-28,50,1.6,238.466666666667
2017-06-28,50,2.8,NA
2017-06-28,50,3.8,238.466666666667
2017-06-28,50,5,238.466666666667
2017-06-28,50,5.2,NA
2017-06-28,50,5.5,NA
2017-06-28,50,5.8,NA
2017-06-28,50,6,NA
2017-06-28,50,6.2,238.466666666667
2017-06-28,50,8,238.466666666667
2017-06-28,50,9,238.466666666667
2017-06-28,50,9.3,NA
2017-07-04,50,0.1,244.6
2017-07-04,50,0.8,NA
2017-07-04,50,1.6,244.6
2017-07-04,50,2.8,NA
2017-07-04,50,3.8,244.6
2017-07-04,50,5,244.6
2017-07-04,50,5.2,NA
2017-07-04,50,5.5,NA
2017-07-04,50,5.8,NA
2017-07-04,50,6,NA
2017-07-04,50,6.2,244.6
2017-07-04,50,8,244.6
2017-07-04,50,9,244.6
2017-07-04,50,9.3,NA
2017-07-06,50,0.1,250.733333333333
2017-07-06,50,0.8,NA
2017-07-06,50,1.6,250.733333333333
2017-07-06,50,2.8,NA
2017-07-06,50,3.8,250.733333333333
2017-07-06,50,5,250.733333333333
2017-07-06,50,5.2,NA
2017-07-06,50,5.5,NA
2017-07-06,50,5.8,NA
2017-07-06,50,6,NA
2017-07-06,50,6.2,250.733333333333
2017-07-06,50,8,250.733333333333
2017-07-06,50,9,250.733333333333
2017-07-06,50,9.3,NA
2017-07-09,50,0.1,256.866666666667
2017-07-09,50,0.8,NA
2017-07-09,50,1.6,256.866666666667
2017-07-09,50,2.8,NA
2017-07-09,50,3.8,256.866666666667
2017-07-09,50,5,256.866666666667
2017-07-09,50,5.2,NA
2017-07-09,50,5.5,NA
2017-07-09,50,5.8,NA
2017-07-09,50,6,NA
2017-07-09,50,6.2,256.866666666667
2017-07-09,50,8,256.866666666667
2017-07-09,50,9,256.866666666667
2017-07-09,50,9.3,NA
2017-07-10,50,0.1,263
2017-07-10,50,0.8,NA
2017-07-10,50,1.6,263
2017-07-10,50,2.8,NA
2017-07-10,50,3.8,263
2017-07-10,50,5,263
2017-07-10,50,5.2,NA
2017-07-10,50,5.5,NA
2017-07-10,50,5.8,NA
2017-07-10,50,6,NA
2017-07-10,50,6.2,263
2017-07-10,50,8,263
2017-07-10,50,9,263
2017-07-10,50,9.3,NA
2017-07-11,50,0.1,262.666666666667
2017-07-11,50,0.8,NA
2017-07-11,50,1.6,262.666666666667
2017-07-11,50,2.8,NA
2017-07-11,50,3.8,262.666666666667
2017-07-11,50,5,262.666666666667
2017-07-11,50,5.2,NA
2017-07-11,50,5.5,NA
2017-07-11,50,5.8,NA
2017-07-11,50,6,NA
2017-07-11,50,6.2,262.666666666667
2017-07-11,50,8,262.666666666667
2017-07-11,50,9,262.666666666667
2017-07-11,50,9.3,NA
2017-07-12,50,0.1,262.333333333333
2017-07-12,50,0.8,NA
2017-07-12,50,1.6,262.333333333333
2017-07-12,50,2.8,NA
2017-07-12,50,3.8,262.333333333333
2017-07-12,50,5,262.333333333333
2017-07-12,50,5.2,NA
2017-07-12,50,5.5,NA
2017-07-12,50,5.8,NA
2017-07-12,50,6,NA
2017-07-12,50,6.2,262.333333333333
2017-07-12,50,8,262.333333333333
2017-07-12,50,9,262.333333333333
2017-07-12,50,9.3,NA
2017-08-06,50,0.1,262
2017-08-06,50,0.8,NA
2017-08-06,50,1.6,262
2017-08-06,50,2.8,NA
2017-08-06,50,3.8,262
2017-08-06,50,5,262
2017-08-06,50,5.2,NA
2017-08-06,50,5.5,NA
2017-08-06,50,5.8,NA
2017-08-06,50,6,NA
2017-08-06,50,6.2,262
2017-08-06,50,8,262
2017-08-06,50,9,262
2017-08-06,50,9.3,NA
2017-08-09,50,0.1,261.666666666667
2017-08-09,50,0.8,NA
2017-08-09,50,1.6,261.666666666667
2017-08-09,50,2.8,NA
2017-08-09,50,3.8,261.666666666667
2017-08-09,50,5,261.666666666667
2017-08-09,50,5.2,NA
2017-08-09,50,5.5,NA
2017-08-09,50,5.8,NA
2017-08-09,50,6,NA
2017-08-09,50,6.2,261.666666666667
2017-08-09,50,8,261.666666666667
2017-08-09,50,9,261.666666666667
2017-08-09,50,9.3,NA
2017-08-13,50,0.1,261.333333333333
2017-08-13,50,0.8,NA
2017-08-13,50,1.6,261.333333333333
2017-08-13,50,2.8,NA
2017-08-13,50,3.8,261.333333333333
2017-08-13,50,5,261.333333333333
2017-08-13,50,5.2,NA
2017-08-13,50,5.5,NA
2017-08-13,50,5.8,NA
2017-08-13,50,6,NA
2017-08-13,50,6.2,261.333333333333
2017-08-13,50,8,261.333333333333
2017-08-13,50,9,261.333333333333
2017-08-13,50,9.3,NA
2017-08-16,50,0.1,261
2017-08-16,50,0.8,NA
2017-08-16,50,1.6,261
2017-08-16,50,2.8,NA
2017-08-16,50,3.8,261
2017-08-16,50,5,261
2017-08-16,50,5.2,NA
2017-08-16,50,5.5,NA
2017-08-16,50,5.8,NA
2017-08-16,50,6,NA
2017-08-16,50,6.2,261
2017-08-16,50,8,261
2017-08-16,50,9,261
2017-08-16,50,9.3,NA
2017-08-20,50,0.1,260.666666666667
2017-08-20,50,0.8,NA
2017-08-20,50,1.6,260.666666666667
2017-08-20,50,2.8,NA
2017-08-20,50,3.8,260.666666666667
2017-08-20,50,5,260.666666666667
2017-08-20,50,5.2,NA
2017-08-20,50,5.5,NA
2017-08-20,50,5.8,NA
2017-08-20,50,6,NA
2017-08-20,50,6.2,260.666666666667
2017-08-20,50,8,260.666666666667
2017-08-20,50,9,260.666666666667
2017-08-20,50,9.3,NA
2017-08-27,50,0.1,260.333333333333
2017-08-27,50,0.8,NA
2017-08-27,50,1.6,260.333333333333
2017-08-27,50,2.8,NA
2017-08-27,50,3.8,260.333333333333
2017-08-27,50,5,260.333333333333
2017-08-27,50,5.2,NA
2017-08-27,50,5.5,NA
2017-08-27,50,5.8,NA
2017-08-27,50,6,NA
2017-08-27,50,6.2,260.333333333333
2017-08-27,50,8,260.333333333333
2017-08-27,50,9,260.333333333333
2017-08-27,50,9.3,NA
2017-09-03,50,0.1,260
2017-09-03,50,0.8,NA
2017-09-03,50,1.6,260
2017-09-03,50,2.8,NA
2017-09-03,50,3.8,260
2017-09-03,50,5,260
2017-09-03,50,5.2,NA
2017-09-03,50,5.5,NA
2017-09-03,50,5.8,NA
2017-09-03,50,6,NA
2017-09-03,50,6.2,260
2017-09-03,50,8,260
2017-09-03,50,9,260
2017-09-03,50,9.3,NA
2017-09-10,50,0.1,259.666666666667
2017-09-10,50,0.8,NA
2017-09-10,50,1.6,259.666666666667
2017-09-10,50,2.8,NA
2017-09-10,50,3.8,259.666666666667
2017-09-10,50,5,259.666666666667
2017-09-10,50,5.2,NA
2017-09-10,50,5.5,NA
2017-09-10,50,5.8,NA
2017-09-10,50,6,NA
2017-09-10,50,6.2,259.666666666667
2017-09-10,50,8,259.666666666667
2017-09-10,50,9,259.666666666667
2017-09-10,50,9.3,NA
2017-09-17,50,0.1,259.333333333333
2017-09-17,50,0.8,NA
2017-09-17,50,1.6,259.333333333333
2017-09-17,50,2.8,NA
2017-09-17,50,3.8,259.333333333333
2017-09-17,50,5,259.333333333333
2017-09-17,50,5.2,NA
2017-09-17,50,5.5,NA
2017-09-17,50,5.8,NA
2017-09-17,50,6,NA
2017-09-17,50,6.2,259.333333333333
2017-09-17,50,8,259.333333333333
2017-09-17,50,9,259.333333333333
2017-09-17,50,9.3,NA
2017-09-18,50,0.1,259
2017-09-18,50,0.8,NA
2017-09-18,50,1.6,259
2017-09-18,50,2.8,NA
2017-09-18,50,3.8,259
2017-09-18,50,5,259
2017-09-18,50,5.2,NA
2017-09-18,50,5.5,NA
2017-09-18,50,5.8,NA
2017-09-18,50,6,NA
2017-09-18,50,6.2,259
2017-09-18,50,8,259
2017-09-18,50,9,259
2017-09-18,50,9.3,NA
2017-09-24,50,0.1,230.25
2017-09-24,50,0.8,NA
2017-09-24,50,1.6,230.25
2017-09-24,50,2.8,NA
2017-09-24,50,3.8,230.25
2017-09-24,50,5,230.25
2017-09-24,50,5.2,NA
2017-09-24,50,5.5,NA
2017-09-24,50,5.8,NA
2017-09-24,50,6,NA
2017-09-24,50,6.2,230.25
2017-09-24,50,8,230.25
2017-09-24,50,9,230.25
2017-09-24,50,9.3,NA
2017-10-08,50,0.1,201.5
2017-10-08,50,0.8,NA
2017-10-08,50,1.6,201.5
2017-10-08,50,2.8,NA
2017-10-08,50,3.8,201.5
2017-10-08,50,5,201.5
2017-10-08,50,5.2,NA
2017-10-08,50,5.5,NA
2017-10-08,50,5.8,NA
2017-10-08,50,6,NA
2017-10-08,50,6.2,201.5
2017-10-08,50,8,201.5
2017-10-08,50,9,201.5
2017-10-08,50,9.3,NA
2017-10-15,50,0.1,172.75
2017-10-15,50,0.8,NA
2017-10-15,50,1.6,172.75
2017-10-15,50,2.8,NA
2017-10-15,50,3.8,172.75
2017-10-15,50,5,172.75
2017-10-15,50,5.2,NA
2017-10-15,50,5.5,NA
2017-10-15,50,5.8,NA
2017-10-15,50,6,NA
2017-10-15,50,6.2,172.75
2017-10-15,50,8,172.75
2017-10-15,50,9,172.75
2017-10-15,50,9.3,NA
2017-10-16,50,0.1,144
2017-10-16,50,0.8,NA
2017-10-16,50,1.6,144
2017-10-16,50,2.8,NA
2017-10-16,50,3.8,144
2017-10-16,50,5,144
2017-10-16,50,5.2,NA
2017-10-16,50,5.5,NA
2017-10-16,50,5.8,NA
2017-10-16,50,6,NA
2017-10-16,50,6.2,144
2017-10-16,50,8,144
2017-10-16,50,9,144
2017-10-16,50,9.3,NA
