"Date","Site","Depth","TP_interp"
2013-03-07,50,0.1,27
2013-03-07,50,0.8,32.3
2013-03-07,50,1.6,30.7
2013-03-07,50,2.8,35.6
2013-03-07,50,3.8,27
2013-03-07,50,5,35.6
2013-03-07,50,5.2,NA
2013-03-07,50,5.5,NA
2013-03-07,50,5.8,NA
2013-03-07,50,6,NA
2013-03-07,50,6.2,42.2
2013-03-07,50,8,47.9
2013-03-07,50,9,NA
2013-03-07,50,9.3,NA
2013-04-04,50,0.1,27
2013-04-04,50,0.8,32.3
2013-04-04,50,1.6,30.7
2013-04-04,50,2.8,35.6
2013-04-04,50,3.8,27
2013-04-04,50,5,35.6
2013-04-04,50,5.2,NA
2013-04-04,50,5.5,NA
2013-04-04,50,5.8,NA
2013-04-04,50,6,NA
2013-04-04,50,6.2,42.2
2013-04-04,50,8,47.9
2013-04-04,50,9,NA
2013-04-04,50,9.3,NA
2013-04-11,50,0.1,27
2013-04-11,50,0.8,31.1
2013-04-11,50,1.6,60.3
2013-04-11,50,2.8,45.2
2013-04-11,50,3.8,27
2013-04-11,50,5,30.1
2013-04-11,50,5.2,NA
2013-04-11,50,5.5,NA
2013-04-11,50,5.8,NA
2013-04-11,50,6,NA
2013-04-11,50,6.2,52.2
2013-04-11,50,8,41.1
2013-04-11,50,9,NA
2013-04-11,50,9.3,NA
2013-04-18,50,0.1,26
2013-04-18,50,0.8,32.1
2013-04-18,50,1.6,36.1
2013-04-18,50,2.8,24.8
2013-04-18,50,3.8,35
2013-04-18,50,5,26.4
2013-04-18,50,5.2,NA
2013-04-18,50,5.5,NA
2013-04-18,50,5.8,NA
2013-04-18,50,6,NA
2013-04-18,50,6.2,24
2013-04-18,50,8,30.3
2013-04-18,50,9,NA
2013-04-18,50,9.3,NA
2013-04-25,50,0.1,27.9
2013-04-25,50,0.8,27.9
2013-04-25,50,1.6,31.1
2013-04-25,50,2.8,49.8
2013-04-25,50,3.8,24
2013-04-25,50,5,24
2013-04-25,50,5.2,NA
2013-04-25,50,5.5,NA
2013-04-25,50,5.8,NA
2013-04-25,50,6,NA
2013-04-25,50,6.2,33.4
2013-04-25,50,8,39.6
2013-04-25,50,9,NA
2013-04-25,50,9.3,NA
2013-04-30,50,0.1,31.9
2013-04-30,50,0.8,49.35
2013-04-30,50,1.6,38.75
2013-04-30,50,2.8,36.7
2013-04-30,50,3.8,21.2
2013-04-30,50,5,23.8
2013-04-30,50,5.2,NA
2013-04-30,50,5.5,NA
2013-04-30,50,5.8,NA
2013-04-30,50,6,NA
2013-04-30,50,6.2,25.9
2013-04-30,50,8,34.25
2013-04-30,50,9,NA
2013-04-30,50,9.3,NA
2013-05-02,50,0.1,35.9
2013-05-02,50,0.8,70.8
2013-05-02,50,1.6,46.4
2013-05-02,50,2.8,23.6
2013-05-02,50,3.8,18.4
2013-05-02,50,5,23.6
2013-05-02,50,5.2,NA
2013-05-02,50,5.5,NA
2013-05-02,50,5.8,NA
2013-05-02,50,6,NA
2013-05-02,50,6.2,18.4
2013-05-02,50,8,28.9
2013-05-02,50,9,NA
2013-05-02,50,9.3,NA
2013-05-09,50,0.1,21.9
2013-05-09,50,0.8,20.2
2013-05-09,50,1.6,26.3
2013-05-09,50,2.8,31.5
2013-05-09,50,3.8,21.9
2013-05-09,50,5,35.9
2013-05-09,50,5.2,NA
2013-05-09,50,5.5,NA
2013-05-09,50,5.8,NA
2013-05-09,50,6,NA
2013-05-09,50,6.2,28
2013-05-09,50,8,24.5
2013-05-09,50,9,NA
2013-05-09,50,9.3,NA
2013-05-14,50,0.1,22.3
2013-05-14,50,0.8,22.3
2013-05-14,50,1.6,26.6333333333333
2013-05-14,50,2.8,27.0333333333333
2013-05-14,50,3.8,32.0666666666667
2013-05-14,50,5,31.9333333333333
2013-05-14,50,5.2,NA
2013-05-14,50,5.5,NA
2013-05-14,50,5.8,NA
2013-05-14,50,6,NA
2013-05-14,50,6.2,28.9
2013-05-14,50,8,24.0333333333333
2013-05-14,50,9,NA
2013-05-14,50,9.3,NA
2013-05-15,50,0.1,22.7
2013-05-15,50,0.8,24.4
2013-05-15,50,1.6,26.9666666666667
2013-05-15,50,2.8,22.5666666666667
2013-05-15,50,3.8,42.2333333333333
2013-05-15,50,5,27.9666666666667
2013-05-15,50,5.2,NA
2013-05-15,50,5.5,NA
2013-05-15,50,5.8,NA
2013-05-15,50,6,NA
2013-05-15,50,6.2,29.8
2013-05-15,50,8,23.5666666666667
2013-05-15,50,9,NA
2013-05-15,50,9.3,NA
2013-05-16,50,0.1,23.1
2013-05-16,50,0.8,26.5
2013-05-16,50,1.6,27.3
2013-05-16,50,2.8,18.1
2013-05-16,50,3.8,52.4
2013-05-16,50,5,24
2013-05-16,50,5.2,NA
2013-05-16,50,5.5,NA
2013-05-16,50,5.8,NA
2013-05-16,50,6,NA
2013-05-16,50,6.2,30.7
2013-05-16,50,8,23.1
2013-05-16,50,9,NA
2013-05-16,50,9.3,NA
2013-05-21,50,0.1,24.35
2013-05-21,50,0.8,25.25
2013-05-21,50,1.6,24.4
2013-05-21,50,2.8,23.1
2013-05-21,50,3.8,36.5
2013-05-21,50,5,24.4
2013-05-21,50,5.2,NA
2013-05-21,50,5.5,NA
2013-05-21,50,5.8,NA
2013-05-21,50,6,NA
2013-05-21,50,6.2,30.25
2013-05-21,50,8,21
2013-05-21,50,9,NA
2013-05-21,50,9.3,NA
2013-05-23,50,0.1,25.6
2013-05-23,50,0.8,24
2013-05-23,50,1.6,21.5
2013-05-23,50,2.8,28.1
2013-05-23,50,3.8,20.6
2013-05-23,50,5,24.8
2013-05-23,50,5.2,NA
2013-05-23,50,5.5,NA
2013-05-23,50,5.8,NA
2013-05-23,50,6,NA
2013-05-23,50,6.2,29.8
2013-05-23,50,8,18.9
2013-05-23,50,9,NA
2013-05-23,50,9.3,NA
2013-05-30,50,0.1,22.3
2013-05-30,50,0.8,34.9
2013-05-30,50,1.6,23.8
2013-05-30,50,2.8,26.2
2013-05-30,50,3.8,32.6
2013-05-30,50,5,27
2013-05-30,50,5.2,NA
2013-05-30,50,5.5,NA
2013-05-30,50,5.8,NA
2013-05-30,50,6,NA
2013-05-30,50,6.2,25.4
2013-05-30,50,8,30.2
2013-05-30,50,9,NA
2013-05-30,50,9.3,NA
2013-06-04,50,0.1,25.3
2013-06-04,50,0.8,30.35
2013-06-04,50,1.6,32.65
2013-06-04,50,2.8,29.7
2013-06-04,50,3.8,30
2013-06-04,50,5,24.35
2013-06-04,50,5.2,NA
2013-06-04,50,5.5,NA
2013-06-04,50,5.8,NA
2013-06-04,50,6,NA
2013-06-04,50,6.2,28.9
2013-06-04,50,8,32.95
2013-06-04,50,9,NA
2013-06-04,50,9.3,NA
2013-06-06,50,0.1,28.3
2013-06-06,50,0.8,25.8
2013-06-06,50,1.6,41.5
2013-06-06,50,2.8,33.2
2013-06-06,50,3.8,27.4
2013-06-06,50,5,21.7
2013-06-06,50,5.2,NA
2013-06-06,50,5.5,NA
2013-06-06,50,5.8,NA
2013-06-06,50,6,NA
2013-06-06,50,6.2,32.4
2013-06-06,50,8,35.7
2013-06-06,50,9,NA
2013-06-06,50,9.3,NA
2013-06-13,50,0.1,21.7
2013-06-13,50,0.8,31.65
2013-06-13,50,1.6,21.7
2013-06-13,50,2.8,36.15
2013-06-13,50,3.8,22.5
2013-06-13,50,5,23.4
2013-06-13,50,5.2,NA
2013-06-13,50,5.5,NA
2013-06-13,50,5.8,NA
2013-06-13,50,6,NA
2013-06-13,50,6.2,19.1
2013-06-13,50,8,18.3
2013-06-13,50,9,NA
2013-06-13,50,9.3,NA
2013-06-20,50,0.1,36.7
2013-06-20,50,0.8,37.5
2013-06-20,50,1.6,37.5
2013-06-20,50,2.8,39.1
2013-06-20,50,3.8,38.3
2013-06-20,50,5,31.9
2013-06-20,50,5.2,NA
2013-06-20,50,5.5,NA
2013-06-20,50,5.8,NA
2013-06-20,50,6,NA
2013-06-20,50,6.2,39.1
2013-06-20,50,8,38.3
2013-06-20,50,9,NA
2013-06-20,50,9.3,NA
2013-06-25,50,0.1,29.95
2013-06-25,50,0.8,33.9
2013-06-25,50,1.6,33.15
2013-06-25,50,2.8,30.75
2013-06-25,50,3.8,39.7333333333333
2013-06-25,50,5,27.55
2013-06-25,50,5.2,NA
2013-06-25,50,5.5,NA
2013-06-25,50,5.8,NA
2013-06-25,50,6,NA
2013-06-25,50,6.2,33.15
2013-06-25,50,8,54.95
2013-06-25,50,9,NA
2013-06-25,50,9.3,NA
2013-06-27,50,0.1,23.2
2013-06-27,50,0.8,30.3
2013-06-27,50,1.6,28.8
2013-06-27,50,2.8,22.4
2013-06-27,50,3.8,41.1666666666667
2013-06-27,50,5,23.2
2013-06-27,50,5.2,NA
2013-06-27,50,5.5,NA
2013-06-27,50,5.8,NA
2013-06-27,50,6,NA
2013-06-27,50,6.2,27.2
2013-06-27,50,8,71.6
2013-06-27,50,9,NA
2013-06-27,50,9.3,NA
2013-07-03,50,0.1,38.9
2013-07-03,50,0.8,48
2013-07-03,50,1.6,49.9
2013-07-03,50,2.8,74.4
2013-07-03,50,3.8,42.6
2013-07-03,50,5,45.3
2013-07-03,50,5.2,NA
2013-07-03,50,5.5,NA
2013-07-03,50,5.8,NA
2013-07-03,50,6,NA
2013-07-03,50,6.2,33.5
2013-07-03,50,8,35.3
2013-07-03,50,9,NA
2013-07-03,50,9.3,NA
2013-07-11,50,0.1,55.5
2013-07-11,50,0.8,118.8
2013-07-11,50,1.6,42.2
2013-07-11,50,2.8,28
2013-07-11,50,3.8,24.7
2013-07-11,50,5,20.5
2013-07-11,50,5.2,NA
2013-07-11,50,5.5,NA
2013-07-11,50,5.8,NA
2013-07-11,50,6,NA
2013-07-11,50,6.2,23
2013-07-11,50,8,23.8
2013-07-11,50,9,NA
2013-07-11,50,9.3,NA
2013-07-15,50,0.1,29.3
2013-07-15,50,0.8,35.9
2013-07-15,50,1.6,27.7
2013-07-15,50,2.8,28.5
2013-07-15,50,3.8,21.1
2013-07-15,50,5,21.9
2013-07-15,50,5.2,NA
2013-07-15,50,5.5,NA
2013-07-15,50,5.8,NA
2013-07-15,50,6,NA
2013-07-15,50,6.2,17
2013-07-15,50,8,21.1
2013-07-15,50,9,NA
2013-07-15,50,9.3,NA
2013-07-18,50,0.1,30.9
2013-07-18,50,0.8,36.65
2013-07-18,50,1.6,41.55
2013-07-18,50,2.8,59.1
2013-07-18,50,3.8,31.3
2013-07-18,50,5,23.95
2013-07-18,50,5.2,NA
2013-07-18,50,5.5,NA
2013-07-18,50,5.8,NA
2013-07-18,50,6,NA
2013-07-18,50,6.2,34.15
2013-07-18,50,8,29.65
2013-07-18,50,9,NA
2013-07-18,50,9.3,NA
2013-07-22,50,0.1,32.5
2013-07-22,50,0.8,37.4
2013-07-22,50,1.6,55.4
2013-07-22,50,2.8,89.7
2013-07-22,50,3.8,41.5
2013-07-22,50,5,26
2013-07-22,50,5.2,NA
2013-07-22,50,5.5,NA
2013-07-22,50,5.8,NA
2013-07-22,50,6,NA
2013-07-22,50,6.2,51.3
2013-07-22,50,8,38.2
2013-07-22,50,9,NA
2013-07-22,50,9.3,NA
2013-07-25,50,0.1,36.2
2013-07-25,50,0.8,70.7
2013-07-25,50,1.6,62.5
2013-07-25,50,2.8,23
2013-07-25,50,3.8,45.2
2013-07-25,50,5,62.6
2013-07-25,50,5.2,NA
2013-07-25,50,5.5,NA
2013-07-25,50,5.8,NA
2013-07-25,50,6,NA
2013-07-25,50,6.2,32.6
2013-07-25,50,8,98
2013-07-25,50,9,NA
2013-07-25,50,9.3,NA
2013-07-29,50,0.1,23.9
2013-07-29,50,0.8,36.2
2013-07-29,50,1.6,76.4
2013-07-29,50,2.8,52.6
2013-07-29,50,3.8,38.6
2013-07-29,50,5,35.4
2013-07-29,50,5.2,NA
2013-07-29,50,5.5,NA
2013-07-29,50,5.8,NA
2013-07-29,50,6,NA
2013-07-29,50,6.2,40.3
2013-07-29,50,8,22.2
2013-07-29,50,9,NA
2013-07-29,50,9.3,NA
2013-08-01,50,0.1,51
2013-08-01,50,0.8,51
2013-08-01,50,1.6,51.9
2013-08-01,50,2.8,68.5
2013-08-01,50,3.8,38.6
2013-08-01,50,5,40.2
2013-08-01,50,5.2,NA
2013-08-01,50,5.5,NA
2013-08-01,50,5.8,NA
2013-08-01,50,6,NA
2013-08-01,50,6.2,68.5
2013-08-01,50,8,53.5
2013-08-01,50,9,NA
2013-08-01,50,9.3,NA
2013-08-08,50,0.1,43.7
2013-08-08,50,0.8,25.7
2013-08-08,50,1.6,24.1
2013-08-08,50,2.8,25.7
2013-08-08,50,3.8,56.8
2013-08-08,50,5,34.7
2013-08-08,50,5.2,NA
2013-08-08,50,5.5,NA
2013-08-08,50,5.8,NA
2013-08-08,50,6,NA
2013-08-08,50,6.2,36.4
2013-08-08,50,8,26.5
2013-08-08,50,9,NA
2013-08-08,50,9.3,NA
2013-08-12,50,0.1,23.5
2013-08-12,50,0.8,20.7
2013-08-12,50,1.6,22.1
2013-08-12,50,2.8,22.8
2013-08-12,50,3.8,22.1
2013-08-12,50,5,15.9
2013-08-12,50,5.2,NA
2013-08-12,50,5.5,NA
2013-08-12,50,5.8,NA
2013-08-12,50,6,NA
2013-08-12,50,6.2,13.8
2013-08-12,50,8,15.9
2013-08-12,50,9,NA
2013-08-12,50,9.3,NA
2013-08-28,50,0.1,19.8
2013-08-28,50,0.8,21
2013-08-28,50,1.6,19.6
2013-08-28,50,2.8,33.6
2013-08-28,50,3.8,25.05
2013-08-28,50,5,19.2
2013-08-28,50,5.2,NA
2013-08-28,50,5.5,NA
2013-08-28,50,5.8,NA
2013-08-28,50,6,NA
2013-08-28,50,6.2,16.35
2013-08-28,50,8,21.9
2013-08-28,50,9,NA
2013-08-28,50,9.3,NA
2013-09-18,50,0.1,16.1
2013-09-18,50,0.8,16.1
2013-09-18,50,1.6,17.1
2013-09-18,50,2.8,17.1
2013-09-18,50,3.8,28
2013-09-18,50,5,19.8
2013-09-18,50,5.2,NA
2013-09-18,50,5.5,NA
2013-09-18,50,5.8,NA
2013-09-18,50,6,NA
2013-09-18,50,6.2,18.9
2013-09-18,50,8,17.1
2013-09-18,50,9,NA
2013-09-18,50,9.3,NA
2013-09-25,50,0.1,27.1
2013-09-25,50,0.8,17.1
2013-09-25,50,1.6,20.7
2013-09-25,50,2.8,21.6
2013-09-25,50,3.8,25.3
2013-09-25,50,5,18.9
2013-09-25,50,5.2,NA
2013-09-25,50,5.5,NA
2013-09-25,50,5.8,NA
2013-09-25,50,6,NA
2013-09-25,50,6.2,30.8
2013-09-25,50,8,18.9
2013-09-25,50,9,NA
2013-09-25,50,9.3,NA
2013-10-16,50,0.1,24.5
2013-10-16,50,0.8,22.6
2013-10-16,50,1.6,20.8
2013-10-16,50,2.8,20.8
2013-10-16,50,3.8,21.7
2013-10-16,50,5,19.8
2013-10-16,50,5.2,NA
2013-10-16,50,5.5,NA
2013-10-16,50,5.8,NA
2013-10-16,50,6,NA
2013-10-16,50,6.2,16.1
2013-10-16,50,8,18
2013-10-16,50,9,NA
2013-10-16,50,9.3,NA
2013-10-23,50,0.1,36
2013-10-23,50,0.8,23.55
2013-10-23,50,1.6,36.9
2013-10-23,50,2.8,19.2
2013-10-23,50,3.8,16.4
2013-10-23,50,5,17.4
2013-10-23,50,5.2,NA
2013-10-23,50,5.5,NA
2013-10-23,50,5.8,NA
2013-10-23,50,6,NA
2013-10-23,50,6.2,15.5
2013-10-23,50,8,13.6
2013-10-23,50,9,NA
2013-10-23,50,9.3,NA
2013-10-30,50,0.1,28
2013-10-30,50,0.8,24.5
2013-10-30,50,1.6,25.3
2013-10-30,50,2.8,19.2
2013-10-30,50,3.8,19.2
2013-10-30,50,5,20.1
2013-10-30,50,5.2,NA
2013-10-30,50,5.5,NA
2013-10-30,50,5.8,NA
2013-10-30,50,6,NA
2013-10-30,50,6.2,17.4
2013-10-30,50,8,20.1
2013-10-30,50,9,NA
2013-10-30,50,9.3,NA
2013-11-06,50,0.1,11.2
2013-11-06,50,0.8,13
2013-11-06,50,1.6,20.9
2013-11-06,50,2.8,19.2
2013-11-06,50,3.8,13
2013-11-06,50,5,12.1
2013-11-06,50,5.2,NA
2013-11-06,50,5.5,NA
2013-11-06,50,5.8,NA
2013-11-06,50,6,NA
2013-11-06,50,6.2,11.2
2013-11-06,50,8,15.6
2013-11-06,50,9,NA
2013-11-06,50,9.3,NA
2013-11-20,50,0.1,12.0333333333333
2013-11-20,50,0.8,14.0666666666667
2013-11-20,50,1.6,18.4333333333333
2013-11-20,50,2.8,17.7666666666667
2013-11-20,50,3.8,13.2
2013-11-20,50,5,12.3333333333333
2013-11-20,50,5.2,NA
2013-11-20,50,5.5,NA
2013-11-20,50,5.8,NA
2013-11-20,50,6,NA
2013-11-20,50,6.2,12.4333333333333
2013-11-20,50,8,13.4333333333333
2013-11-20,50,9,NA
2013-11-20,50,9.3,NA
2013-12-04,50,0.1,12.8666666666667
2013-12-04,50,0.8,15.1333333333333
2013-12-04,50,1.6,15.9666666666667
2013-12-04,50,2.8,16.3333333333333
2013-12-04,50,3.8,13.4
2013-12-04,50,5,12.5666666666667
2013-12-04,50,5.2,NA
2013-12-04,50,5.5,NA
2013-12-04,50,5.8,NA
2013-12-04,50,6,NA
2013-12-04,50,6.2,13.6666666666667
2013-12-04,50,8,11.2666666666667
2013-12-04,50,9,NA
2013-12-04,50,9.3,NA
2014-05-05,50,0.1,13.7
2014-05-05,50,0.8,16.2
2014-05-05,50,1.6,13.5
2014-05-05,50,2.8,14.9
2014-05-05,50,3.8,13.6
2014-05-05,50,5,12.8
2014-05-05,50,5.2,NA
2014-05-05,50,5.5,NA
2014-05-05,50,5.8,NA
2014-05-05,50,6,NA
2014-05-05,50,6.2,14.9
2014-05-05,50,8,9.1
2014-05-05,50,9,10.8
2014-05-05,50,9.3,NA
2014-05-06,50,0.1,13.4833333333333
2014-05-06,50,0.8,15.9666666666667
2014-05-06,50,1.6,13.2
2014-05-06,50,2.8,14.3
2014-05-06,50,3.8,13.4333333333333
2014-05-06,50,5,12.75
2014-05-06,50,5.2,NA
2014-05-06,50,5.5,NA
2014-05-06,50,5.8,NA
2014-05-06,50,6,NA
2014-05-06,50,6.2,13.9166666666667
2014-05-06,50,8,9.15
2014-05-06,50,9,11.6666666666667
2014-05-06,50,9.3,NA
2014-05-07,50,0.1,13.2666666666667
2014-05-07,50,0.8,15.7333333333333
2014-05-07,50,1.6,12.9
2014-05-07,50,2.8,13.7
2014-05-07,50,3.8,13.2666666666667
2014-05-07,50,5,12.7
2014-05-07,50,5.2,NA
2014-05-07,50,5.5,NA
2014-05-07,50,5.8,NA
2014-05-07,50,6,NA
2014-05-07,50,6.2,12.9333333333333
2014-05-07,50,8,9.2
2014-05-07,50,9,12.5333333333333
2014-05-07,50,9.3,NA
2014-05-08,50,0.1,13.05
2014-05-08,50,0.8,15.5
2014-05-08,50,1.6,12.6
2014-05-08,50,2.8,13.1
2014-05-08,50,3.8,13.1
2014-05-08,50,5,12.65
2014-05-08,50,5.2,NA
2014-05-08,50,5.5,NA
2014-05-08,50,5.8,NA
2014-05-08,50,6,NA
2014-05-08,50,6.2,11.95
2014-05-08,50,8,9.25
2014-05-08,50,9,13.4
2014-05-08,50,9.3,NA
2014-05-09,50,0.1,12.8333333333333
2014-05-09,50,0.8,15.2666666666667
2014-05-09,50,1.6,12.3
2014-05-09,50,2.8,12.5
2014-05-09,50,3.8,12.9333333333333
2014-05-09,50,5,12.6
2014-05-09,50,5.2,NA
2014-05-09,50,5.5,NA
2014-05-09,50,5.8,NA
2014-05-09,50,6,NA
2014-05-09,50,6.2,10.9666666666667
2014-05-09,50,8,9.3
2014-05-09,50,9,14.2666666666667
2014-05-09,50,9.3,NA
2014-05-10,50,0.1,12.6166666666667
2014-05-10,50,0.8,15.0333333333333
2014-05-10,50,1.6,12
2014-05-10,50,2.8,11.9
2014-05-10,50,3.8,12.7666666666667
2014-05-10,50,5,12.55
2014-05-10,50,5.2,NA
2014-05-10,50,5.5,NA
2014-05-10,50,5.8,NA
2014-05-10,50,6,NA
2014-05-10,50,6.2,9.98333333333333
2014-05-10,50,8,9.35
2014-05-10,50,9,15.1333333333333
2014-05-10,50,9.3,NA
2014-05-12,50,0.1,12.4
2014-05-12,50,0.8,14.8
2014-05-12,50,1.6,11.7
2014-05-12,50,2.8,11.3
2014-05-12,50,3.8,12.6
2014-05-12,50,5,12.5
2014-05-12,50,5.2,NA
2014-05-12,50,5.5,NA
2014-05-12,50,5.8,NA
2014-05-12,50,6,NA
2014-05-12,50,6.2,9
2014-05-12,50,8,9.4
2014-05-12,50,9,16
2014-05-12,50,9.3,NA
2014-05-14,50,0.1,12
2014-05-14,50,0.8,15.0333333333333
2014-05-14,50,1.6,12.6333333333333
2014-05-14,50,2.8,13.4
2014-05-14,50,3.8,12.0666666666667
2014-05-14,50,5,12.2
2014-05-14,50,5.2,NA
2014-05-14,50,5.5,NA
2014-05-14,50,5.8,NA
2014-05-14,50,6,NA
2014-05-14,50,6.2,9.6
2014-05-14,50,8,9.6
2014-05-14,50,9,14.2
2014-05-14,50,9.3,NA
2014-05-15,50,0.1,11.6
2014-05-15,50,0.8,15.2666666666667
2014-05-15,50,1.6,13.5666666666667
2014-05-15,50,2.8,15.5
2014-05-15,50,3.8,11.5333333333333
2014-05-15,50,5,11.9
2014-05-15,50,5.2,NA
2014-05-15,50,5.5,NA
2014-05-15,50,5.8,NA
2014-05-15,50,6,NA
2014-05-15,50,6.2,10.2
2014-05-15,50,8,9.8
2014-05-15,50,9,12.4
2014-05-15,50,9.3,NA
2014-05-19,50,0.1,11.2
2014-05-19,50,0.8,15.5
2014-05-19,50,1.6,14.5
2014-05-19,50,2.8,17.6
2014-05-19,50,3.8,11
2014-05-19,50,5,11.6
2014-05-19,50,5.2,NA
2014-05-19,50,5.5,NA
2014-05-19,50,5.8,NA
2014-05-19,50,6,NA
2014-05-19,50,6.2,10.8
2014-05-19,50,8,10
2014-05-19,50,9,10.6
2014-05-19,50,9.3,NA
2014-05-22,50,0.1,11
2014-05-22,50,0.8,13.55
2014-05-22,50,1.6,13.9
2014-05-22,50,2.8,15.85
2014-05-22,50,3.8,11.25
2014-05-22,50,5,11.35
2014-05-22,50,5.2,NA
2014-05-22,50,5.5,NA
2014-05-22,50,5.8,NA
2014-05-22,50,6,NA
2014-05-22,50,6.2,10.65
2014-05-22,50,8,10.25
2014-05-22,50,9,10.7
2014-05-22,50,9.3,NA
2014-05-26,50,0.1,10.8
2014-05-26,50,0.8,11.6
2014-05-26,50,1.6,13.3
2014-05-26,50,2.8,14.1
2014-05-26,50,3.8,11.5
2014-05-26,50,5,11.1
2014-05-26,50,5.2,NA
2014-05-26,50,5.5,NA
2014-05-26,50,5.8,NA
2014-05-26,50,6,NA
2014-05-26,50,6.2,10.5
2014-05-26,50,8,10.5
2014-05-26,50,9,10.8
2014-05-26,50,9.3,NA
2014-05-28,50,0.1,10.85
2014-05-28,50,0.8,13.4
2014-05-28,50,1.6,12.7
2014-05-28,50,2.8,16.15
2014-05-28,50,3.8,13.4
2014-05-28,50,5,11.2
2014-05-28,50,5.2,NA
2014-05-28,50,5.5,NA
2014-05-28,50,5.8,NA
2014-05-28,50,6,NA
2014-05-28,50,6.2,11.6
2014-05-28,50,8,9.95
2014-05-28,50,9,14
2014-05-28,50,9.3,NA
2014-06-02,50,0.1,10.9
2014-06-02,50,0.8,15.2
2014-06-02,50,1.6,12.1
2014-06-02,50,2.8,18.2
2014-06-02,50,3.8,15.3
2014-06-02,50,5,11.3
2014-06-02,50,5.2,NA
2014-06-02,50,5.5,NA
2014-06-02,50,5.8,NA
2014-06-02,50,6,NA
2014-06-02,50,6.2,12.7
2014-06-02,50,8,9.4
2014-06-02,50,9,17.2
2014-06-02,50,9.3,NA
2014-06-03,50,0.1,11.78
2014-06-03,50,0.8,14.68
2014-06-03,50,1.6,11.96
2014-06-03,50,2.8,17.16
2014-06-03,50,3.8,14.5
2014-06-03,50,5,10.94
2014-06-03,50,5.2,NA
2014-06-03,50,5.5,NA
2014-06-03,50,5.8,NA
2014-06-03,50,6,NA
2014-06-03,50,6.2,12.38
2014-06-03,50,8,10.98
2014-06-03,50,9,18.72
2014-06-03,50,9.3,NA
2014-06-04,50,0.1,12.66
2014-06-04,50,0.8,14.16
2014-06-04,50,1.6,11.82
2014-06-04,50,2.8,16.12
2014-06-04,50,3.8,13.7
2014-06-04,50,5,10.58
2014-06-04,50,5.2,NA
2014-06-04,50,5.5,NA
2014-06-04,50,5.8,NA
2014-06-04,50,6,NA
2014-06-04,50,6.2,12.06
2014-06-04,50,8,12.56
2014-06-04,50,9,20.24
2014-06-04,50,9.3,NA
2014-06-05,50,0.1,13.54
2014-06-05,50,0.8,13.64
2014-06-05,50,1.6,11.68
2014-06-05,50,2.8,15.08
2014-06-05,50,3.8,12.9
2014-06-05,50,5,10.22
2014-06-05,50,5.2,NA
2014-06-05,50,5.5,NA
2014-06-05,50,5.8,NA
2014-06-05,50,6,NA
2014-06-05,50,6.2,11.74
2014-06-05,50,8,14.14
2014-06-05,50,9,21.76
2014-06-05,50,9.3,NA
2014-06-06,50,0.1,14.42
2014-06-06,50,0.8,13.12
2014-06-06,50,1.6,11.54
2014-06-06,50,2.8,14.04
2014-06-06,50,3.8,12.1
2014-06-06,50,5,9.86
2014-06-06,50,5.2,NA
2014-06-06,50,5.5,NA
2014-06-06,50,5.8,NA
2014-06-06,50,6,NA
2014-06-06,50,6.2,11.42
2014-06-06,50,8,15.72
2014-06-06,50,9,23.28
2014-06-06,50,9.3,NA
2014-06-09,50,0.1,15.3
2014-06-09,50,0.8,12.6
2014-06-09,50,1.6,11.4
2014-06-09,50,2.8,13
2014-06-09,50,3.8,11.3
2014-06-09,50,5,9.5
2014-06-09,50,5.2,NA
2014-06-09,50,5.5,NA
2014-06-09,50,5.8,NA
2014-06-09,50,6,NA
2014-06-09,50,6.2,11.1
2014-06-09,50,8,17.3
2014-06-09,50,9,24.8
2014-06-09,50,9.3,NA
2014-06-12,50,0.1,15.1
2014-06-12,50,0.8,12.75
2014-06-12,50,1.6,12.95
2014-06-12,50,2.8,12.35
2014-06-12,50,3.8,14
2014-06-12,50,5,9.2
2014-06-12,50,5.2,NA
2014-06-12,50,5.5,NA
2014-06-12,50,5.8,NA
2014-06-12,50,6,NA
2014-06-12,50,6.2,12.15
2014-06-12,50,8,15.4
2014-06-12,50,9,19.95
2014-06-12,50,9.3,NA
2014-06-16,50,0.1,14.9
2014-06-16,50,0.8,12.9
2014-06-16,50,1.6,14.5
2014-06-16,50,2.8,11.7
2014-06-16,50,3.8,16.7
2014-06-16,50,5,8.9
2014-06-16,50,5.2,NA
2014-06-16,50,5.5,NA
2014-06-16,50,5.8,NA
2014-06-16,50,6,NA
2014-06-16,50,6.2,13.2
2014-06-16,50,8,13.5
2014-06-16,50,9,15.1
2014-06-16,50,9.3,NA
2014-06-19,50,0.1,14.4
2014-06-19,50,0.8,14.4
2014-06-19,50,1.6,17.6
2014-06-19,50,2.8,21.45
2014-06-19,50,3.8,19.55
2014-06-19,50,5,15.05
2014-06-19,50,5.2,NA
2014-06-19,50,5.5,NA
2014-06-19,50,5.8,NA
2014-06-19,50,6,NA
2014-06-19,50,6.2,16.75
2014-06-19,50,8,13.8
2014-06-19,50,9,16.25
2014-06-19,50,9.3,NA
2014-06-23,50,0.1,13.9
2014-06-23,50,0.8,15.9
2014-06-23,50,1.6,20.7
2014-06-23,50,2.8,31.2
2014-06-23,50,3.8,22.4
2014-06-23,50,5,21.2
2014-06-23,50,5.2,NA
2014-06-23,50,5.5,NA
2014-06-23,50,5.8,NA
2014-06-23,50,6,NA
2014-06-23,50,6.2,20.3
2014-06-23,50,8,14.1
2014-06-23,50,9,17.4
2014-06-23,50,9.3,NA
2014-06-25,50,0.1,18.85
2014-06-25,50,0.8,18.4
2014-06-25,50,1.6,19.75
2014-06-25,50,2.8,27.35
2014-06-25,50,3.8,22.45
2014-06-25,50,5,20.75
2014-06-25,50,5.2,NA
2014-06-25,50,5.5,NA
2014-06-25,50,5.8,NA
2014-06-25,50,6,NA
2014-06-25,50,6.2,18.8
2014-06-25,50,8,16.95
2014-06-25,50,9,19
2014-06-25,50,9.3,NA
2014-06-29,50,0.1,23.8
2014-06-29,50,0.8,20.9
2014-06-29,50,1.6,18.8
2014-06-29,50,2.8,23.5
2014-06-29,50,3.8,22.5
2014-06-29,50,5,20.3
2014-06-29,50,5.2,NA
2014-06-29,50,5.5,NA
2014-06-29,50,5.8,NA
2014-06-29,50,6,NA
2014-06-29,50,6.2,17.3
2014-06-29,50,8,19.8
2014-06-29,50,9,20.6
2014-06-29,50,9.3,NA
2014-06-30,50,0.1,18.9
2014-06-30,50,0.8,18.4
2014-06-30,50,1.6,17
2014-06-30,50,2.8,16.9
2014-06-30,50,3.8,23
2014-06-30,50,5,22
2014-06-30,50,5.2,NA
2014-06-30,50,5.5,NA
2014-06-30,50,5.8,NA
2014-06-30,50,6,NA
2014-06-30,50,6.2,16.9
2014-06-30,50,8,21
2014-06-30,50,9,11
2014-06-30,50,9.3,NA
2014-07-01,50,0.1,19.3333333333333
2014-07-01,50,0.8,17.9666666666667
2014-07-01,50,1.6,16.5666666666667
2014-07-01,50,2.8,18.3
2014-07-01,50,3.8,18
2014-07-01,50,5,19.1
2014-07-01,50,5.2,NA
2014-07-01,50,5.5,NA
2014-07-01,50,5.8,NA
2014-07-01,50,6,NA
2014-07-01,50,6.2,17.3
2014-07-01,50,8,21.4333333333333
2014-07-01,50,9,15.1666666666667
2014-07-01,50,9.3,NA
2014-07-02,50,0.1,19.7666666666667
2014-07-02,50,0.8,17.5333333333333
2014-07-02,50,1.6,16.1333333333333
2014-07-02,50,2.8,19.7
2014-07-02,50,3.8,13
2014-07-02,50,5,16.2
2014-07-02,50,5.2,NA
2014-07-02,50,5.5,NA
2014-07-02,50,5.8,NA
2014-07-02,50,6,NA
2014-07-02,50,6.2,17.7
2014-07-02,50,8,21.8666666666667
2014-07-02,50,9,19.3333333333333
2014-07-02,50,9.3,NA
2014-07-07,50,0.1,20.2
2014-07-07,50,0.8,17.1
2014-07-07,50,1.6,15.7
2014-07-07,50,2.8,21.1
2014-07-07,50,3.8,8
2014-07-07,50,5,13.3
2014-07-07,50,5.2,NA
2014-07-07,50,5.5,NA
2014-07-07,50,5.8,NA
2014-07-07,50,6,NA
2014-07-07,50,6.2,18.1
2014-07-07,50,8,22.3
2014-07-07,50,9,23.5
2014-07-07,50,9.3,NA
2014-07-09,50,0.1,17.65
2014-07-09,50,0.8,18.2
2014-07-09,50,1.6,20.05
2014-07-09,50,2.8,21.1
2014-07-09,50,3.8,14.65
2014-07-09,50,5,18.7
2014-07-09,50,5.2,NA
2014-07-09,50,5.5,NA
2014-07-09,50,5.8,NA
2014-07-09,50,6,NA
2014-07-09,50,6.2,21.15
2014-07-09,50,8,23.95
2014-07-09,50,9,25.6
2014-07-09,50,9.3,NA
2014-07-14,50,0.1,15.1
2014-07-14,50,0.8,19.3
2014-07-14,50,1.6,24.4
2014-07-14,50,2.8,21.1
2014-07-14,50,3.8,21.3
2014-07-14,50,5,24.1
2014-07-14,50,5.2,NA
2014-07-14,50,5.5,NA
2014-07-14,50,5.8,NA
2014-07-14,50,6,NA
2014-07-14,50,6.2,24.2
2014-07-14,50,8,25.6
2014-07-14,50,9,27.7
2014-07-14,50,9.3,NA
2014-07-16,50,0.1,13.1
2014-07-16,50,0.8,16.75
2014-07-16,50,1.6,18.85
2014-07-16,50,2.8,26.8
2014-07-16,50,3.8,18.7
2014-07-16,50,5,20.6
2014-07-16,50,5.2,NA
2014-07-16,50,5.5,NA
2014-07-16,50,5.8,NA
2014-07-16,50,6,NA
2014-07-16,50,6.2,19.8
2014-07-16,50,8,20.3
2014-07-16,50,9,22.35
2014-07-16,50,9.3,NA
2014-07-21,50,0.1,11.1
2014-07-21,50,0.8,14.2
2014-07-21,50,1.6,13.3
2014-07-21,50,2.8,32.5
2014-07-21,50,3.8,16.1
2014-07-21,50,5,17.1
2014-07-21,50,5.2,NA
2014-07-21,50,5.5,NA
2014-07-21,50,5.8,NA
2014-07-21,50,6,NA
2014-07-21,50,6.2,15.4
2014-07-21,50,8,15
2014-07-21,50,9,17
2014-07-21,50,9.3,NA
2014-07-23,50,0.1,12.45
2014-07-23,50,0.8,14.15
2014-07-23,50,1.6,13.35
2014-07-23,50,2.8,24.25
2014-07-23,50,3.8,15.8
2014-07-23,50,5,16.3
2014-07-23,50,5.2,NA
2014-07-23,50,5.5,NA
2014-07-23,50,5.8,NA
2014-07-23,50,6,NA
2014-07-23,50,6.2,17.95
2014-07-23,50,8,16.3
2014-07-23,50,9,17.9
2014-07-23,50,9.3,NA
2014-07-28,50,0.1,13.8
2014-07-28,50,0.8,14.1
2014-07-28,50,1.6,13.4
2014-07-28,50,2.8,16
2014-07-28,50,3.8,15.5
2014-07-28,50,5,15.5
2014-07-28,50,5.2,NA
2014-07-28,50,5.5,NA
2014-07-28,50,5.8,NA
2014-07-28,50,6,NA
2014-07-28,50,6.2,20.5
2014-07-28,50,8,17.6
2014-07-28,50,9,18.8
2014-07-28,50,9.3,NA
2014-07-30,50,0.1,14.1333333333333
2014-07-30,50,0.8,13.7
2014-07-30,50,1.6,13.3666666666667
2014-07-30,50,2.8,15.9666666666667
2014-07-30,50,3.8,16.4
2014-07-30,50,5,18.6
2014-07-30,50,5.2,NA
2014-07-30,50,5.5,NA
2014-07-30,50,5.8,NA
2014-07-30,50,6,NA
2014-07-30,50,6.2,18.2
2014-07-30,50,8,18.4333333333333
2014-07-30,50,9,25.9333333333333
2014-07-30,50,9.3,NA
2014-08-02,50,0.1,14.4666666666667
2014-08-02,50,0.8,13.3
2014-08-02,50,1.6,13.3333333333333
2014-08-02,50,2.8,15.9333333333333
2014-08-02,50,3.8,17.3
2014-08-02,50,5,21.7
2014-08-02,50,5.2,NA
2014-08-02,50,5.5,NA
2014-08-02,50,5.8,NA
2014-08-02,50,6,NA
2014-08-02,50,6.2,15.9
2014-08-02,50,8,19.2666666666667
2014-08-02,50,9,33.0666666666667
2014-08-02,50,9.3,NA
2014-08-04,50,0.1,14.8
2014-08-04,50,0.8,12.9
2014-08-04,50,1.6,13.3
2014-08-04,50,2.8,15.9
2014-08-04,50,3.8,18.2
2014-08-04,50,5,24.8
2014-08-04,50,5.2,NA
2014-08-04,50,5.5,NA
2014-08-04,50,5.8,NA
2014-08-04,50,6,NA
2014-08-04,50,6.2,13.6
2014-08-04,50,8,20.1
2014-08-04,50,9,40.2
2014-08-04,50,9.3,NA
2014-08-06,50,0.1,14.4
2014-08-06,50,0.8,13.65
2014-08-06,50,1.6,13.825
2014-08-06,50,2.8,16.425
2014-08-06,50,3.8,17.7
2014-08-06,50,5,22
2014-08-06,50,5.2,NA
2014-08-06,50,5.5,NA
2014-08-06,50,5.8,NA
2014-08-06,50,6,NA
2014-08-06,50,6.2,13.925
2014-08-06,50,8,19.8
2014-08-06,50,9,35.35
2014-08-06,50,9.3,NA
2014-08-09,50,0.1,14
2014-08-09,50,0.8,14.4
2014-08-09,50,1.6,14.35
2014-08-09,50,2.8,16.95
2014-08-09,50,3.8,17.2
2014-08-09,50,5,19.2
2014-08-09,50,5.2,NA
2014-08-09,50,5.5,NA
2014-08-09,50,5.8,NA
2014-08-09,50,6,NA
2014-08-09,50,6.2,14.25
2014-08-09,50,8,19.5
2014-08-09,50,9,30.5
2014-08-09,50,9.3,NA
2014-08-10,50,0.1,13.6
2014-08-10,50,0.8,15.15
2014-08-10,50,1.6,14.875
2014-08-10,50,2.8,17.475
2014-08-10,50,3.8,16.7
2014-08-10,50,5,16.4
2014-08-10,50,5.2,NA
2014-08-10,50,5.5,NA
2014-08-10,50,5.8,NA
2014-08-10,50,6,NA
2014-08-10,50,6.2,14.575
2014-08-10,50,8,19.2
2014-08-10,50,9,25.65
2014-08-10,50,9.3,NA
2014-08-11,50,0.1,13.2
2014-08-11,50,0.8,15.9
2014-08-11,50,1.6,15.4
2014-08-11,50,2.8,18
2014-08-11,50,3.8,16.2
2014-08-11,50,5,13.6
2014-08-11,50,5.2,NA
2014-08-11,50,5.5,NA
2014-08-11,50,5.8,NA
2014-08-11,50,6,NA
2014-08-11,50,6.2,14.9
2014-08-11,50,8,18.9
2014-08-11,50,9,20.8
2014-08-11,50,9.3,NA
2014-08-13,50,0.1,13.05
2014-08-13,50,0.8,14.4
2014-08-13,50,1.6,16.7
2014-08-13,50,2.8,19.7
2014-08-13,50,3.8,20.15
2014-08-13,50,5,15.65
2014-08-13,50,5.2,NA
2014-08-13,50,5.5,NA
2014-08-13,50,5.8,NA
2014-08-13,50,6,NA
2014-08-13,50,6.2,15.75
2014-08-13,50,8,21.35
2014-08-13,50,9,17.95
2014-08-13,50,9.3,NA
2014-08-18,50,0.1,12.9
2014-08-18,50,0.8,12.9
2014-08-18,50,1.6,18
2014-08-18,50,2.8,21.4
2014-08-18,50,3.8,24.1
2014-08-18,50,5,17.7
2014-08-18,50,5.2,NA
2014-08-18,50,5.5,NA
2014-08-18,50,5.8,NA
2014-08-18,50,6,NA
2014-08-18,50,6.2,16.6
2014-08-18,50,8,23.8
2014-08-18,50,9,15.1
2014-08-18,50,9.3,NA
2014-08-19,50,0.1,12.9333333333333
2014-08-19,50,0.8,12.8
2014-08-19,50,1.6,14.1
2014-08-19,50,2.8,23.5
2014-08-19,50,3.8,23.0666666666667
2014-08-19,50,5,15.5333333333333
2014-08-19,50,5.2,NA
2014-08-19,50,5.5,NA
2014-08-19,50,5.8,NA
2014-08-19,50,6,NA
2014-08-19,50,6.2,16.8666666666667
2014-08-19,50,8,21.9333333333333
2014-08-19,50,9,14.6333333333333
2014-08-19,50,9.3,NA
2014-08-21,50,0.1,12.9666666666667
2014-08-21,50,0.8,12.7
2014-08-21,50,1.6,10.2
2014-08-21,50,2.8,25.6
2014-08-21,50,3.8,22.0333333333333
2014-08-21,50,5,13.3666666666667
2014-08-21,50,5.2,NA
2014-08-21,50,5.5,NA
2014-08-21,50,5.8,NA
2014-08-21,50,6,NA
2014-08-21,50,6.2,17.1333333333333
2014-08-21,50,8,20.0666666666667
2014-08-21,50,9,14.1666666666667
2014-08-21,50,9.3,NA
2014-08-25,50,0.1,13
2014-08-25,50,0.8,12.6
2014-08-25,50,1.6,6.3
2014-08-25,50,2.8,27.7
2014-08-25,50,3.8,21
2014-08-25,50,5,11.2
2014-08-25,50,5.2,NA
2014-08-25,50,5.5,NA
2014-08-25,50,5.8,NA
2014-08-25,50,6,NA
2014-08-25,50,6.2,17.4
2014-08-25,50,8,18.2
2014-08-25,50,9,13.7
2014-08-25,50,9.3,NA
2014-09-03,50,0.1,13
2014-09-03,50,0.8,18.7
2014-09-03,50,1.6,10.6
2014-09-03,50,2.8,19.8
2014-09-03,50,3.8,21.8
2014-09-03,50,5,21.7
2014-09-03,50,5.2,NA
2014-09-03,50,5.5,NA
2014-09-03,50,5.8,NA
2014-09-03,50,6,NA
2014-09-03,50,6.2,16.9
2014-09-03,50,8,1.2
2014-09-03,50,9,20.9
2014-09-03,50,9.3,NA
2014-09-08,50,0.1,20.5
2014-09-08,50,0.8,11.6
2014-09-08,50,1.6,10.9
2014-09-08,50,2.8,15.4
2014-09-08,50,3.8,20.5
2014-09-08,50,5,13.2
2014-09-08,50,5.2,NA
2014-09-08,50,5.5,NA
2014-09-08,50,5.8,NA
2014-09-08,50,6,NA
2014-09-08,50,6.2,14.7
2014-09-08,50,8,14
2014-09-08,50,9,12.1
2014-09-08,50,9.3,NA
2014-09-15,50,0.1,20.4
2014-09-15,50,0.8,16.6
2014-09-15,50,1.6,18.1
2014-09-15,50,2.8,17.8
2014-09-15,50,3.8,17.7
2014-09-15,50,5,28.7
2014-09-15,50,5.2,NA
2014-09-15,50,5.5,NA
2014-09-15,50,5.8,NA
2014-09-15,50,6,NA
2014-09-15,50,6.2,22.5
2014-09-15,50,8,14.5
2014-09-15,50,9,18.8
2014-09-15,50,9.3,NA
2014-09-22,50,0.1,14.9
2014-09-22,50,0.8,12.6
2014-09-22,50,1.6,13.4
2014-09-22,50,2.8,10.4
2014-09-22,50,3.8,13.6
2014-09-22,50,5,25.3
2014-09-22,50,5.2,NA
2014-09-22,50,5.5,NA
2014-09-22,50,5.8,NA
2014-09-22,50,6,NA
2014-09-22,50,6.2,13.4
2014-09-22,50,8,12.2
2014-09-22,50,9,10.7
2014-09-22,50,9.3,NA
2014-09-29,50,0.1,15.5
2014-09-29,50,0.8,14.4
2014-09-29,50,1.6,14.4
2014-09-29,50,2.8,24
2014-09-29,50,3.8,18
2014-09-29,50,5,25
2014-09-29,50,5.2,NA
2014-09-29,50,5.5,NA
2014-09-29,50,5.8,NA
2014-09-29,50,6,NA
2014-09-29,50,6.2,18.5
2014-09-29,50,8,15.5
2014-09-29,50,9,17.3
2014-09-29,50,9.3,NA
2014-10-04,50,0.1,15.6
2014-10-04,50,0.8,16.3
2014-10-04,50,1.6,15.55
2014-10-04,50,2.8,20.6
2014-10-04,50,3.8,17.6
2014-10-04,50,5,21.75
2014-10-04,50,5.2,NA
2014-10-04,50,5.5,NA
2014-10-04,50,5.8,NA
2014-10-04,50,6,NA
2014-10-04,50,6.2,18.95
2014-10-04,50,8,20.3
2014-10-04,50,9,16.15
2014-10-04,50,9.3,NA
2014-10-15,50,0.1,15.7
2014-10-15,50,0.8,18.2
2014-10-15,50,1.6,16.7
2014-10-15,50,2.8,17.2
2014-10-15,50,3.8,17.2
2014-10-15,50,5,18.5
2014-10-15,50,5.2,NA
2014-10-15,50,5.5,NA
2014-10-15,50,5.8,NA
2014-10-15,50,6,NA
2014-10-15,50,6.2,19.4
2014-10-15,50,8,25.1
2014-10-15,50,9,15
2014-10-15,50,9.3,NA
2014-10-23,50,0.1,10
2014-10-23,50,0.8,18
2014-10-23,50,1.6,13.1
2014-10-23,50,2.8,14.6
2014-10-23,50,3.8,16
2014-10-23,50,5,14.8
2014-10-23,50,5.2,NA
2014-10-23,50,5.5,NA
2014-10-23,50,5.8,NA
2014-10-23,50,6,NA
2014-10-23,50,6.2,21.9
2014-10-23,50,8,21.6
2014-10-23,50,9,22.3
2014-10-23,50,9.3,NA
2014-11-10,50,0.1,22.2
2014-11-10,50,0.8,18.9
2014-11-10,50,1.6,21.1
2014-11-10,50,2.8,21.2
2014-11-10,50,3.8,21.2
2014-11-10,50,5,23.4
2014-11-10,50,5.2,NA
2014-11-10,50,5.5,NA
2014-11-10,50,5.8,NA
2014-11-10,50,6,NA
2014-11-10,50,6.2,18.6
2014-11-10,50,8,17
2014-11-10,50,9,23.2
2014-11-10,50,9.3,NA
2014-12-10,50,0.1,15.9
2014-12-10,50,0.8,13.4
2014-12-10,50,1.6,15.6
2014-12-10,50,2.8,18.9
2014-12-10,50,3.8,14.5
2014-12-10,50,5,13.4
2014-12-10,50,5.2,NA
2014-12-10,50,5.5,NA
2014-12-10,50,5.8,NA
2014-12-10,50,6,NA
2014-12-10,50,6.2,11.7
2014-12-10,50,8,18
2014-12-10,50,9,9.4
2014-12-10,50,9.3,NA
2015-03-16,50,0.1,16.9
2015-03-16,50,0.8,13.825
2015-03-16,50,1.6,15.8
2015-03-16,50,2.8,18.2
2015-03-16,50,3.8,14.5
2015-03-16,50,5,12.5
2015-03-16,50,5.2,NA
2015-03-16,50,5.5,NA
2015-03-16,50,5.8,NA
2015-03-16,50,6,NA
2015-03-16,50,6.2,15.8
2015-03-16,50,8,13.7
2015-03-16,50,9,14.9
2015-03-16,50,9.3,NA
2015-03-31,50,0.1,18.4
2015-03-31,50,0.8,14.25
2015-03-31,50,1.6,16
2015-03-31,50,2.8,17.5
2015-03-31,50,3.8,14
2015-03-31,50,5,14.9
2015-03-31,50,5.2,NA
2015-03-31,50,5.5,NA
2015-03-31,50,5.8,NA
2015-03-31,50,6,NA
2015-03-31,50,6.2,14.4
2015-03-31,50,8,13.5
2015-03-31,50,9,14.2
2015-03-31,50,9.3,NA
2015-04-07,50,0.1,32.6
2015-04-07,50,0.8,14.675
2015-04-07,50,1.6,11.9
2015-04-07,50,2.8,16.8
2015-04-07,50,3.8,17.6
2015-04-07,50,5,18.2
2015-04-07,50,5.2,NA
2015-04-07,50,5.5,NA
2015-04-07,50,5.8,NA
2015-04-07,50,6,NA
2015-04-07,50,6.2,13.9
2015-04-07,50,8,12.2
2015-04-07,50,9,12.7
2015-04-07,50,9.3,NA
2015-04-13,50,0.1,16.3
2015-04-13,50,0.8,15.1
2015-04-13,50,1.6,17.2
2015-04-13,50,2.8,16.1
2015-04-13,50,3.8,16.7
2015-04-13,50,5,15.9
2015-04-13,50,5.2,NA
2015-04-13,50,5.5,NA
2015-04-13,50,5.8,NA
2015-04-13,50,6,NA
2015-04-13,50,6.2,13.2
2015-04-13,50,8,16
2015-04-13,50,9,16
2015-04-13,50,9.3,NA
2015-04-16,50,0.1,17.2
2015-04-16,50,0.8,16.3
2015-04-16,50,1.6,16.8
2015-04-16,50,2.8,15.6
2015-04-16,50,3.8,12.5
2015-04-16,50,5,15.2
2015-04-16,50,5.2,NA
2015-04-16,50,5.5,NA
2015-04-16,50,5.8,NA
2015-04-16,50,6,NA
2015-04-16,50,6.2,18.7
2015-04-16,50,8,13.5
2015-04-16,50,9,13.3
2015-04-16,50,9.3,NA
2015-04-19,50,0.1,17.9
2015-04-19,50,0.8,18.5
2015-04-19,50,1.6,18.7
2015-04-19,50,2.8,18.3
2015-04-19,50,3.8,17.4
2015-04-19,50,5,14.6
2015-04-19,50,5.2,NA
2015-04-19,50,5.5,NA
2015-04-19,50,5.8,NA
2015-04-19,50,6,NA
2015-04-19,50,6.2,13.7
2015-04-19,50,8,12.5
2015-04-19,50,9,16.2
2015-04-19,50,9.3,NA
2015-04-21,50,0.1,17.8
2015-04-21,50,0.8,17.7666666666667
2015-04-21,50,1.6,18.6
2015-04-21,50,2.8,18.9
2015-04-21,50,3.8,14.7
2015-04-21,50,5,14.7
2015-04-21,50,5.2,NA
2015-04-21,50,5.5,NA
2015-04-21,50,5.8,NA
2015-04-21,50,6,NA
2015-04-21,50,6.2,13.2
2015-04-21,50,8,12.6
2015-04-21,50,9,8.7
2015-04-21,50,9.3,NA
2015-04-25,50,0.1,11.2
2015-04-25,50,0.8,17.0333333333333
2015-04-25,50,1.6,13.3
2015-04-25,50,2.8,17.4
2015-04-25,50,3.8,16.5
2015-04-25,50,5,12.3
2015-04-25,50,5.2,NA
2015-04-25,50,5.5,NA
2015-04-25,50,5.8,NA
2015-04-25,50,6,NA
2015-04-25,50,6.2,7.7
2015-04-25,50,8,17.8
2015-04-25,50,9,62
2015-04-25,50,9.3,NA
2015-04-28,50,0.1,15.4
2015-04-28,50,0.8,16.3
2015-04-28,50,1.6,12.5
2015-04-28,50,2.8,15.1
2015-04-28,50,3.8,19.8
2015-04-28,50,5,15.3
2015-04-28,50,5.2,NA
2015-04-28,50,5.5,NA
2015-04-28,50,5.8,NA
2015-04-28,50,6,NA
2015-04-28,50,6.2,15.4
2015-04-28,50,8,24.6
2015-04-28,50,9,13.6
2015-04-28,50,9.3,NA
2015-05-01,50,0.1,15.7
2015-05-01,50,0.8,14.4
2015-05-01,50,1.6,15.4
2015-05-01,50,2.8,17.7
2015-05-01,50,3.8,31.6
2015-05-01,50,5,13.2
2015-05-01,50,5.2,NA
2015-05-01,50,5.5,NA
2015-05-01,50,5.8,NA
2015-05-01,50,6,NA
2015-05-01,50,6.2,14.4
2015-05-01,50,8,14
2015-05-01,50,9,14.1
2015-05-01,50,9.3,NA
2015-05-05,50,0.1,12.1
2015-05-05,50,0.8,12.5
2015-05-05,50,1.6,10.9
2015-05-05,50,2.8,15.2
2015-05-05,50,3.8,16.7
2015-05-05,50,5,14.5
2015-05-05,50,5.2,NA
2015-05-05,50,5.5,NA
2015-05-05,50,5.8,NA
2015-05-05,50,6,NA
2015-05-05,50,6.2,15.2
2015-05-05,50,8,13
2015-05-05,50,9,12.2
2015-05-05,50,9.3,NA
2015-05-07,50,0.1,11.65
2015-05-07,50,0.8,NA
2015-05-07,50,1.6,11.85
2015-05-07,50,2.8,NA
2015-05-07,50,3.8,16.75
2015-05-07,50,5,15.65
2015-05-07,50,5.2,NA
2015-05-07,50,5.5,NA
2015-05-07,50,5.8,NA
2015-05-07,50,6,NA
2015-05-07,50,6.2,12.95
2015-05-07,50,8,22
2015-05-07,50,9,15
2015-05-07,50,9.3,NA
2015-05-11,50,0.1,11.2
2015-05-11,50,0.8,NA
2015-05-11,50,1.6,12.8
2015-05-11,50,2.8,NA
2015-05-11,50,3.8,16.8
2015-05-11,50,5,16.8
2015-05-11,50,5.2,NA
2015-05-11,50,5.5,NA
2015-05-11,50,5.8,NA
2015-05-11,50,6,NA
2015-05-11,50,6.2,10.7
2015-05-11,50,8,31
2015-05-11,50,9,17.8
2015-05-11,50,9.3,NA
2015-05-14,50,0.1,12.35
2015-05-14,50,0.8,NA
2015-05-14,50,1.6,14.7
2015-05-14,50,2.8,NA
2015-05-14,50,3.8,16.25
2015-05-14,50,5,18.45
2015-05-14,50,5.2,NA
2015-05-14,50,5.5,NA
2015-05-14,50,5.8,NA
2015-05-14,50,6,NA
2015-05-14,50,6.2,15.05
2015-05-14,50,8,32.55
2015-05-14,50,9,16.45
2015-05-14,50,9.3,NA
2015-05-18,50,0.1,13.5
2015-05-18,50,0.8,NA
2015-05-18,50,1.6,16.6
2015-05-18,50,2.8,NA
2015-05-18,50,3.8,15.7
2015-05-18,50,5,20.1
2015-05-18,50,5.2,NA
2015-05-18,50,5.5,NA
2015-05-18,50,5.8,NA
2015-05-18,50,6,NA
2015-05-18,50,6.2,19.4
2015-05-18,50,8,34.1
2015-05-18,50,9,15.1
2015-05-18,50,9.3,NA
2015-05-21,50,0.1,13.2
2015-05-21,50,0.8,NA
2015-05-21,50,1.6,15.25
2015-05-21,50,2.8,NA
2015-05-21,50,3.8,14.95
2015-05-21,50,5,19.55
2015-05-21,50,5.2,NA
2015-05-21,50,5.5,NA
2015-05-21,50,5.8,NA
2015-05-21,50,6,NA
2015-05-21,50,6.2,26.9
2015-05-21,50,8,31.55
2015-05-21,50,9,17.9
2015-05-21,50,9.3,NA
2015-05-25,50,0.1,12.9
2015-05-25,50,0.8,NA
2015-05-25,50,1.6,13.9
2015-05-25,50,2.8,NA
2015-05-25,50,3.8,14.2
2015-05-25,50,5,19
2015-05-25,50,5.2,NA
2015-05-25,50,5.5,NA
2015-05-25,50,5.8,NA
2015-05-25,50,6,NA
2015-05-25,50,6.2,34.4
2015-05-25,50,8,29
2015-05-25,50,9,20.7
2015-05-25,50,9.3,NA
2015-05-28,50,0.1,13.95
2015-05-28,50,0.8,NA
2015-05-28,50,1.6,15.55
2015-05-28,50,2.8,NA
2015-05-28,50,3.8,18.7
2015-05-28,50,5,18.4
2015-05-28,50,5.2,NA
2015-05-28,50,5.5,NA
2015-05-28,50,5.8,NA
2015-05-28,50,6,NA
2015-05-28,50,6.2,25.85
2015-05-28,50,8,27.55
2015-05-28,50,9,21.15
2015-05-28,50,9.3,NA
2015-06-08,50,0.1,15
2015-06-08,50,0.8,NA
2015-06-08,50,1.6,17.2
2015-06-08,50,2.8,NA
2015-06-08,50,3.8,23.2
2015-06-08,50,5,17.8
2015-06-08,50,5.2,NA
2015-06-08,50,5.5,NA
2015-06-08,50,5.8,NA
2015-06-08,50,6,NA
2015-06-08,50,6.2,17.3
2015-06-08,50,8,26.1
2015-06-08,50,9,21.6
2015-06-08,50,9.3,NA
2015-06-11,50,0.1,13.85
2015-06-11,50,0.8,NA
2015-06-11,50,1.6,14.6
2015-06-11,50,2.8,NA
2015-06-11,50,3.8,19.75
2015-06-11,50,5,18.9
2015-06-11,50,5.2,NA
2015-06-11,50,5.5,NA
2015-06-11,50,5.8,NA
2015-06-11,50,6,NA
2015-06-11,50,6.2,17
2015-06-11,50,8,21.35
2015-06-11,50,9,26.7
2015-06-11,50,9.3,NA
2015-06-15,50,0.1,12.7
2015-06-15,50,0.8,NA
2015-06-15,50,1.6,12
2015-06-15,50,2.8,NA
2015-06-15,50,3.8,16.3
2015-06-15,50,5,20
2015-06-15,50,5.2,NA
2015-06-15,50,5.5,NA
2015-06-15,50,5.8,NA
2015-06-15,50,6,NA
2015-06-15,50,6.2,16.7
2015-06-15,50,8,16.6
2015-06-15,50,9,31.8
2015-06-15,50,9.3,NA
2015-06-18,50,0.1,12.2
2015-06-18,50,0.8,NA
2015-06-18,50,1.6,12.9
2015-06-18,50,2.8,NA
2015-06-18,50,3.8,16.4333333333333
2015-06-18,50,5,21.9333333333333
2015-06-18,50,5.2,NA
2015-06-18,50,5.5,NA
2015-06-18,50,5.8,NA
2015-06-18,50,6,NA
2015-06-18,50,6.2,18.0333333333333
2015-06-18,50,8,18.0666666666667
2015-06-18,50,9,32.9333333333333
2015-06-18,50,9.3,NA
2015-06-19,50,0.1,11.7
2015-06-19,50,0.8,NA
2015-06-19,50,1.6,13.8
2015-06-19,50,2.8,NA
2015-06-19,50,3.8,16.5666666666667
2015-06-19,50,5,23.8666666666667
2015-06-19,50,5.2,NA
2015-06-19,50,5.5,NA
2015-06-19,50,5.8,NA
2015-06-19,50,6,NA
2015-06-19,50,6.2,19.3666666666667
2015-06-19,50,8,19.5333333333333
2015-06-19,50,9,34.0666666666667
2015-06-19,50,9.3,NA
2015-06-22,50,0.1,11.2
2015-06-22,50,0.8,NA
2015-06-22,50,1.6,14.7
2015-06-22,50,2.8,NA
2015-06-22,50,3.8,16.7
2015-06-22,50,5,25.8
2015-06-22,50,5.2,NA
2015-06-22,50,5.5,NA
2015-06-22,50,5.8,NA
2015-06-22,50,6,NA
2015-06-22,50,6.2,20.7
2015-06-22,50,8,21
2015-06-22,50,9,35.2
2015-06-22,50,9.3,NA
2015-06-23,50,0.1,12
2015-06-23,50,0.8,NA
2015-06-23,50,1.6,14.8666666666667
2015-06-23,50,2.8,NA
2015-06-23,50,3.8,16.0666666666667
2015-06-23,50,5,20.6
2015-06-23,50,5.2,NA
2015-06-23,50,5.5,NA
2015-06-23,50,5.8,NA
2015-06-23,50,6,NA
2015-06-23,50,6.2,20.5
2015-06-23,50,8,20.4
2015-06-23,50,9,29.8666666666667
2015-06-23,50,9.3,NA
2015-06-25,50,0.1,12.8
2015-06-25,50,0.8,NA
2015-06-25,50,1.6,15.0333333333333
2015-06-25,50,2.8,NA
2015-06-25,50,3.8,15.4333333333333
2015-06-25,50,5,15.4
2015-06-25,50,5.2,NA
2015-06-25,50,5.5,NA
2015-06-25,50,5.8,NA
2015-06-25,50,6,NA
2015-06-25,50,6.2,20.3
2015-06-25,50,8,19.8
2015-06-25,50,9,24.5333333333333
2015-06-25,50,9.3,NA
2015-06-29,50,0.1,13.6
2015-06-29,50,0.8,NA
2015-06-29,50,1.6,15.2
2015-06-29,50,2.8,NA
2015-06-29,50,3.8,14.8
2015-06-29,50,5,10.2
2015-06-29,50,5.2,NA
2015-06-29,50,5.5,NA
2015-06-29,50,5.8,NA
2015-06-29,50,6,NA
2015-06-29,50,6.2,20.1
2015-06-29,50,8,19.2
2015-06-29,50,9,19.2
2015-06-29,50,9.3,NA
2015-07-02,50,0.1,13.6
2015-07-02,50,0.8,NA
2015-07-02,50,1.6,14.65
2015-07-02,50,2.8,NA
2015-07-02,50,3.8,17
2015-07-02,50,5,13.25
2015-07-02,50,5.2,NA
2015-07-02,50,5.5,NA
2015-07-02,50,5.8,NA
2015-07-02,50,6,NA
2015-07-02,50,6.2,19.9
2015-07-02,50,8,15.9
2015-07-02,50,9,16.5
2015-07-02,50,9.3,NA
2015-07-06,50,0.1,13.6
2015-07-06,50,0.8,NA
2015-07-06,50,1.6,14.1
2015-07-06,50,2.8,NA
2015-07-06,50,3.8,19.2
2015-07-06,50,5,16.3
2015-07-06,50,5.2,NA
2015-07-06,50,5.5,NA
2015-07-06,50,5.8,NA
2015-07-06,50,6,NA
2015-07-06,50,6.2,19.7
2015-07-06,50,8,12.6
2015-07-06,50,9,13.8
2015-07-06,50,9.3,NA
2015-07-09,50,0.1,16
2015-07-09,50,0.8,NA
2015-07-09,50,1.6,13.1
2015-07-09,50,2.8,NA
2015-07-09,50,3.8,15.5
2015-07-09,50,5,13.9
2015-07-09,50,5.2,NA
2015-07-09,50,5.5,NA
2015-07-09,50,5.8,NA
2015-07-09,50,6,NA
2015-07-09,50,6.2,16
2015-07-09,50,8,10.45
2015-07-09,50,9,11.35
2015-07-09,50,9.3,NA
2015-07-13,50,0.1,18.4
2015-07-13,50,0.8,NA
2015-07-13,50,1.6,12.1
2015-07-13,50,2.8,NA
2015-07-13,50,3.8,11.8
2015-07-13,50,5,11.5
2015-07-13,50,5.2,NA
2015-07-13,50,5.5,NA
2015-07-13,50,5.8,NA
2015-07-13,50,6,NA
2015-07-13,50,6.2,12.3
2015-07-13,50,8,8.3
2015-07-13,50,9,8.9
2015-07-13,50,9.3,NA
2015-07-16,50,0.1,17.15
2015-07-16,50,0.8,NA
2015-07-16,50,1.6,17.6
2015-07-16,50,2.8,NA
2015-07-16,50,3.8,19.6
2015-07-16,50,5,14.9
2015-07-16,50,5.2,NA
2015-07-16,50,5.5,NA
2015-07-16,50,5.8,NA
2015-07-16,50,6,NA
2015-07-16,50,6.2,18.8
2015-07-16,50,8,12.45
2015-07-16,50,9,12.7
2015-07-16,50,9.3,NA
2015-07-20,50,0.1,15.9
2015-07-20,50,0.8,NA
2015-07-20,50,1.6,23.1
2015-07-20,50,2.8,NA
2015-07-20,50,3.8,27.4
2015-07-20,50,5,18.3
2015-07-20,50,5.2,NA
2015-07-20,50,5.5,NA
2015-07-20,50,5.8,NA
2015-07-20,50,6,NA
2015-07-20,50,6.2,25.3
2015-07-20,50,8,16.6
2015-07-20,50,9,16.5
2015-07-20,50,9.3,NA
2015-07-23,50,0.1,15.575
2015-07-23,50,0.8,NA
2015-07-23,50,1.6,19.05
2015-07-23,50,2.8,NA
2015-07-23,50,3.8,26.15
2015-07-23,50,5,20.75
2015-07-23,50,5.2,NA
2015-07-23,50,5.5,NA
2015-07-23,50,5.8,NA
2015-07-23,50,6,NA
2015-07-23,50,6.2,21.5
2015-07-23,50,8,17.15
2015-07-23,50,9,15.85
2015-07-23,50,9.3,NA
2015-07-27,50,0.1,15.25
2015-07-27,50,0.8,NA
2015-07-27,50,1.6,15
2015-07-27,50,2.8,NA
2015-07-27,50,3.8,24.9
2015-07-27,50,5,23.2
2015-07-27,50,5.2,NA
2015-07-27,50,5.5,NA
2015-07-27,50,5.8,NA
2015-07-27,50,6,NA
2015-07-27,50,6.2,17.7
2015-07-27,50,8,17.7
2015-07-27,50,9,15.2
2015-07-27,50,9.3,NA
2015-07-30,50,0.1,14.925
2015-07-30,50,0.8,NA
2015-07-30,50,1.6,16.4
2015-07-30,50,2.8,NA
2015-07-30,50,3.8,38.3
2015-07-30,50,5,24.85
2015-07-30,50,5.2,NA
2015-07-30,50,5.5,NA
2015-07-30,50,5.8,NA
2015-07-30,50,6,NA
2015-07-30,50,6.2,18.1
2015-07-30,50,8,17.25
2015-07-30,50,9,14.85
2015-07-30,50,9.3,NA
2015-08-03,50,0.1,14.6
2015-08-03,50,0.8,NA
2015-08-03,50,1.6,17.8
2015-08-03,50,2.8,NA
2015-08-03,50,3.8,51.7
2015-08-03,50,5,26.5
2015-08-03,50,5.2,NA
2015-08-03,50,5.5,NA
2015-08-03,50,5.8,NA
2015-08-03,50,6,NA
2015-08-03,50,6.2,18.5
2015-08-03,50,8,16.8
2015-08-03,50,9,14.5
2015-08-03,50,9.3,NA
2015-08-08,50,0.1,17.4
2015-08-08,50,0.8,NA
2015-08-08,50,1.6,20.45
2015-08-08,50,2.8,NA
2015-08-08,50,3.8,46
2015-08-08,50,5,17.6
2015-08-08,50,5.2,NA
2015-08-08,50,5.5,NA
2015-08-08,50,5.8,NA
2015-08-08,50,6,NA
2015-08-08,50,6.2,22.5
2015-08-08,50,8,15.55
2015-08-08,50,9,15.05
2015-08-08,50,9.3,NA
2015-08-31,50,0.1,20.2
2015-08-31,50,0.8,NA
2015-08-31,50,1.6,23.1
2015-08-31,50,2.8,NA
2015-08-31,50,3.8,40.3
2015-08-31,50,5,8.7
2015-08-31,50,5.2,NA
2015-08-31,50,5.5,NA
2015-08-31,50,5.8,NA
2015-08-31,50,6,NA
2015-08-31,50,6.2,26.5
2015-08-31,50,8,14.3
2015-08-31,50,9,15.6
2015-08-31,50,9.3,NA
2015-09-04,50,0.1,22.75
2015-09-04,50,0.8,NA
2015-09-04,50,1.6,23.6
2015-09-04,50,2.8,NA
2015-09-04,50,3.8,34.6
2015-09-04,50,5,20.3
2015-09-04,50,5.2,NA
2015-09-04,50,5.5,NA
2015-09-04,50,5.8,NA
2015-09-04,50,6,NA
2015-09-04,50,6.2,24.7
2015-09-04,50,8,17.35
2015-09-04,50,9,16.25
2015-09-04,50,9.3,NA
2015-09-07,50,0.1,25.3
2015-09-07,50,0.8,NA
2015-09-07,50,1.6,24.1
2015-09-07,50,2.8,NA
2015-09-07,50,3.8,28.9
2015-09-07,50,5,31.9
2015-09-07,50,5.2,NA
2015-09-07,50,5.5,NA
2015-09-07,50,5.8,NA
2015-09-07,50,6,NA
2015-09-07,50,6.2,22.9
2015-09-07,50,8,20.4
2015-09-07,50,9,16.9
2015-09-07,50,9.3,NA
2015-09-14,50,0.1,24.8
2015-09-14,50,0.8,NA
2015-09-14,50,1.6,20
2015-09-14,50,2.8,NA
2015-09-14,50,3.8,24.4
2015-09-14,50,5,4.9
2015-09-14,50,5.2,NA
2015-09-14,50,5.5,NA
2015-09-14,50,5.8,NA
2015-09-14,50,6,NA
2015-09-14,50,6.2,23.2
2015-09-14,50,8,7.6
2015-09-14,50,9,13.6
2015-09-14,50,9.3,NA
2015-09-18,50,0.1,24.85
2015-09-18,50,0.8,NA
2015-09-18,50,1.6,22.15
2015-09-18,50,2.8,NA
2015-09-18,50,3.8,20.5
2015-09-18,50,5,16.45
2015-09-18,50,5.2,NA
2015-09-18,50,5.5,NA
2015-09-18,50,5.8,NA
2015-09-18,50,6,NA
2015-09-18,50,6.2,21.05
2015-09-18,50,8,16.25
2015-09-18,50,9,15.25
2015-09-18,50,9.3,NA
2015-09-21,50,0.1,24.9
2015-09-21,50,0.8,NA
2015-09-21,50,1.6,24.3
2015-09-21,50,2.8,NA
2015-09-21,50,3.8,16.6
2015-09-21,50,5,28
2015-09-21,50,5.2,NA
2015-09-21,50,5.5,NA
2015-09-21,50,5.8,NA
2015-09-21,50,6,NA
2015-09-21,50,6.2,18.9
2015-09-21,50,8,24.9
2015-09-21,50,9,16.9
2015-09-21,50,9.3,NA
2015-09-28,50,0.1,18.9
2015-09-28,50,0.8,NA
2015-09-28,50,1.6,22.1
2015-09-28,50,2.8,NA
2015-09-28,50,3.8,16.5
2015-09-28,50,5,21.2
2015-09-28,50,5.2,NA
2015-09-28,50,5.5,NA
2015-09-28,50,5.8,NA
2015-09-28,50,6,NA
2015-09-28,50,6.2,18
2015-09-28,50,8,11.9
2015-09-28,50,9,12.9
2015-09-28,50,9.3,NA
2015-10-02,50,0.1,17.35
2015-10-02,50,0.8,NA
2015-10-02,50,1.6,18.9
2015-10-02,50,2.8,NA
2015-10-02,50,3.8,16.75
2015-10-02,50,5,19.75
2015-10-02,50,5.2,NA
2015-10-02,50,5.5,NA
2015-10-02,50,5.8,NA
2015-10-02,50,6,NA
2015-10-02,50,6.2,18
2015-10-02,50,8,13.5
2015-10-02,50,9,14.85
2015-10-02,50,9.3,NA
2015-10-05,50,0.1,15.8
2015-10-05,50,0.8,NA
2015-10-05,50,1.6,15.7
2015-10-05,50,2.8,NA
2015-10-05,50,3.8,17
2015-10-05,50,5,18.3
2015-10-05,50,5.2,NA
2015-10-05,50,5.5,NA
2015-10-05,50,5.8,NA
2015-10-05,50,6,NA
2015-10-05,50,6.2,18
2015-10-05,50,8,15.1
2015-10-05,50,9,16.8
2015-10-05,50,9.3,NA
2015-10-19,50,0.1,14.7
2015-10-19,50,0.8,NA
2015-10-19,50,1.6,19
2015-10-19,50,2.8,NA
2015-10-19,50,3.8,14.2
2015-10-19,50,5,13.6
2015-10-19,50,5.2,NA
2015-10-19,50,5.5,NA
2015-10-19,50,5.8,NA
2015-10-19,50,6,NA
2015-10-19,50,6.2,16.1
2015-10-19,50,8,15.8
2015-10-19,50,9,13.9
2015-10-19,50,9.3,NA
2015-10-23,50,0.1,14.25
2015-10-23,50,0.8,NA
2015-10-23,50,1.6,16.3
2015-10-23,50,2.8,NA
2015-10-23,50,3.8,14
2015-10-23,50,5,13.75
2015-10-23,50,5.2,NA
2015-10-23,50,5.5,NA
2015-10-23,50,5.8,NA
2015-10-23,50,6,NA
2015-10-23,50,6.2,16.9
2015-10-23,50,8,14.85
2015-10-23,50,9,13.6
2015-10-23,50,9.3,NA
2015-12-07,50,0.1,13.8
2015-12-07,50,0.8,NA
2015-12-07,50,1.6,13.6
2015-12-07,50,2.8,NA
2015-12-07,50,3.8,13.8
2015-12-07,50,5,13.9
2015-12-07,50,5.2,NA
2015-12-07,50,5.5,NA
2015-12-07,50,5.8,NA
2015-12-07,50,6,NA
2015-12-07,50,6.2,17.7
2015-12-07,50,8,13.9
2015-12-07,50,9,13.3
2015-12-07,50,9.3,NA
2016-05-12,50,0.1,14.3
2016-05-12,50,0.8,NA
2016-05-12,50,1.6,12.9
2016-05-12,50,2.8,NA
2016-05-12,50,3.8,16.35
2016-05-12,50,5,17.85
2016-05-12,50,5.2,NA
2016-05-12,50,5.5,NA
2016-05-12,50,5.8,NA
2016-05-12,50,6,NA
2016-05-12,50,6.2,16.7
2016-05-12,50,8,14.3
2016-05-12,50,9,12.7
2016-05-12,50,9.3,NA
2016-05-16,50,0.1,14.8
2016-05-16,50,0.8,NA
2016-05-16,50,1.6,12.2
2016-05-16,50,2.8,NA
2016-05-16,50,3.8,18.9
2016-05-16,50,5,21.8
2016-05-16,50,5.2,NA
2016-05-16,50,5.5,NA
2016-05-16,50,5.8,NA
2016-05-16,50,6,NA
2016-05-16,50,6.2,15.7
2016-05-16,50,8,14.7
2016-05-16,50,9,12.1
2016-05-16,50,9.3,NA
2016-05-19,50,0.1,15.2
2016-05-19,50,0.8,NA
2016-05-19,50,1.6,12
2016-05-19,50,2.8,NA
2016-05-19,50,3.8,19.45
2016-05-19,50,5,21.15
2016-05-19,50,5.2,NA
2016-05-19,50,5.5,NA
2016-05-19,50,5.8,NA
2016-05-19,50,6,NA
2016-05-19,50,6.2,15.7
2016-05-19,50,8,18.55
2016-05-19,50,9,15.9
2016-05-19,50,9.3,NA
2016-05-23,50,0.1,15.6
2016-05-23,50,0.8,NA
2016-05-23,50,1.6,11.8
2016-05-23,50,2.8,NA
2016-05-23,50,3.8,20
2016-05-23,50,5,20.5
2016-05-23,50,5.2,NA
2016-05-23,50,5.5,NA
2016-05-23,50,5.8,NA
2016-05-23,50,6,NA
2016-05-23,50,6.2,15.7
2016-05-23,50,8,22.4
2016-05-23,50,9,19.7
2016-05-23,50,9.3,NA
2016-05-26,50,0.1,16.2666666666667
2016-05-26,50,0.8,NA
2016-05-26,50,1.6,12.5666666666667
2016-05-26,50,2.8,NA
2016-05-26,50,3.8,18.2666666666667
2016-05-26,50,5,19.6
2016-05-26,50,5.2,NA
2016-05-26,50,5.5,NA
2016-05-26,50,5.8,NA
2016-05-26,50,6,NA
2016-05-26,50,6.2,15.7
2016-05-26,50,8,20.5333333333333
2016-05-26,50,9,19.7
2016-05-26,50,9.3,NA
2016-05-29,50,0.1,16.9333333333333
2016-05-29,50,0.8,NA
2016-05-29,50,1.6,13.3333333333333
2016-05-29,50,2.8,NA
2016-05-29,50,3.8,16.5333333333333
2016-05-29,50,5,18.7
2016-05-29,50,5.2,NA
2016-05-29,50,5.5,NA
2016-05-29,50,5.8,NA
2016-05-29,50,6,NA
2016-05-29,50,6.2,15.7
2016-05-29,50,8,18.6666666666667
2016-05-29,50,9,19.7
2016-05-29,50,9.3,NA
2016-05-30,50,0.1,17.6
2016-05-30,50,0.1,17.6
2016-05-30,50,0.1,17.6
2016-05-30,50,0.1,17.6
2016-05-30,50,0.1,19.1
2016-05-30,50,0.1,19.1
2016-05-30,50,0.1,19.1
2016-05-30,50,0.1,19.1
2016-05-30,50,0.8,NA
2016-05-30,50,0.8,NA
2016-05-30,50,1.6,14.1
2016-05-30,50,1.6,14.1
2016-05-30,50,1.6,14.1
2016-05-30,50,1.6,14.1
2016-05-30,50,1.6,20.2
2016-05-30,50,1.6,20.2
2016-05-30,50,1.6,20.2
2016-05-30,50,1.6,20.2
2016-05-30,50,2.8,NA
2016-05-30,50,2.8,NA
2016-05-30,50,3.8,14.8
2016-05-30,50,3.8,14.8
2016-05-30,50,3.8,14.8
2016-05-30,50,3.8,14.8
2016-05-30,50,3.8,19.7
2016-05-30,50,3.8,19.7
2016-05-30,50,3.8,19.7
2016-05-30,50,3.8,19.7
2016-05-30,50,5,17.8
2016-05-30,50,5,17.8
2016-05-30,50,5,17.8
2016-05-30,50,5,17.8
2016-05-30,50,5,25.7
2016-05-30,50,5,25.7
2016-05-30,50,5,25.7
2016-05-30,50,5,25.7
2016-05-30,50,5.2,NA
2016-05-30,50,5.2,NA
2016-05-30,50,5.5,NA
2016-05-30,50,5.5,NA
2016-05-30,50,5.8,NA
2016-05-30,50,5.8,NA
2016-05-30,50,6,NA
2016-05-30,50,6,NA
2016-05-30,50,6.2,15.7
2016-05-30,50,6.2,15.7
2016-05-30,50,6.2,15.7
2016-05-30,50,6.2,15.7
2016-05-30,50,6.2,15.4
2016-05-30,50,6.2,15.4
2016-05-30,50,6.2,15.4
2016-05-30,50,6.2,15.4
2016-05-30,50,8,16.8
2016-05-30,50,8,16.8
2016-05-30,50,8,16.8
2016-05-30,50,8,16.8
2016-05-30,50,8,21.5
2016-05-30,50,8,21.5
2016-05-30,50,8,21.5
2016-05-30,50,8,21.5
2016-05-30,50,9,19.7
2016-05-30,50,9,19.7
2016-05-30,50,9,19.7
2016-05-30,50,9,19.7
2016-05-30,50,9,20.3
2016-05-30,50,9,20.3
2016-05-30,50,9,20.3
2016-05-30,50,9,20.3
2016-05-30,50,9.3,NA
2016-05-30,50,9.3,NA
2016-05-31,50,0.1,18.9
2016-05-31,50,0.8,NA
2016-05-31,50,1.6,26.4
2016-05-31,50,2.8,NA
2016-05-31,50,3.8,19.2
2016-05-31,50,5,17.7
2016-05-31,50,5.2,NA
2016-05-31,50,5.5,NA
2016-05-31,50,5.8,NA
2016-05-31,50,6,NA
2016-05-31,50,6.2,20.4
2016-05-31,50,8,18.6
2016-05-31,50,9,29.1
2016-05-31,50,9.3,NA
2016-06-01,50,0.1,19.5
2016-06-01,50,0.8,NA
2016-06-01,50,1.6,21.75
2016-06-01,50,2.8,NA
2016-06-01,50,3.8,23.85
2016-06-01,50,5,16.8
2016-06-01,50,5.2,NA
2016-06-01,50,5.5,NA
2016-06-01,50,5.8,NA
2016-06-01,50,6,NA
2016-06-01,50,6.2,20.05
2016-06-01,50,8,17.15
2016-06-01,50,9,24.05
2016-06-01,50,9.3,NA
2016-06-02,50,0.1,20.1
2016-06-02,50,0.8,NA
2016-06-02,50,1.6,17.1
2016-06-02,50,2.8,NA
2016-06-02,50,3.8,28.5
2016-06-02,50,5,15.9
2016-06-02,50,5.2,NA
2016-06-02,50,5.5,NA
2016-06-02,50,5.8,NA
2016-06-02,50,6,NA
2016-06-02,50,6.2,19.7
2016-06-02,50,8,15.7
2016-06-02,50,9,19
2016-06-02,50,9.3,NA
2016-06-03,50,0.1,20.15
2016-06-03,50,0.8,NA
2016-06-03,50,1.6,19.15
2016-06-03,50,2.8,NA
2016-06-03,50,3.8,23.85
2016-06-03,50,5,19.05
2016-06-03,50,5.2,NA
2016-06-03,50,5.5,NA
2016-06-03,50,5.8,NA
2016-06-03,50,6,14.9
2016-06-03,50,6.2,18.7
2016-06-03,50,8,16.5
2016-06-03,50,9,19.05
2016-06-03,50,9.3,NA
2016-06-06,50,0.1,20.2
2016-06-06,50,0.8,NA
2016-06-06,50,1.6,21.2
2016-06-06,50,2.8,NA
2016-06-06,50,3.8,19.2
2016-06-06,50,5,22.2
2016-06-06,50,5.2,NA
2016-06-06,50,5.5,NA
2016-06-06,50,5.8,NA
2016-06-06,50,6,NA
2016-06-06,50,6.2,17.7
2016-06-06,50,8,17.3
2016-06-06,50,9,19.1
2016-06-06,50,9.3,NA
2016-06-07,50,0.1,19.9
2016-06-07,50,0.8,NA
2016-06-07,50,1.6,20.325
2016-06-07,50,2.8,NA
2016-06-07,50,3.8,19.025
2016-06-07,50,5,20.85
2016-06-07,50,5.2,NA
2016-06-07,50,5.5,NA
2016-06-07,50,5.8,NA
2016-06-07,50,6,NA
2016-06-07,50,6.2,17.4
2016-06-07,50,8,16.95
2016-06-07,50,9,18.625
2016-06-07,50,9.3,NA
2016-06-08,50,0.1,19.6
2016-06-08,50,0.8,NA
2016-06-08,50,1.6,19.45
2016-06-08,50,2.8,NA
2016-06-08,50,3.8,18.85
2016-06-08,50,5,19.5
2016-06-08,50,5.2,NA
2016-06-08,50,5.5,NA
2016-06-08,50,5.8,NA
2016-06-08,50,6,NA
2016-06-08,50,6.2,17.1
2016-06-08,50,8,16.6
2016-06-08,50,9,18.15
2016-06-08,50,9.3,NA
2016-06-09,50,0.1,19.3
2016-06-09,50,0.8,NA
2016-06-09,50,1.6,18.575
2016-06-09,50,2.8,NA
2016-06-09,50,3.8,18.675
2016-06-09,50,5,18.15
2016-06-09,50,5.2,NA
2016-06-09,50,5.5,NA
2016-06-09,50,5.8,NA
2016-06-09,50,6,NA
2016-06-09,50,6.2,16.8
2016-06-09,50,8,16.25
2016-06-09,50,9,17.675
2016-06-09,50,9.3,NA
2016-06-13,50,0.1,19
2016-06-13,50,0.8,NA
2016-06-13,50,1.6,17.7
2016-06-13,50,2.8,NA
2016-06-13,50,3.8,18.5
2016-06-13,50,5,16.8
2016-06-13,50,5.2,NA
2016-06-13,50,5.5,NA
2016-06-13,50,5.8,NA
2016-06-13,50,6,NA
2016-06-13,50,6.2,16.5
2016-06-13,50,8,15.9
2016-06-13,50,9,17.2
2016-06-13,50,9.3,NA
2016-06-20,50,0.1,23.3
2016-06-20,50,0.8,NA
2016-06-20,50,1.6,26.4
2016-06-20,50,2.8,NA
2016-06-20,50,3.8,28
2016-06-20,50,5,19.875
2016-06-20,50,5.2,NA
2016-06-20,50,5.5,NA
2016-06-20,50,5.8,NA
2016-06-20,50,6,NA
2016-06-20,50,6.2,20.1
2016-06-20,50,8,16
2016-06-20,50,9,18.7
2016-06-20,50,9.3,NA
2016-06-23,50,0.1,22.5666666666667
2016-06-23,50,0.8,NA
2016-06-23,50,1.6,24.9
2016-06-23,50,2.8,NA
2016-06-23,50,3.8,28.0333333333333
2016-06-23,50,5,22.95
2016-06-23,50,5.2,NA
2016-06-23,50,5.5,NA
2016-06-23,50,5.8,NA
2016-06-23,50,6,NA
2016-06-23,50,6.2,19.9
2016-06-23,50,8,17.3
2016-06-23,50,9,19.3333333333333
2016-06-23,50,9.3,NA
2016-06-26,50,0.1,21.8333333333333
2016-06-26,50,0.8,NA
2016-06-26,50,1.6,23.4
2016-06-26,50,2.8,NA
2016-06-26,50,3.8,28.0666666666667
2016-06-26,50,5,26.025
2016-06-26,50,5.2,NA
2016-06-26,50,5.5,NA
2016-06-26,50,5.8,NA
2016-06-26,50,6,NA
2016-06-26,50,6.2,19.7
2016-06-26,50,8,18.6
2016-06-26,50,9,19.9666666666667
2016-06-26,50,9.3,NA
2016-06-27,50,0.1,21.1
2016-06-27,50,0.8,NA
2016-06-27,50,1.6,21.9
2016-06-27,50,2.8,NA
2016-06-27,50,3.8,28.1
2016-06-27,50,5,29.1
2016-06-27,50,5.2,NA
2016-06-27,50,5.5,NA
2016-06-27,50,5.8,NA
2016-06-27,50,6,NA
2016-06-27,50,6.2,19.5
2016-06-27,50,8,19.9
2016-06-27,50,9,20.6
2016-06-27,50,9.3,NA
2016-06-28,50,0.1,23.2
2016-06-28,50,0.8,NA
2016-06-28,50,1.6,24.6
2016-06-28,50,2.8,NA
2016-06-28,50,3.8,19.1
2016-06-28,50,5,19.6
2016-06-28,50,5.2,NA
2016-06-28,50,5.5,NA
2016-06-28,50,5.8,NA
2016-06-28,50,6,NA
2016-06-28,50,6.2,24.1
2016-06-28,50,8,18.1
2016-06-28,50,9,14.6
2016-06-28,50,9.3,NA
2016-06-30,50,0.1,19.1
2016-06-30,50,0.8,NA
2016-06-30,50,1.6,19.5
2016-06-30,50,2.8,NA
2016-06-30,50,3.8,18.3
2016-06-30,50,5,19.9
2016-06-30,50,5.2,NA
2016-06-30,50,5.5,NA
2016-06-30,50,5.8,NA
2016-06-30,50,6,NA
2016-06-30,50,6.2,23.4
2016-06-30,50,8,21.1
2016-06-30,50,9,20.6
2016-06-30,50,9.3,NA
2016-07-05,50,0.1,16.7
2016-07-05,50,0.8,NA
2016-07-05,50,1.6,20.1
2016-07-05,50,2.8,NA
2016-07-05,50,3.8,18.2
2016-07-05,50,5,17.1
2016-07-05,50,5.2,NA
2016-07-05,50,5.5,NA
2016-07-05,50,5.8,NA
2016-07-05,50,6,NA
2016-07-05,50,6.2,15.7
2016-07-05,50,8,18.5
2016-07-05,50,9,18.2
2016-07-05,50,9.3,NA
2016-07-07,50,0.1,17.1
2016-07-07,50,0.8,NA
2016-07-07,50,1.6,20
2016-07-07,50,2.8,NA
2016-07-07,50,3.8,16.8
2016-07-07,50,5,18.9
2016-07-07,50,5.2,NA
2016-07-07,50,5.5,NA
2016-07-07,50,5.8,NA
2016-07-07,50,6,NA
2016-07-07,50,6.2,19.5
2016-07-07,50,8,20.2
2016-07-07,50,9,20
2016-07-07,50,9.3,NA
2016-07-11,50,0.1,17.5
2016-07-11,50,0.8,NA
2016-07-11,50,1.6,19.9
2016-07-11,50,2.8,NA
2016-07-11,50,3.8,15.4
2016-07-11,50,5,20.7
2016-07-11,50,5.2,NA
2016-07-11,50,5.5,29.2
2016-07-11,50,5.8,NA
2016-07-11,50,6,NA
2016-07-11,50,6.2,23.3
2016-07-11,50,8,21.9
2016-07-11,50,9,21.8
2016-07-11,50,9.3,NA
2016-07-14,50,0.1,19.5
2016-07-14,50,0.8,NA
2016-07-14,50,1.6,21.45
2016-07-14,50,2.8,NA
2016-07-14,50,3.8,19.6
2016-07-14,50,5,20.85
2016-07-14,50,5.2,NA
2016-07-14,50,5.5,27.1333333333333
2016-07-14,50,5.8,NA
2016-07-14,50,6,NA
2016-07-14,50,6.2,22.6
2016-07-14,50,8,22.95
2016-07-14,50,9,21.15
2016-07-14,50,9.3,NA
2016-07-18,50,0.1,21.5
2016-07-18,50,0.8,NA
2016-07-18,50,1.6,23
2016-07-18,50,2.8,NA
2016-07-18,50,3.8,23.8
2016-07-18,50,5,21
2016-07-18,50,5.2,NA
2016-07-18,50,5.5,25.0666666666667
2016-07-18,50,5.8,NA
2016-07-18,50,6,NA
2016-07-18,50,6.2,21.9
2016-07-18,50,8,24
2016-07-18,50,9,20.5
2016-07-18,50,9.3,NA
2016-07-21,50,0.1,20.6
2016-07-21,50,0.8,NA
2016-07-21,50,1.6,22.5
2016-07-21,50,2.8,NA
2016-07-21,50,3.8,22.0666666666667
2016-07-21,50,5,22.1666666666667
2016-07-21,50,5.2,NA
2016-07-21,50,5.5,23
2016-07-21,50,5.8,NA
2016-07-21,50,6,NA
2016-07-21,50,6.2,23.4
2016-07-21,50,8,24.3666666666667
2016-07-21,50,9,22.2666666666667
2016-07-21,50,9.3,NA
2016-07-24,50,0.1,19.7
2016-07-24,50,0.8,NA
2016-07-24,50,1.6,22
2016-07-24,50,2.8,NA
2016-07-24,50,3.8,20.3333333333333
2016-07-24,50,5,23.3333333333333
2016-07-24,50,5.2,NA
2016-07-24,50,5.5,26.7
2016-07-24,50,5.8,NA
2016-07-24,50,6,NA
2016-07-24,50,6.2,24.9
2016-07-24,50,8,24.7333333333333
2016-07-24,50,9,24.0333333333333
2016-07-24,50,9.3,NA
2016-07-25,50,0.1,18.8
2016-07-25,50,0.1,20.6
2016-07-25,50,0.8,NA
2016-07-25,50,1.6,21.5
2016-07-25,50,2.8,NA
2016-07-25,50,3.8,18.6
2016-07-25,50,5,24.5
2016-07-25,50,5.2,24
2016-07-25,50,5.5,30.4
2016-07-25,50,5.8,NA
2016-07-25,50,6,NA
2016-07-25,50,6.2,26.4
2016-07-25,50,8,25.1
2016-07-25,50,8,22.4
2016-07-25,50,9,25.8
2016-07-25,50,9.3,NA
2016-07-26,50,0.1,19.7
2016-07-26,50,0.8,NA
2016-07-26,50,1.6,19.8666666666667
2016-07-26,50,2.8,NA
2016-07-26,50,3.8,19.1
2016-07-26,50,5,22.8666666666667
2016-07-26,50,5.2,NA
2016-07-26,50,5.5,30.4
2016-07-26,50,5.8,NA
2016-07-26,50,6,NA
2016-07-26,50,6.2,24.7
2016-07-26,50,8,22.4333333333333
2016-07-26,50,9,24.9333333333333
2016-07-26,50,9.3,NA
2016-07-28,50,0.1,18.8
2016-07-28,50,0.8,NA
2016-07-28,50,1.6,18.2333333333333
2016-07-28,50,2.8,NA
2016-07-28,50,3.8,19.6
2016-07-28,50,5,21.2333333333333
2016-07-28,50,5.2,NA
2016-07-28,50,5.5,30.4
2016-07-28,50,5.8,NA
2016-07-28,50,6,NA
2016-07-28,50,6.2,23
2016-07-28,50,8,22.4666666666667
2016-07-28,50,9,24.0666666666667
2016-07-28,50,9.3,NA
2016-08-01,50,0.1,17.9
2016-08-01,50,0.8,NA
2016-08-01,50,1.6,16.6
2016-08-01,50,2.8,NA
2016-08-01,50,3.8,20.1
2016-08-01,50,5,19.6
2016-08-01,50,5.2,NA
2016-08-01,50,5.5,30.4
2016-08-01,50,5.8,22.1
2016-08-01,50,6,NA
2016-08-01,50,6.2,41.9
2016-08-01,50,8,22.5
2016-08-01,50,9,23.2
2016-08-01,50,9.3,NA
2016-08-08,50,0.1,22
2016-08-08,50,0.8,NA
2016-08-08,50,1.6,32.1
2016-08-08,50,2.8,NA
2016-08-08,50,3.8,35.3
2016-08-08,50,5,45.6
2016-08-08,50,5.2,NA
2016-08-08,50,5.5,30.4
2016-08-08,50,5.8,NA
2016-08-08,50,6,NA
2016-08-08,50,6.2,28.6
2016-08-08,50,8,41.2
2016-08-08,50,9,26.7
2016-08-08,50,9.3,NA
2016-08-11,50,0.1,22
2016-08-11,50,0.8,NA
2016-08-11,50,1.6,26.95
2016-08-11,50,2.8,NA
2016-08-11,50,3.8,30.85
2016-08-11,50,5,51.4
2016-08-11,50,5.2,NA
2016-08-11,50,5.5,30.4
2016-08-11,50,5.8,NA
2016-08-11,50,6,NA
2016-08-11,50,6.2,24.8
2016-08-11,50,8,31.45
2016-08-11,50,9,23.05
2016-08-11,50,9.3,NA
2016-08-15,50,0.1,22
2016-08-15,50,0.8,NA
2016-08-15,50,1.6,21.8
2016-08-15,50,2.8,NA
2016-08-15,50,3.8,26.4
2016-08-15,50,5,57.2
2016-08-15,50,5.2,NA
2016-08-15,50,5.5,30.4
2016-08-15,50,5.8,NA
2016-08-15,50,6,NA
2016-08-15,50,6.2,21
2016-08-15,50,8,21.7
2016-08-15,50,9,19.4
2016-08-15,50,9.3,NA
2016-08-18,50,0.1,25.2
2016-08-18,50,0.8,NA
2016-08-18,50,1.6,22.6333333333333
2016-08-18,50,2.8,NA
2016-08-18,50,3.8,29.0333333333333
2016-08-18,50,5,51.8
2016-08-18,50,5.2,NA
2016-08-18,50,5.5,NA
2016-08-18,50,5.8,NA
2016-08-18,50,6,NA
2016-08-18,50,6.2,26.9666666666667
2016-08-18,50,8,21.3666666666667
2016-08-18,50,9,20.2
2016-08-18,50,9.3,NA
2016-08-23,50,0.1,28.4
2016-08-23,50,0.8,NA
2016-08-23,50,1.6,23.4666666666667
2016-08-23,50,2.8,NA
2016-08-23,50,3.8,31.6666666666667
2016-08-23,50,5,46.4
2016-08-23,50,5.2,NA
2016-08-23,50,5.5,NA
2016-08-23,50,5.8,NA
2016-08-23,50,6,NA
2016-08-23,50,6.2,32.9333333333333
2016-08-23,50,8,21.0333333333333
2016-08-23,50,9,21
2016-08-23,50,9.3,NA
2016-08-26,50,0.1,31.6
2016-08-26,50,0.8,NA
2016-08-26,50,1.6,24.3
2016-08-26,50,2.8,NA
2016-08-26,50,3.8,34.3
2016-08-26,50,5,41
2016-08-26,50,5.2,NA
2016-08-26,50,5.5,NA
2016-08-26,50,5.8,NA
2016-08-26,50,6,NA
2016-08-26,50,6.2,38.9
2016-08-26,50,8,20.7
2016-08-26,50,9,21.8
2016-08-26,50,9.3,NA
2016-09-02,50,0.1,25.4
2016-09-02,50,0.8,NA
2016-09-02,50,1.6,30
2016-09-02,50,2.8,NA
2016-09-02,50,3.8,40.6
2016-09-02,50,5,37.4
2016-09-02,50,5.2,NA
2016-09-02,50,5.5,NA
2016-09-02,50,5.8,NA
2016-09-02,50,6,NA
2016-09-02,50,6.2,32.9
2016-09-02,50,8,19.5
2016-09-02,50,9,20.1666666666667
2016-09-02,50,9.3,NA
2016-09-06,50,0.1,25.45
2016-09-06,50,0.8,NA
2016-09-06,50,1.6,28.4
2016-09-06,50,2.8,NA
2016-09-06,50,3.8,36.7
2016-09-06,50,5,33.8
2016-09-06,50,5.2,NA
2016-09-06,50,5.5,NA
2016-09-06,50,5.8,NA
2016-09-06,50,6,NA
2016-09-06,50,6.2,30.25
2016-09-06,50,8,20.4
2016-09-06,50,9,18.5333333333333
2016-09-06,50,9.3,NA
2016-09-09,50,0.1,25.5
2016-09-09,50,0.8,NA
2016-09-09,50,1.6,26.8
2016-09-09,50,2.8,NA
2016-09-09,50,3.8,32.8
2016-09-09,50,5,30.2
2016-09-09,50,5.2,NA
2016-09-09,50,5.5,NA
2016-09-09,50,5.8,NA
2016-09-09,50,6,NA
2016-09-09,50,6.2,27.6
2016-09-09,50,8,21.3
2016-09-09,50,9,16.9
2016-09-09,50,9.3,NA
2016-09-16,50,0.1,26.025
2016-09-16,50,0.8,NA
2016-09-16,50,1.6,27.225
2016-09-16,50,2.8,NA
2016-09-16,50,3.8,31.375
2016-09-16,50,5,30.125
2016-09-16,50,5.2,NA
2016-09-16,50,5.5,NA
2016-09-16,50,5.8,NA
2016-09-16,50,6,NA
2016-09-16,50,6.2,30.475
2016-09-16,50,8,20.9
2016-09-16,50,9,17.9
2016-09-16,50,9.3,NA
2016-09-17,50,0.1,26.55
2016-09-17,50,0.8,NA
2016-09-17,50,1.6,27.65
2016-09-17,50,2.8,NA
2016-09-17,50,3.8,29.95
2016-09-17,50,5,30.05
2016-09-17,50,5.2,NA
2016-09-17,50,5.5,NA
2016-09-17,50,5.8,NA
2016-09-17,50,6,NA
2016-09-17,50,6.2,33.35
2016-09-17,50,8,20.5
2016-09-17,50,9,18.9
2016-09-17,50,9.3,NA
2016-09-27,50,0.1,27.075
2016-09-27,50,0.8,NA
2016-09-27,50,1.6,28.075
2016-09-27,50,2.8,NA
2016-09-27,50,3.8,28.525
2016-09-27,50,5,29.975
2016-09-27,50,5.2,NA
2016-09-27,50,5.5,NA
2016-09-27,50,5.8,NA
2016-09-27,50,6,NA
2016-09-27,50,6.2,36.225
2016-09-27,50,8,20.1
2016-09-27,50,9,19.9
2016-09-27,50,9.3,NA
2016-09-30,50,0.1,27.6
2016-09-30,50,0.8,NA
2016-09-30,50,1.6,28.5
2016-09-30,50,2.8,NA
2016-09-30,50,3.8,27.1
2016-09-30,50,5,29.9
2016-09-30,50,5.2,NA
2016-09-30,50,5.5,NA
2016-09-30,50,5.8,NA
2016-09-30,50,6,NA
2016-09-30,50,6.2,39.1
2016-09-30,50,8,19.7
2016-09-30,50,9,20.9
2016-09-30,50,9.3,NA
2016-10-05,50,0.1,28.1
2016-10-05,50,0.8,NA
2016-10-05,50,1.6,27.9
2016-10-05,50,2.8,NA
2016-10-05,50,3.8,26.8333333333333
2016-10-05,50,5,26.3
2016-10-05,50,5.2,NA
2016-10-05,50,5.5,NA
2016-10-05,50,5.8,NA
2016-10-05,50,6,NA
2016-10-05,50,6.2,35.1666666666667
2016-10-05,50,8,22.6666666666667
2016-10-05,50,9,27.8
2016-10-05,50,9.3,NA
2016-10-06,50,0.1,27.75
2016-10-06,50,0.8,NA
2016-10-06,50,1.6,27.3
2016-10-06,50,2.8,NA
2016-10-06,50,3.8,26.5666666666667
2016-10-06,50,5,26.85
2016-10-06,50,5.2,NA
2016-10-06,50,5.5,NA
2016-10-06,50,5.8,NA
2016-10-06,50,6,NA
2016-10-06,50,6.2,31.2333333333333
2016-10-06,50,8,25.6333333333333
2016-10-06,50,9,28.75
2016-10-06,50,9.3,NA
2016-10-07,50,0.1,27.4
2016-10-07,50,0.8,NA
2016-10-07,50,1.6,26.7
2016-10-07,50,2.8,NA
2016-10-07,50,3.8,26.3
2016-10-07,50,5,27.4
2016-10-07,50,5.2,NA
2016-10-07,50,5.5,NA
2016-10-07,50,5.8,NA
2016-10-07,50,6,NA
2016-10-07,50,6.2,27.3
2016-10-07,50,8,28.6
2016-10-07,50,9,29.7
2016-10-07,50,9.3,NA
2016-10-11,50,0.1,27.3
2016-10-11,50,0.8,NA
2016-10-11,50,1.6,28.3
2016-10-11,50,2.8,NA
2016-10-11,50,3.8,25.75
2016-10-11,50,5,27.7
2016-10-11,50,5.2,NA
2016-10-11,50,5.5,NA
2016-10-11,50,5.8,NA
2016-10-11,50,6,NA
2016-10-11,50,6.2,26.55
2016-10-11,50,8,27.4
2016-10-11,50,9,27.1
2016-10-11,50,9.3,NA
2016-10-14,50,0.1,27.2
2016-10-14,50,0.8,NA
2016-10-14,50,1.6,29.9
2016-10-14,50,2.8,NA
2016-10-14,50,3.8,25.2
2016-10-14,50,5,28
2016-10-14,50,5.2,NA
2016-10-14,50,5.5,NA
2016-10-14,50,5.8,NA
2016-10-14,50,6,NA
2016-10-14,50,6.2,25.8
2016-10-14,50,8,26.2
2016-10-14,50,9,24.5
2016-10-14,50,9.3,NA
2016-11-04,50,0.1,25.6
2016-11-04,50,0.8,NA
2016-11-04,50,1.6,25.3
2016-11-04,50,2.8,NA
2016-11-04,50,3.8,20.8
2016-11-04,50,5,23.8
2016-11-04,50,5.2,NA
2016-11-04,50,5.5,NA
2016-11-04,50,5.8,NA
2016-11-04,50,6,NA
2016-11-04,50,6.2,18.8
2016-11-04,50,8,22.5
2016-11-04,50,9,25.4
2016-11-04,50,9.3,NA
2016-11-11,50,0.1,23.5
2016-11-11,50,0.8,NA
2016-11-11,50,1.6,23.8
2016-11-11,50,2.8,NA
2016-11-11,50,3.8,22.1
2016-11-11,50,5,21.75
2016-11-11,50,5.2,NA
2016-11-11,50,5.5,NA
2016-11-11,50,5.8,NA
2016-11-11,50,6,NA
2016-11-11,50,6.2,19.6
2016-11-11,50,8,21.45
2016-11-11,50,9,21.25
2016-11-11,50,9.3,NA
2016-12-02,50,0.1,21.4
2016-12-02,50,0.8,NA
2016-12-02,50,1.6,22.3
2016-12-02,50,2.8,NA
2016-12-02,50,3.8,23.4
2016-12-02,50,5,19.7
2016-12-02,50,5.2,NA
2016-12-02,50,5.5,NA
2016-12-02,50,5.8,NA
2016-12-02,50,6,NA
2016-12-02,50,6.2,20.4
2016-12-02,50,8,20.4
2016-12-02,50,9,17.1
2016-12-02,50,9.3,NA
2017-03-12,50,0.1,21.3533333333333
2017-03-12,50,0.8,NA
2017-03-12,50,1.6,22.08
2017-03-12,50,2.8,NA
2017-03-12,50,3.8,22.86
2017-03-12,50,5,19.22
2017-03-12,50,5.2,NA
2017-03-12,50,5.5,NA
2017-03-12,50,5.8,NA
2017-03-12,50,6,NA
2017-03-12,50,6.2,19.94
2017-03-12,50,8,19.92
2017-03-12,50,9,16.9866666666667
2017-03-12,50,9.3,NA
2017-03-26,50,0.1,21.3066666666667
2017-03-26,50,0.8,NA
2017-03-26,50,1.6,21.86
2017-03-26,50,2.8,NA
2017-03-26,50,3.8,22.32
2017-03-26,50,5,18.74
2017-03-26,50,5.2,NA
2017-03-26,50,5.5,NA
2017-03-26,50,5.8,NA
2017-03-26,50,6,NA
2017-03-26,50,6.2,19.48
2017-03-26,50,8,19.44
2017-03-26,50,9,16.8733333333333
2017-03-26,50,9.3,NA
2017-04-09,50,0.1,21.26
2017-04-09,50,0.8,NA
2017-04-09,50,1.6,21.64
2017-04-09,50,2.8,NA
2017-04-09,50,3.8,21.78
2017-04-09,50,5,18.26
2017-04-09,50,5.2,NA
2017-04-09,50,5.5,NA
2017-04-09,50,5.8,NA
2017-04-09,50,6,NA
2017-04-09,50,6.2,19.02
2017-04-09,50,8,18.96
2017-04-09,50,9,16.76
2017-04-09,50,9.3,NA
2017-04-16,50,0.1,21.2133333333333
2017-04-16,50,0.8,NA
2017-04-16,50,1.6,21.42
2017-04-16,50,2.8,NA
2017-04-16,50,3.8,21.24
2017-04-16,50,5,17.78
2017-04-16,50,5.2,NA
2017-04-16,50,5.5,NA
2017-04-16,50,5.8,NA
2017-04-16,50,6,NA
2017-04-16,50,6.2,18.56
2017-04-16,50,8,18.48
2017-04-16,50,9,16.6466666666667
2017-04-16,50,9.3,NA
2017-04-23,50,0.1,21.1666666666667
2017-04-23,50,0.8,NA
2017-04-23,50,1.6,21.2
2017-04-23,50,2.8,NA
2017-04-23,50,3.8,20.7
2017-04-23,50,5,17.3
2017-04-23,50,5.2,NA
2017-04-23,50,5.5,NA
2017-04-23,50,5.8,NA
2017-04-23,50,6,NA
2017-04-23,50,6.2,18.1
2017-04-23,50,8,18
2017-04-23,50,9,16.5333333333333
2017-04-23,50,9.3,NA
2017-04-30,50,0.1,21.12
2017-04-30,50,0.8,NA
2017-04-30,50,1.6,20.98
2017-04-30,50,2.8,NA
2017-04-30,50,3.8,20.16
2017-04-30,50,5,16.82
2017-04-30,50,5.2,NA
2017-04-30,50,5.5,NA
2017-04-30,50,5.8,NA
2017-04-30,50,6,NA
2017-04-30,50,6.2,17.64
2017-04-30,50,8,17.52
2017-04-30,50,9,16.42
2017-04-30,50,9.3,NA
2017-05-04,50,0.1,21.0733333333333
2017-05-04,50,0.8,NA
2017-05-04,50,1.6,20.76
2017-05-04,50,2.8,NA
2017-05-04,50,3.8,19.62
2017-05-04,50,5,16.34
2017-05-04,50,5.2,NA
2017-05-04,50,5.5,NA
2017-05-04,50,5.8,NA
2017-05-04,50,6,NA
2017-05-04,50,6.2,17.18
2017-05-04,50,8,17.04
2017-05-04,50,9,16.3066666666667
2017-05-04,50,9.3,NA
2017-05-07,50,0.1,21.0266666666667
2017-05-07,50,0.8,NA
2017-05-07,50,1.6,20.54
2017-05-07,50,2.8,NA
2017-05-07,50,3.8,19.08
2017-05-07,50,5,15.86
2017-05-07,50,5.2,NA
2017-05-07,50,5.5,NA
2017-05-07,50,5.8,NA
2017-05-07,50,6,NA
2017-05-07,50,6.2,16.72
2017-05-07,50,8,16.56
2017-05-07,50,9,16.1933333333333
2017-05-07,50,9.3,NA
2017-05-09,50,0.1,20.98
2017-05-09,50,0.8,NA
2017-05-09,50,1.6,20.32
2017-05-09,50,2.8,NA
2017-05-09,50,3.8,18.54
2017-05-09,50,5,15.38
2017-05-09,50,5.2,NA
2017-05-09,50,5.5,NA
2017-05-09,50,5.8,NA
2017-05-09,50,6,NA
2017-05-09,50,6.2,16.26
2017-05-09,50,8,16.08
2017-05-09,50,9,16.08
2017-05-09,50,9.3,NA
2017-05-14,50,0.1,20.9333333333333
2017-05-14,50,0.8,NA
2017-05-14,50,1.6,20.1
2017-05-14,50,2.8,NA
2017-05-14,50,3.8,18
2017-05-14,50,5,14.9
2017-05-14,50,5.2,NA
2017-05-14,50,5.5,NA
2017-05-14,50,5.8,NA
2017-05-14,50,6,NA
2017-05-14,50,6.2,15.8
2017-05-14,50,8,15.6
2017-05-14,50,9,15.9666666666667
2017-05-14,50,9.3,NA
2017-06-28,50,0.1,20.8866666666667
2017-06-28,50,0.8,NA
2017-06-28,50,1.6,19.88
2017-06-28,50,2.8,NA
2017-06-28,50,3.8,17.46
2017-06-28,50,5,14.42
2017-06-28,50,5.2,NA
2017-06-28,50,5.5,NA
2017-06-28,50,5.8,NA
2017-06-28,50,6,NA
2017-06-28,50,6.2,15.34
2017-06-28,50,8,15.12
2017-06-28,50,9,15.8533333333333
2017-06-28,50,9.3,NA
2017-07-04,50,0.1,20.84
2017-07-04,50,0.8,NA
2017-07-04,50,1.6,19.66
2017-07-04,50,2.8,NA
2017-07-04,50,3.8,16.92
2017-07-04,50,5,13.94
2017-07-04,50,5.2,NA
2017-07-04,50,5.5,NA
2017-07-04,50,5.8,NA
2017-07-04,50,6,NA
2017-07-04,50,6.2,14.88
2017-07-04,50,8,14.64
2017-07-04,50,9,15.74
2017-07-04,50,9.3,NA
2017-07-06,50,0.1,20.7933333333333
2017-07-06,50,0.8,NA
2017-07-06,50,1.6,19.44
2017-07-06,50,2.8,NA
2017-07-06,50,3.8,16.38
2017-07-06,50,5,13.46
2017-07-06,50,5.2,NA
2017-07-06,50,5.5,NA
2017-07-06,50,5.8,NA
2017-07-06,50,6,NA
2017-07-06,50,6.2,14.42
2017-07-06,50,8,14.16
2017-07-06,50,9,15.6266666666667
2017-07-06,50,9.3,NA
2017-07-09,50,0.1,20.7466666666667
2017-07-09,50,0.8,NA
2017-07-09,50,1.6,19.22
2017-07-09,50,2.8,NA
2017-07-09,50,3.8,15.84
2017-07-09,50,5,12.98
2017-07-09,50,5.2,NA
2017-07-09,50,5.5,NA
2017-07-09,50,5.8,NA
2017-07-09,50,6,NA
2017-07-09,50,6.2,13.96
2017-07-09,50,8,13.68
2017-07-09,50,9,15.5133333333333
2017-07-09,50,9.3,NA
2017-07-10,50,0.1,20.7
2017-07-10,50,0.8,NA
2017-07-10,50,1.6,19
2017-07-10,50,2.8,NA
2017-07-10,50,3.8,15.3
2017-07-10,50,5,12.5
2017-07-10,50,5.2,NA
2017-07-10,50,5.5,NA
2017-07-10,50,5.8,NA
2017-07-10,50,6,NA
2017-07-10,50,6.2,13.5
2017-07-10,50,8,13.2
2017-07-10,50,9,15.4
2017-07-10,50,9.3,NA
2017-07-11,50,0.1,20.825
2017-07-11,50,0.8,NA
2017-07-11,50,1.6,19.3666666666667
2017-07-11,50,2.8,NA
2017-07-11,50,3.8,15.9833333333333
2017-07-11,50,5,13.6166666666667
2017-07-11,50,5.2,NA
2017-07-11,50,5.5,NA
2017-07-11,50,5.8,NA
2017-07-11,50,6,NA
2017-07-11,50,6.2,14.575
2017-07-11,50,8,13.3083333333333
2017-07-11,50,9,16.75
2017-07-11,50,9.3,NA
2017-07-12,50,0.1,20.95
2017-07-12,50,0.8,NA
2017-07-12,50,1.6,19.7333333333333
2017-07-12,50,2.8,NA
2017-07-12,50,3.8,16.6666666666667
2017-07-12,50,5,14.7333333333333
2017-07-12,50,5.2,NA
2017-07-12,50,5.5,NA
2017-07-12,50,5.8,NA
2017-07-12,50,6,NA
2017-07-12,50,6.2,15.65
2017-07-12,50,8,13.4166666666667
2017-07-12,50,9,18.1
2017-07-12,50,9.3,NA
2017-08-06,50,0.1,21.075
2017-08-06,50,0.8,NA
2017-08-06,50,1.6,20.1
2017-08-06,50,2.8,NA
2017-08-06,50,3.8,17.35
2017-08-06,50,5,15.85
2017-08-06,50,5.2,NA
2017-08-06,50,5.5,NA
2017-08-06,50,5.8,NA
2017-08-06,50,6,NA
2017-08-06,50,6.2,16.725
2017-08-06,50,8,13.525
2017-08-06,50,9,19.45
2017-08-06,50,9.3,NA
2017-08-09,50,0.1,21.2
2017-08-09,50,0.8,NA
2017-08-09,50,1.6,20.4666666666667
2017-08-09,50,2.8,NA
2017-08-09,50,3.8,18.0333333333333
2017-08-09,50,5,16.9666666666667
2017-08-09,50,5.2,NA
2017-08-09,50,5.5,NA
2017-08-09,50,5.8,NA
2017-08-09,50,6,NA
2017-08-09,50,6.2,17.8
2017-08-09,50,8,13.6333333333333
2017-08-09,50,9,20.8
2017-08-09,50,9.3,NA
2017-08-13,50,0.1,21.325
2017-08-13,50,0.8,NA
2017-08-13,50,1.6,20.8333333333333
2017-08-13,50,2.8,NA
2017-08-13,50,3.8,18.7166666666667
2017-08-13,50,5,18.0833333333333
2017-08-13,50,5.2,NA
2017-08-13,50,5.5,NA
2017-08-13,50,5.8,NA
2017-08-13,50,6,NA
2017-08-13,50,6.2,18.875
2017-08-13,50,8,13.7416666666667
2017-08-13,50,9,22.15
2017-08-13,50,9.3,NA
2017-08-16,50,0.1,21.45
2017-08-16,50,0.8,NA
2017-08-16,50,1.6,21.2
2017-08-16,50,2.8,NA
2017-08-16,50,3.8,19.4
2017-08-16,50,5,19.2
2017-08-16,50,5.2,NA
2017-08-16,50,5.5,NA
2017-08-16,50,5.8,NA
2017-08-16,50,6,NA
2017-08-16,50,6.2,19.95
2017-08-16,50,8,13.85
2017-08-16,50,9,23.5
2017-08-16,50,9.3,NA
2017-08-20,50,0.1,21.575
2017-08-20,50,0.8,NA
2017-08-20,50,1.6,21.5666666666667
2017-08-20,50,2.8,NA
2017-08-20,50,3.8,20.0833333333333
2017-08-20,50,5,20.3166666666667
2017-08-20,50,5.2,NA
2017-08-20,50,5.5,NA
2017-08-20,50,5.8,NA
2017-08-20,50,6,NA
2017-08-20,50,6.2,21.025
2017-08-20,50,8,13.9583333333333
2017-08-20,50,9,24.85
2017-08-20,50,9.3,NA
2017-08-27,50,0.1,21.7
2017-08-27,50,0.8,NA
2017-08-27,50,1.6,21.9333333333333
2017-08-27,50,2.8,NA
2017-08-27,50,3.8,20.7666666666667
2017-08-27,50,5,21.4333333333333
2017-08-27,50,5.2,NA
2017-08-27,50,5.5,NA
2017-08-27,50,5.8,NA
2017-08-27,50,6,NA
2017-08-27,50,6.2,22.1
2017-08-27,50,8,14.0666666666667
2017-08-27,50,9,26.2
2017-08-27,50,9.3,NA
2017-09-03,50,0.1,21.825
2017-09-03,50,0.8,NA
2017-09-03,50,1.6,22.3
2017-09-03,50,2.8,NA
2017-09-03,50,3.8,21.45
2017-09-03,50,5,22.55
2017-09-03,50,5.2,NA
2017-09-03,50,5.5,NA
2017-09-03,50,5.8,NA
2017-09-03,50,6,NA
2017-09-03,50,6.2,23.175
2017-09-03,50,8,14.175
2017-09-03,50,9,27.55
2017-09-03,50,9.3,NA
2017-09-10,50,0.1,21.95
2017-09-10,50,0.8,NA
2017-09-10,50,1.6,22.6666666666667
2017-09-10,50,2.8,NA
2017-09-10,50,3.8,22.1333333333333
2017-09-10,50,5,23.6666666666667
2017-09-10,50,5.2,NA
2017-09-10,50,5.5,NA
2017-09-10,50,5.8,NA
2017-09-10,50,6,NA
2017-09-10,50,6.2,24.25
2017-09-10,50,8,14.2833333333333
2017-09-10,50,9,28.9
2017-09-10,50,9.3,NA
2017-09-17,50,0.1,22.075
2017-09-17,50,0.8,NA
2017-09-17,50,1.6,23.0333333333333
2017-09-17,50,2.8,NA
2017-09-17,50,3.8,22.8166666666667
2017-09-17,50,5,24.7833333333333
2017-09-17,50,5.2,NA
2017-09-17,50,5.5,NA
2017-09-17,50,5.8,NA
2017-09-17,50,6,NA
2017-09-17,50,6.2,25.325
2017-09-17,50,8,14.3916666666667
2017-09-17,50,9,30.25
2017-09-17,50,9.3,NA
2017-09-18,50,0.1,22.2
2017-09-18,50,0.8,NA
2017-09-18,50,1.6,23.4
2017-09-18,50,2.8,NA
2017-09-18,50,3.8,23.5
2017-09-18,50,5,25.9
2017-09-18,50,5.2,NA
2017-09-18,50,5.5,NA
2017-09-18,50,5.8,NA
2017-09-18,50,6,NA
2017-09-18,50,6.2,26.4
2017-09-18,50,8,14.5
2017-09-18,50,9,31.6
2017-09-18,50,9.3,NA
2017-09-24,50,0.1,21.925
2017-09-24,50,0.8,NA
2017-09-24,50,1.6,24.6
2017-09-24,50,2.8,NA
2017-09-24,50,3.8,24.275
2017-09-24,50,5,27.925
2017-09-24,50,5.2,NA
2017-09-24,50,5.5,NA
2017-09-24,50,5.8,NA
2017-09-24,50,6,NA
2017-09-24,50,6.2,26.575
2017-09-24,50,8,15.35
2017-09-24,50,9,28.2
2017-09-24,50,9.3,NA
2017-10-08,50,0.1,21.65
2017-10-08,50,0.8,NA
2017-10-08,50,1.6,25.8
2017-10-08,50,2.8,NA
2017-10-08,50,3.8,25.05
2017-10-08,50,5,29.95
2017-10-08,50,5.2,NA
2017-10-08,50,5.5,NA
2017-10-08,50,5.8,NA
2017-10-08,50,6,NA
2017-10-08,50,6.2,26.75
2017-10-08,50,8,16.2
2017-10-08,50,9,24.8
2017-10-08,50,9.3,NA
2017-10-15,50,0.1,21.375
2017-10-15,50,0.8,NA
2017-10-15,50,1.6,27
2017-10-15,50,2.8,NA
2017-10-15,50,3.8,25.825
2017-10-15,50,5,31.975
2017-10-15,50,5.2,NA
2017-10-15,50,5.5,NA
2017-10-15,50,5.8,NA
2017-10-15,50,6,NA
2017-10-15,50,6.2,26.925
2017-10-15,50,8,17.05
2017-10-15,50,9,21.4
2017-10-15,50,9.3,NA
2017-10-16,50,0.1,21.1
2017-10-16,50,0.8,NA
2017-10-16,50,1.6,28.2
2017-10-16,50,2.8,NA
2017-10-16,50,3.8,26.6
2017-10-16,50,5,34
2017-10-16,50,5.2,NA
2017-10-16,50,5.5,NA
2017-10-16,50,5.8,NA
2017-10-16,50,6,NA
2017-10-16,50,6.2,27.1
2017-10-16,50,8,17.9
2017-10-16,50,9,18
2017-10-16,50,9.3,NA
2017-12-10,50,0.1,21.1
2017-12-10,50,0.8,NA
2017-12-10,50,1.6,28.2
2017-12-10,50,2.8,NA
2017-12-10,50,3.8,26.6
2017-12-10,50,5,34
2017-12-10,50,5.2,NA
2017-12-10,50,5.5,NA
2017-12-10,50,5.8,NA
2017-12-10,50,6,NA
2017-12-10,50,6.2,27.1
2017-12-10,50,8,17.9
2017-12-10,50,9,18
2017-12-10,50,9.3,NA
