"Date","Site","Depth","TPinf_interp"
2013-05-16,50,0.1,49.9
2013-05-16,50,0.8,49.9
2013-05-16,50,1.6,49.9
2013-05-16,50,2.8,49.9
2013-05-16,50,3.8,49.9
2013-05-16,50,5,49.9
2013-05-16,50,5.2,NA
2013-05-16,50,5.5,NA
2013-05-16,50,5.8,NA
2013-05-16,50,6,NA
2013-05-16,50,6.2,49.9
2013-05-16,50,8,49.9
2013-05-16,50,9,NA
2013-05-16,50,9.3,NA
2013-05-21,50,0.1,41.1
2013-05-21,50,0.8,41.1
2013-05-21,50,1.6,41.1
2013-05-21,50,2.8,41.1
2013-05-21,50,3.8,41.1
2013-05-21,50,5,41.1
2013-05-21,50,5.2,NA
2013-05-21,50,5.5,NA
2013-05-21,50,5.8,NA
2013-05-21,50,6,NA
2013-05-21,50,6.2,41.1
2013-05-21,50,8,41.1
2013-05-21,50,9,NA
2013-05-21,50,9.3,NA
2013-05-23,50,0.1,32.3
2013-05-23,50,0.8,32.3
2013-05-23,50,1.6,32.3
2013-05-23,50,2.8,32.3
2013-05-23,50,3.8,32.3
2013-05-23,50,5,32.3
2013-05-23,50,5.2,NA
2013-05-23,50,5.5,NA
2013-05-23,50,5.8,NA
2013-05-23,50,6,NA
2013-05-23,50,6.2,32.3
2013-05-23,50,8,32.3
2013-05-23,50,9,NA
2013-05-23,50,9.3,NA
2013-05-30,50,0.1,36.5
2013-05-30,50,0.8,36.5
2013-05-30,50,1.6,36.5
2013-05-30,50,2.8,36.5
2013-05-30,50,3.8,36.5
2013-05-30,50,5,36.5
2013-05-30,50,5.2,NA
2013-05-30,50,5.5,NA
2013-05-30,50,5.8,NA
2013-05-30,50,6,NA
2013-05-30,50,6.2,36.5
2013-05-30,50,8,36.5
2013-05-30,50,9,NA
2013-05-30,50,9.3,NA
2013-06-04,50,0.1,36.0333333333333
2013-06-04,50,0.8,37.3166666666667
2013-06-04,50,1.6,36.0333333333333
2013-06-04,50,2.8,37.3166666666667
2013-06-04,50,3.8,36.0333333333333
2013-06-04,50,5,36.0333333333333
2013-06-04,50,5.2,NA
2013-06-04,50,5.5,NA
2013-06-04,50,5.8,NA
2013-06-04,50,6,NA
2013-06-04,50,6.2,36.0333333333333
2013-06-04,50,8,36.0333333333333
2013-06-04,50,9,NA
2013-06-04,50,9.3,NA
2013-06-06,50,0.1,35.5666666666667
2013-06-06,50,0.8,38.1333333333333
2013-06-06,50,1.6,35.5666666666667
2013-06-06,50,2.8,38.1333333333333
2013-06-06,50,3.8,35.5666666666667
2013-06-06,50,5,35.5666666666667
2013-06-06,50,5.2,NA
2013-06-06,50,5.5,NA
2013-06-06,50,5.8,NA
2013-06-06,50,6,NA
2013-06-06,50,6.2,35.5666666666667
2013-06-06,50,8,35.5666666666667
2013-06-06,50,9,NA
2013-06-06,50,9.3,NA
2013-06-13,50,0.1,35.1
2013-06-13,50,0.8,38.95
2013-06-13,50,1.6,35.1
2013-06-13,50,2.8,38.95
2013-06-13,50,3.8,35.1
2013-06-13,50,5,35.1
2013-06-13,50,5.2,NA
2013-06-13,50,5.5,NA
2013-06-13,50,5.8,NA
2013-06-13,50,6,NA
2013-06-13,50,6.2,35.1
2013-06-13,50,8,35.1
2013-06-13,50,9,NA
2013-06-13,50,9.3,NA
2013-06-20,50,0.1,37.2
2013-06-20,50,0.8,39.7666666666667
2013-06-20,50,1.6,37.2
2013-06-20,50,2.8,39.7666666666667
2013-06-20,50,3.8,37.2
2013-06-20,50,5,37.2
2013-06-20,50,5.2,NA
2013-06-20,50,5.5,NA
2013-06-20,50,5.8,NA
2013-06-20,50,6,NA
2013-06-20,50,6.2,37.2
2013-06-20,50,8,37.2
2013-06-20,50,9,NA
2013-06-20,50,9.3,NA
2013-06-25,50,0.1,39.3
2013-06-25,50,0.8,40.5833333333333
2013-06-25,50,1.6,39.3
2013-06-25,50,2.8,40.5833333333333
2013-06-25,50,3.8,39.3
2013-06-25,50,5,39.3
2013-06-25,50,5.2,NA
2013-06-25,50,5.5,NA
2013-06-25,50,5.8,NA
2013-06-25,50,6,NA
2013-06-25,50,6.2,39.3
2013-06-25,50,8,39.3
2013-06-25,50,9,NA
2013-06-25,50,9.3,NA
2013-06-27,50,0.1,41.4
2013-06-27,50,0.8,41.4
2013-06-27,50,1.6,41.4
2013-06-27,50,2.8,41.4
2013-06-27,50,3.8,41.4
2013-06-27,50,5,41.4
2013-06-27,50,5.2,NA
2013-06-27,50,5.5,NA
2013-06-27,50,5.8,NA
2013-06-27,50,6,NA
2013-06-27,50,6.2,41.4
2013-06-27,50,8,41.4
2013-06-27,50,9,NA
2013-06-27,50,9.3,NA
2013-07-03,50,0.1,68.9
2013-07-03,50,0.8,68.9
2013-07-03,50,1.6,68.9
2013-07-03,50,2.8,68.9
2013-07-03,50,3.8,68.9
2013-07-03,50,5,68.9
2013-07-03,50,5.2,NA
2013-07-03,50,5.5,NA
2013-07-03,50,5.8,NA
2013-07-03,50,6,NA
2013-07-03,50,6.2,68.9
2013-07-03,50,8,68.9
2013-07-03,50,9,NA
2013-07-03,50,9.3,NA
2013-07-11,50,0.1,48.8
2013-07-11,50,0.8,48.8
2013-07-11,50,1.6,48.8
2013-07-11,50,2.8,48.8
2013-07-11,50,3.8,48.8
2013-07-11,50,5,48.8
2013-07-11,50,5.2,NA
2013-07-11,50,5.5,NA
2013-07-11,50,5.8,NA
2013-07-11,50,6,NA
2013-07-11,50,6.2,48.8
2013-07-11,50,8,48.8
2013-07-11,50,9,NA
2013-07-11,50,9.3,NA
2013-07-15,50,0.1,35
2013-07-15,50,0.8,35
2013-07-15,50,1.6,35
2013-07-15,50,2.8,35
2013-07-15,50,3.8,35
2013-07-15,50,5,35
2013-07-15,50,5.2,NA
2013-07-15,50,5.5,NA
2013-07-15,50,5.8,NA
2013-07-15,50,6,NA
2013-07-15,50,6.2,35
2013-07-15,50,8,35
2013-07-15,50,9,NA
2013-07-15,50,9.3,NA
2013-07-18,50,0.1,43.2666666666667
2013-07-18,50,0.8,43.2666666666667
2013-07-18,50,1.6,43.2666666666667
2013-07-18,50,2.8,43.2666666666667
2013-07-18,50,3.8,43.2666666666667
2013-07-18,50,5,43.2666666666667
2013-07-18,50,5.2,NA
2013-07-18,50,5.5,NA
2013-07-18,50,5.8,NA
2013-07-18,50,6,NA
2013-07-18,50,6.2,43.2666666666667
2013-07-18,50,8,43.2666666666667
2013-07-18,50,9,NA
2013-07-18,50,9.3,NA
2013-07-22,50,0.1,51.5333333333333
2013-07-22,50,0.8,51.5333333333333
2013-07-22,50,1.6,51.5333333333333
2013-07-22,50,2.8,51.5333333333333
2013-07-22,50,3.8,51.5333333333333
2013-07-22,50,5,51.5333333333333
2013-07-22,50,5.2,NA
2013-07-22,50,5.5,NA
2013-07-22,50,5.8,NA
2013-07-22,50,6,NA
2013-07-22,50,6.2,51.5333333333333
2013-07-22,50,8,51.5333333333333
2013-07-22,50,9,NA
2013-07-22,50,9.3,NA
2013-07-25,50,0.1,59.8
2013-07-25,50,0.8,59.8
2013-07-25,50,1.6,59.8
2013-07-25,50,2.8,59.8
2013-07-25,50,3.8,59.8
2013-07-25,50,5,59.8
2013-07-25,50,5.2,NA
2013-07-25,50,5.5,NA
2013-07-25,50,5.8,NA
2013-07-25,50,6,NA
2013-07-25,50,6.2,59.8
2013-07-25,50,8,59.8
2013-07-25,50,9,NA
2013-07-25,50,9.3,NA
2013-07-29,50,0.1,52.6
2013-07-29,50,0.8,52.6
2013-07-29,50,1.6,52.6
2013-07-29,50,2.8,52.6
2013-07-29,50,3.8,52.6
2013-07-29,50,5,52.6
2013-07-29,50,5.2,NA
2013-07-29,50,5.5,NA
2013-07-29,50,5.8,NA
2013-07-29,50,6,NA
2013-07-29,50,6.2,52.6
2013-07-29,50,8,52.6
2013-07-29,50,9,NA
2013-07-29,50,9.3,NA
2013-08-01,50,0.1,79.3
2013-08-01,50,0.8,79.3
2013-08-01,50,1.6,79.3
2013-08-01,50,2.8,79.3
2013-08-01,50,3.8,79.3
2013-08-01,50,5,79.3
2013-08-01,50,5.2,NA
2013-08-01,50,5.5,NA
2013-08-01,50,5.8,NA
2013-08-01,50,6,NA
2013-08-01,50,6.2,79.3
2013-08-01,50,8,79.3
2013-08-01,50,9,NA
2013-08-01,50,9.3,NA
2013-08-08,50,0.1,61.7
2013-08-08,50,0.8,61.7
2013-08-08,50,1.6,61.7
2013-08-08,50,2.8,61.7
2013-08-08,50,3.8,61.7
2013-08-08,50,5,61.7
2013-08-08,50,5.2,NA
2013-08-08,50,5.5,NA
2013-08-08,50,5.8,NA
2013-08-08,50,6,NA
2013-08-08,50,6.2,61.7
2013-08-08,50,8,61.7
2013-08-08,50,9,NA
2013-08-08,50,9.3,NA
2013-08-12,50,0.1,36.6
2013-08-12,50,0.8,36.6
2013-08-12,50,1.6,36.6
2013-08-12,50,2.8,36.6
2013-08-12,50,3.8,36.6
2013-08-12,50,5,36.6
2013-08-12,50,5.2,NA
2013-08-12,50,5.5,NA
2013-08-12,50,5.8,NA
2013-08-12,50,6,NA
2013-08-12,50,6.2,36.6
2013-08-12,50,8,36.6
2013-08-12,50,9,NA
2013-08-12,50,9.3,NA
2013-08-18,50,0.1,37.3
2013-08-18,50,0.8,37.3
2013-08-18,50,1.6,37.3
2013-08-18,50,2.8,37.3
2013-08-18,50,3.8,37.3
2013-08-18,50,5,37.3
2013-08-18,50,5.2,NA
2013-08-18,50,5.5,NA
2013-08-18,50,5.8,NA
2013-08-18,50,6,NA
2013-08-18,50,6.2,37.3
2013-08-18,50,8,37.3
2013-08-18,50,9,NA
2013-08-18,50,9.3,NA
2013-08-23,50,0.1,38
2013-08-23,50,0.8,38
2013-08-23,50,1.6,38
2013-08-23,50,2.8,38
2013-08-23,50,3.8,38
2013-08-23,50,5,38
2013-08-23,50,5.2,NA
2013-08-23,50,5.5,NA
2013-08-23,50,5.8,NA
2013-08-23,50,6,NA
2013-08-23,50,6.2,38
2013-08-23,50,8,38
2013-08-23,50,9,NA
2013-08-23,50,9.3,NA
2013-08-28,50,0.1,38.7
2013-08-28,50,0.8,38.7
2013-08-28,50,1.6,38.7
2013-08-28,50,2.8,38.7
2013-08-28,50,3.8,38.7
2013-08-28,50,5,38.7
2013-08-28,50,5.2,NA
2013-08-28,50,5.5,NA
2013-08-28,50,5.8,NA
2013-08-28,50,6,NA
2013-08-28,50,6.2,38.7
2013-08-28,50,8,38.7
2013-08-28,50,9,NA
2013-08-28,50,9.3,NA
2013-09-06,50,0.1,39.4
2013-09-06,50,0.8,39.4
2013-09-06,50,1.6,39.4
2013-09-06,50,2.8,39.4
2013-09-06,50,3.8,39.4
2013-09-06,50,5,39.4
2013-09-06,50,5.2,NA
2013-09-06,50,5.5,NA
2013-09-06,50,5.8,NA
2013-09-06,50,6,NA
2013-09-06,50,6.2,39.4
2013-09-06,50,8,39.4
2013-09-06,50,9,NA
2013-09-06,50,9.3,NA
2013-09-13,50,0.1,40.1
2013-09-13,50,0.8,40.1
2013-09-13,50,1.6,40.1
2013-09-13,50,2.8,40.1
2013-09-13,50,3.8,40.1
2013-09-13,50,5,40.1
2013-09-13,50,5.2,NA
2013-09-13,50,5.5,NA
2013-09-13,50,5.8,NA
2013-09-13,50,6,NA
2013-09-13,50,6.2,40.1
2013-09-13,50,8,40.1
2013-09-13,50,9,NA
2013-09-13,50,9.3,NA
2013-09-18,50,0.1,40.8
2013-09-18,50,0.8,40.8
2013-09-18,50,1.6,40.8
2013-09-18,50,2.8,40.8
2013-09-18,50,3.8,40.8
2013-09-18,50,5,40.8
2013-09-18,50,5.2,NA
2013-09-18,50,5.5,NA
2013-09-18,50,5.8,NA
2013-09-18,50,6,NA
2013-09-18,50,6.2,40.8
2013-09-18,50,8,40.8
2013-09-18,50,9,NA
2013-09-18,50,9.3,NA
2013-09-25,50,0.1,46.7
2013-09-25,50,0.8,46.7
2013-09-25,50,1.6,46.7
2013-09-25,50,2.8,46.7
2013-09-25,50,3.8,46.7
2013-09-25,50,5,46.7
2013-09-25,50,5.2,NA
2013-09-25,50,5.5,NA
2013-09-25,50,5.8,NA
2013-09-25,50,6,NA
2013-09-25,50,6.2,46.7
2013-09-25,50,8,46.7
2013-09-25,50,9,NA
2013-09-25,50,9.3,NA
2013-10-04,50,0.1,NA
2013-10-04,50,0.8,NA
2013-10-04,50,1.6,NA
2013-10-04,50,2.8,NA
2013-10-04,50,3.8,NA
2013-10-04,50,5,NA
2013-10-04,50,5.2,NA
2013-10-04,50,5.5,NA
2013-10-04,50,5.8,NA
2013-10-04,50,6,NA
2013-10-04,50,6.2,NA
2013-10-04,50,8,NA
2013-10-04,50,9,NA
2013-10-04,50,9.3,NA
2013-10-11,50,0.1,NA
2013-10-11,50,0.8,NA
2013-10-11,50,1.6,NA
2013-10-11,50,2.8,NA
2013-10-11,50,3.8,NA
2013-10-11,50,5,NA
2013-10-11,50,5.2,NA
2013-10-11,50,5.5,NA
2013-10-11,50,5.8,NA
2013-10-11,50,6,NA
2013-10-11,50,6.2,NA
2013-10-11,50,8,NA
2013-10-11,50,9,NA
2013-10-11,50,9.3,NA
2013-10-16,50,0.1,NA
2013-10-16,50,0.8,NA
2013-10-16,50,1.6,NA
2013-10-16,50,2.8,NA
2013-10-16,50,3.8,NA
2013-10-16,50,5,NA
2013-10-16,50,5.2,NA
2013-10-16,50,5.5,NA
2013-10-16,50,5.8,NA
2013-10-16,50,6,NA
2013-10-16,50,6.2,NA
2013-10-16,50,8,NA
2013-10-16,50,9,NA
2013-10-16,50,9.3,NA
2013-10-23,50,0.1,NA
2013-10-23,50,0.8,NA
2013-10-23,50,1.6,NA
2013-10-23,50,2.8,NA
2013-10-23,50,3.8,NA
2013-10-23,50,5,NA
2013-10-23,50,5.2,NA
2013-10-23,50,5.5,NA
2013-10-23,50,5.8,NA
2013-10-23,50,6,NA
2013-10-23,50,6.2,NA
2013-10-23,50,8,NA
2013-10-23,50,9,NA
2013-10-23,50,9.3,NA
2013-10-30,50,0.1,NA
2013-10-30,50,0.8,NA
2013-10-30,50,1.6,NA
2013-10-30,50,2.8,NA
2013-10-30,50,3.8,NA
2013-10-30,50,5,NA
2013-10-30,50,5.2,NA
2013-10-30,50,5.5,NA
2013-10-30,50,5.8,NA
2013-10-30,50,6,NA
2013-10-30,50,6.2,NA
2013-10-30,50,8,NA
2013-10-30,50,9,NA
2013-10-30,50,9.3,NA
2013-11-06,50,0.1,NA
2013-11-06,50,0.8,NA
2013-11-06,50,1.6,NA
2013-11-06,50,2.8,NA
2013-11-06,50,3.8,NA
2013-11-06,50,5,NA
2013-11-06,50,5.2,NA
2013-11-06,50,5.5,NA
2013-11-06,50,5.8,NA
2013-11-06,50,6,NA
2013-11-06,50,6.2,NA
2013-11-06,50,8,NA
2013-11-06,50,9,NA
2013-11-06,50,9.3,NA
2013-11-20,50,0.1,NA
2013-11-20,50,0.8,NA
2013-11-20,50,1.6,NA
2013-11-20,50,2.8,NA
2013-11-20,50,3.8,NA
2013-11-20,50,5,NA
2013-11-20,50,5.2,NA
2013-11-20,50,5.5,NA
2013-11-20,50,5.8,NA
2013-11-20,50,6,NA
2013-11-20,50,6.2,NA
2013-11-20,50,8,NA
2013-11-20,50,9,NA
2013-11-20,50,9.3,NA
2013-12-04,50,0.1,NA
2013-12-04,50,0.8,NA
2013-12-04,50,1.6,NA
2013-12-04,50,2.8,NA
2013-12-04,50,3.8,NA
2013-12-04,50,5,NA
2013-12-04,50,5.2,NA
2013-12-04,50,5.5,NA
2013-12-04,50,5.8,NA
2013-12-04,50,6,NA
2013-12-04,50,6.2,NA
2013-12-04,50,8,NA
2013-12-04,50,9,NA
2013-12-04,50,9.3,NA
2014-05-05,50,0.1,NA
2014-05-05,50,0.8,NA
2014-05-05,50,1.6,NA
2014-05-05,50,2.8,NA
2014-05-05,50,3.8,NA
2014-05-05,50,5,NA
2014-05-05,50,5.2,NA
2014-05-05,50,5.5,NA
2014-05-05,50,5.8,NA
2014-05-05,50,6,NA
2014-05-05,50,6.2,NA
2014-05-05,50,8,NA
2014-05-05,50,9,NA
2014-05-05,50,9.3,NA
2014-05-06,50,0.1,NA
2014-05-06,50,0.8,NA
2014-05-06,50,1.6,NA
2014-05-06,50,2.8,NA
2014-05-06,50,3.8,NA
2014-05-06,50,5,NA
2014-05-06,50,5.2,NA
2014-05-06,50,5.5,NA
2014-05-06,50,5.8,NA
2014-05-06,50,6,NA
2014-05-06,50,6.2,NA
2014-05-06,50,8,NA
2014-05-06,50,9,NA
2014-05-06,50,9.3,NA
2014-05-07,50,0.1,NA
2014-05-07,50,0.8,NA
2014-05-07,50,1.6,NA
2014-05-07,50,2.8,NA
2014-05-07,50,3.8,NA
2014-05-07,50,5,NA
2014-05-07,50,5.2,NA
2014-05-07,50,5.5,NA
2014-05-07,50,5.8,NA
2014-05-07,50,6,NA
2014-05-07,50,6.2,NA
2014-05-07,50,8,NA
2014-05-07,50,9,NA
2014-05-07,50,9.3,NA
2014-05-08,50,0.1,NA
2014-05-08,50,0.8,NA
2014-05-08,50,1.6,NA
2014-05-08,50,2.8,NA
2014-05-08,50,3.8,NA
2014-05-08,50,5,NA
2014-05-08,50,5.2,NA
2014-05-08,50,5.5,NA
2014-05-08,50,5.8,NA
2014-05-08,50,6,NA
2014-05-08,50,6.2,NA
2014-05-08,50,8,NA
2014-05-08,50,9,NA
2014-05-08,50,9.3,NA
2014-05-09,50,0.1,NA
2014-05-09,50,0.8,NA
2014-05-09,50,1.6,NA
2014-05-09,50,2.8,NA
2014-05-09,50,3.8,NA
2014-05-09,50,5,NA
2014-05-09,50,5.2,NA
2014-05-09,50,5.5,NA
2014-05-09,50,5.8,NA
2014-05-09,50,6,NA
2014-05-09,50,6.2,NA
2014-05-09,50,8,NA
2014-05-09,50,9,NA
2014-05-09,50,9.3,NA
2014-05-10,50,0.1,NA
2014-05-10,50,0.8,NA
2014-05-10,50,1.6,NA
2014-05-10,50,2.8,NA
2014-05-10,50,3.8,NA
2014-05-10,50,5,NA
2014-05-10,50,5.2,NA
2014-05-10,50,5.5,NA
2014-05-10,50,5.8,NA
2014-05-10,50,6,NA
2014-05-10,50,6.2,NA
2014-05-10,50,8,NA
2014-05-10,50,9,NA
2014-05-10,50,9.3,NA
2014-05-12,50,0.1,NA
2014-05-12,50,0.8,NA
2014-05-12,50,1.6,NA
2014-05-12,50,2.8,NA
2014-05-12,50,3.8,NA
2014-05-12,50,5,NA
2014-05-12,50,5.2,NA
2014-05-12,50,5.5,NA
2014-05-12,50,5.8,NA
2014-05-12,50,6,NA
2014-05-12,50,6.2,NA
2014-05-12,50,8,NA
2014-05-12,50,9,NA
2014-05-12,50,9.3,NA
2014-05-14,50,0.1,NA
2014-05-14,50,0.8,NA
2014-05-14,50,1.6,NA
2014-05-14,50,2.8,NA
2014-05-14,50,3.8,NA
2014-05-14,50,5,NA
2014-05-14,50,5.2,NA
2014-05-14,50,5.5,NA
2014-05-14,50,5.8,NA
2014-05-14,50,6,NA
2014-05-14,50,6.2,NA
2014-05-14,50,8,NA
2014-05-14,50,9,NA
2014-05-14,50,9.3,NA
2014-05-15,50,0.1,NA
2014-05-15,50,0.8,NA
2014-05-15,50,1.6,NA
2014-05-15,50,2.8,NA
2014-05-15,50,3.8,NA
2014-05-15,50,5,NA
2014-05-15,50,5.2,NA
2014-05-15,50,5.5,NA
2014-05-15,50,5.8,NA
2014-05-15,50,6,NA
2014-05-15,50,6.2,NA
2014-05-15,50,8,NA
2014-05-15,50,9,NA
2014-05-15,50,9.3,NA
2014-05-19,50,0.1,NA
2014-05-19,50,0.8,NA
2014-05-19,50,1.6,NA
2014-05-19,50,2.8,NA
2014-05-19,50,3.8,NA
2014-05-19,50,5,NA
2014-05-19,50,5.2,NA
2014-05-19,50,5.5,NA
2014-05-19,50,5.8,NA
2014-05-19,50,6,NA
2014-05-19,50,6.2,NA
2014-05-19,50,8,NA
2014-05-19,50,9,NA
2014-05-19,50,9.3,NA
2014-05-22,50,0.1,NA
2014-05-22,50,0.8,NA
2014-05-22,50,1.6,NA
2014-05-22,50,2.8,NA
2014-05-22,50,3.8,NA
2014-05-22,50,5,NA
2014-05-22,50,5.2,NA
2014-05-22,50,5.5,NA
2014-05-22,50,5.8,NA
2014-05-22,50,6,NA
2014-05-22,50,6.2,NA
2014-05-22,50,8,NA
2014-05-22,50,9,NA
2014-05-22,50,9.3,NA
2014-05-26,50,0.1,NA
2014-05-26,50,0.8,NA
2014-05-26,50,1.6,NA
2014-05-26,50,2.8,NA
2014-05-26,50,3.8,NA
2014-05-26,50,5,NA
2014-05-26,50,5.2,NA
2014-05-26,50,5.5,NA
2014-05-26,50,5.8,NA
2014-05-26,50,6,NA
2014-05-26,50,6.2,NA
2014-05-26,50,8,NA
2014-05-26,50,9,NA
2014-05-26,50,9.3,NA
2014-05-28,50,0.1,NA
2014-05-28,50,0.8,NA
2014-05-28,50,1.6,NA
2014-05-28,50,2.8,NA
2014-05-28,50,3.8,NA
2014-05-28,50,5,NA
2014-05-28,50,5.2,NA
2014-05-28,50,5.5,NA
2014-05-28,50,5.8,NA
2014-05-28,50,6,NA
2014-05-28,50,6.2,NA
2014-05-28,50,8,NA
2014-05-28,50,9,NA
2014-05-28,50,9.3,NA
2014-06-02,50,0.1,NA
2014-06-02,50,0.8,NA
2014-06-02,50,1.6,NA
2014-06-02,50,2.8,NA
2014-06-02,50,3.8,NA
2014-06-02,50,5,NA
2014-06-02,50,5.2,NA
2014-06-02,50,5.5,NA
2014-06-02,50,5.8,NA
2014-06-02,50,6,NA
2014-06-02,50,6.2,NA
2014-06-02,50,8,NA
2014-06-02,50,9,NA
2014-06-02,50,9.3,NA
2014-06-03,50,0.1,NA
2014-06-03,50,0.8,NA
2014-06-03,50,1.6,NA
2014-06-03,50,2.8,NA
2014-06-03,50,3.8,NA
2014-06-03,50,5,NA
2014-06-03,50,5.2,NA
2014-06-03,50,5.5,NA
2014-06-03,50,5.8,NA
2014-06-03,50,6,NA
2014-06-03,50,6.2,NA
2014-06-03,50,8,NA
2014-06-03,50,9,NA
2014-06-03,50,9.3,NA
2014-06-04,50,0.1,NA
2014-06-04,50,0.8,NA
2014-06-04,50,1.6,NA
2014-06-04,50,2.8,NA
2014-06-04,50,3.8,NA
2014-06-04,50,5,NA
2014-06-04,50,5.2,NA
2014-06-04,50,5.5,NA
2014-06-04,50,5.8,NA
2014-06-04,50,6,NA
2014-06-04,50,6.2,NA
2014-06-04,50,8,NA
2014-06-04,50,9,NA
2014-06-04,50,9.3,NA
2014-06-05,50,0.1,NA
2014-06-05,50,0.8,NA
2014-06-05,50,1.6,NA
2014-06-05,50,2.8,NA
2014-06-05,50,3.8,NA
2014-06-05,50,5,NA
2014-06-05,50,5.2,NA
2014-06-05,50,5.5,NA
2014-06-05,50,5.8,NA
2014-06-05,50,6,NA
2014-06-05,50,6.2,NA
2014-06-05,50,8,NA
2014-06-05,50,9,NA
2014-06-05,50,9.3,NA
2014-06-06,50,0.1,NA
2014-06-06,50,0.8,NA
2014-06-06,50,1.6,NA
2014-06-06,50,2.8,NA
2014-06-06,50,3.8,NA
2014-06-06,50,5,NA
2014-06-06,50,5.2,NA
2014-06-06,50,5.5,NA
2014-06-06,50,5.8,NA
2014-06-06,50,6,NA
2014-06-06,50,6.2,NA
2014-06-06,50,8,NA
2014-06-06,50,9,NA
2014-06-06,50,9.3,NA
2014-06-09,50,0.1,NA
2014-06-09,50,0.8,NA
2014-06-09,50,1.6,NA
2014-06-09,50,2.8,NA
2014-06-09,50,3.8,NA
2014-06-09,50,5,NA
2014-06-09,50,5.2,NA
2014-06-09,50,5.5,NA
2014-06-09,50,5.8,NA
2014-06-09,50,6,NA
2014-06-09,50,6.2,NA
2014-06-09,50,8,NA
2014-06-09,50,9,NA
2014-06-09,50,9.3,NA
2014-06-12,50,0.1,NA
2014-06-12,50,0.8,NA
2014-06-12,50,1.6,NA
2014-06-12,50,2.8,NA
2014-06-12,50,3.8,NA
2014-06-12,50,5,NA
2014-06-12,50,5.2,NA
2014-06-12,50,5.5,NA
2014-06-12,50,5.8,NA
2014-06-12,50,6,NA
2014-06-12,50,6.2,NA
2014-06-12,50,8,NA
2014-06-12,50,9,NA
2014-06-12,50,9.3,NA
2014-06-16,50,0.1,NA
2014-06-16,50,0.8,NA
2014-06-16,50,1.6,NA
2014-06-16,50,2.8,NA
2014-06-16,50,3.8,NA
2014-06-16,50,5,NA
2014-06-16,50,5.2,NA
2014-06-16,50,5.5,NA
2014-06-16,50,5.8,NA
2014-06-16,50,6,NA
2014-06-16,50,6.2,NA
2014-06-16,50,8,NA
2014-06-16,50,9,NA
2014-06-16,50,9.3,NA
2014-06-19,50,0.1,NA
2014-06-19,50,0.8,NA
2014-06-19,50,1.6,NA
2014-06-19,50,2.8,NA
2014-06-19,50,3.8,NA
2014-06-19,50,5,NA
2014-06-19,50,5.2,NA
2014-06-19,50,5.5,NA
2014-06-19,50,5.8,NA
2014-06-19,50,6,NA
2014-06-19,50,6.2,NA
2014-06-19,50,8,NA
2014-06-19,50,9,NA
2014-06-19,50,9.3,NA
2014-06-23,50,0.1,NA
2014-06-23,50,0.8,NA
2014-06-23,50,1.6,NA
2014-06-23,50,2.8,NA
2014-06-23,50,3.8,NA
2014-06-23,50,5,NA
2014-06-23,50,5.2,NA
2014-06-23,50,5.5,NA
2014-06-23,50,5.8,NA
2014-06-23,50,6,NA
2014-06-23,50,6.2,NA
2014-06-23,50,8,NA
2014-06-23,50,9,NA
2014-06-23,50,9.3,NA
2014-06-25,50,0.1,NA
2014-06-25,50,0.8,NA
2014-06-25,50,1.6,NA
2014-06-25,50,2.8,NA
2014-06-25,50,3.8,NA
2014-06-25,50,5,NA
2014-06-25,50,5.2,NA
2014-06-25,50,5.5,NA
2014-06-25,50,5.8,NA
2014-06-25,50,6,NA
2014-06-25,50,6.2,NA
2014-06-25,50,8,NA
2014-06-25,50,9,NA
2014-06-25,50,9.3,NA
2014-06-29,50,0.1,NA
2014-06-29,50,0.8,NA
2014-06-29,50,1.6,NA
2014-06-29,50,2.8,NA
2014-06-29,50,3.8,NA
2014-06-29,50,5,NA
2014-06-29,50,5.2,NA
2014-06-29,50,5.5,NA
2014-06-29,50,5.8,NA
2014-06-29,50,6,NA
2014-06-29,50,6.2,NA
2014-06-29,50,8,NA
2014-06-29,50,9,NA
2014-06-29,50,9.3,NA
2014-06-30,50,0.1,NA
2014-06-30,50,0.8,NA
2014-06-30,50,1.6,NA
2014-06-30,50,2.8,NA
2014-06-30,50,3.8,NA
2014-06-30,50,5,NA
2014-06-30,50,5.2,NA
2014-06-30,50,5.5,NA
2014-06-30,50,5.8,NA
2014-06-30,50,6,NA
2014-06-30,50,6.2,NA
2014-06-30,50,8,NA
2014-06-30,50,9,NA
2014-06-30,50,9.3,NA
2014-07-01,50,0.1,NA
2014-07-01,50,0.8,NA
2014-07-01,50,1.6,NA
2014-07-01,50,2.8,NA
2014-07-01,50,3.8,NA
2014-07-01,50,5,NA
2014-07-01,50,5.2,NA
2014-07-01,50,5.5,NA
2014-07-01,50,5.8,NA
2014-07-01,50,6,NA
2014-07-01,50,6.2,NA
2014-07-01,50,8,NA
2014-07-01,50,9,NA
2014-07-01,50,9.3,NA
2014-07-02,50,0.1,NA
2014-07-02,50,0.8,NA
2014-07-02,50,1.6,NA
2014-07-02,50,2.8,NA
2014-07-02,50,3.8,NA
2014-07-02,50,5,NA
2014-07-02,50,5.2,NA
2014-07-02,50,5.5,NA
2014-07-02,50,5.8,NA
2014-07-02,50,6,NA
2014-07-02,50,6.2,NA
2014-07-02,50,8,NA
2014-07-02,50,9,NA
2014-07-02,50,9.3,NA
2014-07-07,50,0.1,NA
2014-07-07,50,0.8,NA
2014-07-07,50,1.6,NA
2014-07-07,50,2.8,NA
2014-07-07,50,3.8,NA
2014-07-07,50,5,NA
2014-07-07,50,5.2,NA
2014-07-07,50,5.5,NA
2014-07-07,50,5.8,NA
2014-07-07,50,6,NA
2014-07-07,50,6.2,NA
2014-07-07,50,8,NA
2014-07-07,50,9,NA
2014-07-07,50,9.3,NA
2014-07-09,50,0.1,NA
2014-07-09,50,0.8,NA
2014-07-09,50,1.6,NA
2014-07-09,50,2.8,NA
2014-07-09,50,3.8,NA
2014-07-09,50,5,NA
2014-07-09,50,5.2,NA
2014-07-09,50,5.5,NA
2014-07-09,50,5.8,NA
2014-07-09,50,6,NA
2014-07-09,50,6.2,NA
2014-07-09,50,8,NA
2014-07-09,50,9,NA
2014-07-09,50,9.3,NA
2014-07-14,50,0.1,NA
2014-07-14,50,0.8,NA
2014-07-14,50,1.6,NA
2014-07-14,50,2.8,NA
2014-07-14,50,3.8,NA
2014-07-14,50,5,NA
2014-07-14,50,5.2,NA
2014-07-14,50,5.5,NA
2014-07-14,50,5.8,NA
2014-07-14,50,6,NA
2014-07-14,50,6.2,NA
2014-07-14,50,8,NA
2014-07-14,50,9,NA
2014-07-14,50,9.3,NA
2014-07-16,50,0.1,NA
2014-07-16,50,0.8,NA
2014-07-16,50,1.6,NA
2014-07-16,50,2.8,NA
2014-07-16,50,3.8,NA
2014-07-16,50,5,NA
2014-07-16,50,5.2,NA
2014-07-16,50,5.5,NA
2014-07-16,50,5.8,NA
2014-07-16,50,6,NA
2014-07-16,50,6.2,NA
2014-07-16,50,8,NA
2014-07-16,50,9,NA
2014-07-16,50,9.3,NA
2014-07-21,50,0.1,NA
2014-07-21,50,0.8,NA
2014-07-21,50,1.6,NA
2014-07-21,50,2.8,NA
2014-07-21,50,3.8,NA
2014-07-21,50,5,NA
2014-07-21,50,5.2,NA
2014-07-21,50,5.5,NA
2014-07-21,50,5.8,NA
2014-07-21,50,6,NA
2014-07-21,50,6.2,NA
2014-07-21,50,8,NA
2014-07-21,50,9,NA
2014-07-21,50,9.3,NA
2014-07-23,50,0.1,NA
2014-07-23,50,0.8,NA
2014-07-23,50,1.6,NA
2014-07-23,50,2.8,NA
2014-07-23,50,3.8,NA
2014-07-23,50,5,NA
2014-07-23,50,5.2,NA
2014-07-23,50,5.5,NA
2014-07-23,50,5.8,NA
2014-07-23,50,6,NA
2014-07-23,50,6.2,NA
2014-07-23,50,8,NA
2014-07-23,50,9,NA
2014-07-23,50,9.3,NA
2014-07-28,50,0.1,NA
2014-07-28,50,0.8,NA
2014-07-28,50,1.6,NA
2014-07-28,50,2.8,NA
2014-07-28,50,3.8,NA
2014-07-28,50,5,NA
2014-07-28,50,5.2,NA
2014-07-28,50,5.5,NA
2014-07-28,50,5.8,NA
2014-07-28,50,6,NA
2014-07-28,50,6.2,NA
2014-07-28,50,8,NA
2014-07-28,50,9,NA
2014-07-28,50,9.3,NA
2014-07-30,50,0.1,NA
2014-07-30,50,0.8,NA
2014-07-30,50,1.6,NA
2014-07-30,50,2.8,NA
2014-07-30,50,3.8,NA
2014-07-30,50,5,NA
2014-07-30,50,5.2,NA
2014-07-30,50,5.5,NA
2014-07-30,50,5.8,NA
2014-07-30,50,6,NA
2014-07-30,50,6.2,NA
2014-07-30,50,8,NA
2014-07-30,50,9,NA
2014-07-30,50,9.3,NA
2014-08-02,50,0.1,NA
2014-08-02,50,0.8,NA
2014-08-02,50,1.6,NA
2014-08-02,50,2.8,NA
2014-08-02,50,3.8,NA
2014-08-02,50,5,NA
2014-08-02,50,5.2,NA
2014-08-02,50,5.5,NA
2014-08-02,50,5.8,NA
2014-08-02,50,6,NA
2014-08-02,50,6.2,NA
2014-08-02,50,8,NA
2014-08-02,50,9,NA
2014-08-02,50,9.3,NA
2014-08-04,50,0.1,NA
2014-08-04,50,0.8,NA
2014-08-04,50,1.6,NA
2014-08-04,50,2.8,NA
2014-08-04,50,3.8,NA
2014-08-04,50,5,NA
2014-08-04,50,5.2,NA
2014-08-04,50,5.5,NA
2014-08-04,50,5.8,NA
2014-08-04,50,6,NA
2014-08-04,50,6.2,NA
2014-08-04,50,8,NA
2014-08-04,50,9,NA
2014-08-04,50,9.3,NA
2014-08-06,50,0.1,NA
2014-08-06,50,0.8,NA
2014-08-06,50,1.6,NA
2014-08-06,50,2.8,NA
2014-08-06,50,3.8,NA
2014-08-06,50,5,NA
2014-08-06,50,5.2,NA
2014-08-06,50,5.5,NA
2014-08-06,50,5.8,NA
2014-08-06,50,6,NA
2014-08-06,50,6.2,NA
2014-08-06,50,8,NA
2014-08-06,50,9,NA
2014-08-06,50,9.3,NA
2014-08-09,50,0.1,NA
2014-08-09,50,0.8,NA
2014-08-09,50,1.6,NA
2014-08-09,50,2.8,NA
2014-08-09,50,3.8,NA
2014-08-09,50,5,NA
2014-08-09,50,5.2,NA
2014-08-09,50,5.5,NA
2014-08-09,50,5.8,NA
2014-08-09,50,6,NA
2014-08-09,50,6.2,NA
2014-08-09,50,8,NA
2014-08-09,50,9,NA
2014-08-09,50,9.3,NA
2014-08-10,50,0.1,NA
2014-08-10,50,0.8,NA
2014-08-10,50,1.6,NA
2014-08-10,50,2.8,NA
2014-08-10,50,3.8,NA
2014-08-10,50,5,NA
2014-08-10,50,5.2,NA
2014-08-10,50,5.5,NA
2014-08-10,50,5.8,NA
2014-08-10,50,6,NA
2014-08-10,50,6.2,NA
2014-08-10,50,8,NA
2014-08-10,50,9,NA
2014-08-10,50,9.3,NA
2014-08-11,50,0.1,NA
2014-08-11,50,0.8,NA
2014-08-11,50,1.6,NA
2014-08-11,50,2.8,NA
2014-08-11,50,3.8,NA
2014-08-11,50,5,NA
2014-08-11,50,5.2,NA
2014-08-11,50,5.5,NA
2014-08-11,50,5.8,NA
2014-08-11,50,6,NA
2014-08-11,50,6.2,NA
2014-08-11,50,8,NA
2014-08-11,50,9,NA
2014-08-11,50,9.3,NA
2014-08-13,50,0.1,NA
2014-08-13,50,0.8,NA
2014-08-13,50,1.6,NA
2014-08-13,50,2.8,NA
2014-08-13,50,3.8,NA
2014-08-13,50,5,NA
2014-08-13,50,5.2,NA
2014-08-13,50,5.5,NA
2014-08-13,50,5.8,NA
2014-08-13,50,6,NA
2014-08-13,50,6.2,NA
2014-08-13,50,8,NA
2014-08-13,50,9,NA
2014-08-13,50,9.3,NA
2014-08-18,50,0.1,NA
2014-08-18,50,0.8,NA
2014-08-18,50,1.6,NA
2014-08-18,50,2.8,NA
2014-08-18,50,3.8,NA
2014-08-18,50,5,NA
2014-08-18,50,5.2,NA
2014-08-18,50,5.5,NA
2014-08-18,50,5.8,NA
2014-08-18,50,6,NA
2014-08-18,50,6.2,NA
2014-08-18,50,8,NA
2014-08-18,50,9,NA
2014-08-18,50,9.3,NA
2014-08-19,50,0.1,NA
2014-08-19,50,0.8,NA
2014-08-19,50,1.6,NA
2014-08-19,50,2.8,NA
2014-08-19,50,3.8,NA
2014-08-19,50,5,NA
2014-08-19,50,5.2,NA
2014-08-19,50,5.5,NA
2014-08-19,50,5.8,NA
2014-08-19,50,6,NA
2014-08-19,50,6.2,NA
2014-08-19,50,8,NA
2014-08-19,50,9,NA
2014-08-19,50,9.3,NA
2014-08-21,50,0.1,NA
2014-08-21,50,0.8,NA
2014-08-21,50,1.6,NA
2014-08-21,50,2.8,NA
2014-08-21,50,3.8,NA
2014-08-21,50,5,NA
2014-08-21,50,5.2,NA
2014-08-21,50,5.5,NA
2014-08-21,50,5.8,NA
2014-08-21,50,6,NA
2014-08-21,50,6.2,NA
2014-08-21,50,8,NA
2014-08-21,50,9,NA
2014-08-21,50,9.3,NA
2014-08-25,50,0.1,NA
2014-08-25,50,0.8,NA
2014-08-25,50,1.6,NA
2014-08-25,50,2.8,NA
2014-08-25,50,3.8,NA
2014-08-25,50,5,NA
2014-08-25,50,5.2,NA
2014-08-25,50,5.5,NA
2014-08-25,50,5.8,NA
2014-08-25,50,6,NA
2014-08-25,50,6.2,NA
2014-08-25,50,8,NA
2014-08-25,50,9,NA
2014-08-25,50,9.3,NA
2014-08-30,50,0.1,NA
2014-08-30,50,0.8,NA
2014-08-30,50,1.6,NA
2014-08-30,50,2.8,NA
2014-08-30,50,3.8,NA
2014-08-30,50,5,NA
2014-08-30,50,5.2,NA
2014-08-30,50,5.5,NA
2014-08-30,50,5.8,NA
2014-08-30,50,6,NA
2014-08-30,50,6.2,NA
2014-08-30,50,8,NA
2014-08-30,50,9,NA
2014-08-30,50,9.3,NA
2014-09-03,50,0.1,NA
2014-09-03,50,0.8,NA
2014-09-03,50,1.6,NA
2014-09-03,50,2.8,NA
2014-09-03,50,3.8,NA
2014-09-03,50,5,NA
2014-09-03,50,5.2,NA
2014-09-03,50,5.5,NA
2014-09-03,50,5.8,NA
2014-09-03,50,6,NA
2014-09-03,50,6.2,NA
2014-09-03,50,8,NA
2014-09-03,50,9,NA
2014-09-03,50,9.3,NA
2014-09-08,50,0.1,NA
2014-09-08,50,0.8,NA
2014-09-08,50,1.6,NA
2014-09-08,50,2.8,NA
2014-09-08,50,3.8,NA
2014-09-08,50,5,NA
2014-09-08,50,5.2,NA
2014-09-08,50,5.5,NA
2014-09-08,50,5.8,NA
2014-09-08,50,6,NA
2014-09-08,50,6.2,NA
2014-09-08,50,8,NA
2014-09-08,50,9,NA
2014-09-08,50,9.3,NA
2014-09-15,50,0.1,NA
2014-09-15,50,0.8,NA
2014-09-15,50,1.6,NA
2014-09-15,50,2.8,NA
2014-09-15,50,3.8,NA
2014-09-15,50,5,NA
2014-09-15,50,5.2,NA
2014-09-15,50,5.5,NA
2014-09-15,50,5.8,NA
2014-09-15,50,6,NA
2014-09-15,50,6.2,NA
2014-09-15,50,8,NA
2014-09-15,50,9,NA
2014-09-15,50,9.3,NA
2014-09-22,50,0.1,NA
2014-09-22,50,0.8,NA
2014-09-22,50,1.6,NA
2014-09-22,50,2.8,NA
2014-09-22,50,3.8,NA
2014-09-22,50,5,NA
2014-09-22,50,5.2,NA
2014-09-22,50,5.5,NA
2014-09-22,50,5.8,NA
2014-09-22,50,6,NA
2014-09-22,50,6.2,NA
2014-09-22,50,8,NA
2014-09-22,50,9,NA
2014-09-22,50,9.3,NA
2014-09-29,50,0.1,NA
2014-09-29,50,0.8,NA
2014-09-29,50,1.6,NA
2014-09-29,50,2.8,NA
2014-09-29,50,3.8,NA
2014-09-29,50,5,NA
2014-09-29,50,5.2,NA
2014-09-29,50,5.5,NA
2014-09-29,50,5.8,NA
2014-09-29,50,6,NA
2014-09-29,50,6.2,NA
2014-09-29,50,8,NA
2014-09-29,50,9,NA
2014-09-29,50,9.3,NA
2014-10-04,50,0.1,NA
2014-10-04,50,0.8,NA
2014-10-04,50,1.6,NA
2014-10-04,50,2.8,NA
2014-10-04,50,3.8,NA
2014-10-04,50,5,NA
2014-10-04,50,5.2,NA
2014-10-04,50,5.5,NA
2014-10-04,50,5.8,NA
2014-10-04,50,6,NA
2014-10-04,50,6.2,NA
2014-10-04,50,8,NA
2014-10-04,50,9,NA
2014-10-04,50,9.3,NA
2014-10-10,50,0.1,NA
2014-10-10,50,0.8,NA
2014-10-10,50,1.6,NA
2014-10-10,50,2.8,NA
2014-10-10,50,3.8,NA
2014-10-10,50,5,NA
2014-10-10,50,5.2,NA
2014-10-10,50,5.5,NA
2014-10-10,50,5.8,NA
2014-10-10,50,6,NA
2014-10-10,50,6.2,NA
2014-10-10,50,8,NA
2014-10-10,50,9,NA
2014-10-10,50,9.3,NA
2014-10-15,50,0.1,NA
2014-10-15,50,0.8,NA
2014-10-15,50,1.6,NA
2014-10-15,50,2.8,NA
2014-10-15,50,3.8,NA
2014-10-15,50,5,NA
2014-10-15,50,5.2,NA
2014-10-15,50,5.5,NA
2014-10-15,50,5.8,NA
2014-10-15,50,6,NA
2014-10-15,50,6.2,NA
2014-10-15,50,8,NA
2014-10-15,50,9,NA
2014-10-15,50,9.3,NA
2014-10-23,50,0.1,NA
2014-10-23,50,0.8,NA
2014-10-23,50,1.6,NA
2014-10-23,50,2.8,NA
2014-10-23,50,3.8,NA
2014-10-23,50,5,NA
2014-10-23,50,5.2,NA
2014-10-23,50,5.5,NA
2014-10-23,50,5.8,NA
2014-10-23,50,6,NA
2014-10-23,50,6.2,NA
2014-10-23,50,8,NA
2014-10-23,50,9,NA
2014-10-23,50,9.3,NA
2014-10-30,50,0.1,NA
2014-10-30,50,0.8,NA
2014-10-30,50,1.6,NA
2014-10-30,50,2.8,NA
2014-10-30,50,3.8,NA
2014-10-30,50,5,NA
2014-10-30,50,5.2,NA
2014-10-30,50,5.5,NA
2014-10-30,50,5.8,NA
2014-10-30,50,6,NA
2014-10-30,50,6.2,NA
2014-10-30,50,8,NA
2014-10-30,50,9,NA
2014-10-30,50,9.3,NA
2014-11-10,50,0.1,NA
2014-11-10,50,0.8,NA
2014-11-10,50,1.6,NA
2014-11-10,50,2.8,NA
2014-11-10,50,3.8,NA
2014-11-10,50,5,NA
2014-11-10,50,5.2,NA
2014-11-10,50,5.5,NA
2014-11-10,50,5.8,NA
2014-11-10,50,6,NA
2014-11-10,50,6.2,NA
2014-11-10,50,8,NA
2014-11-10,50,9,NA
2014-11-10,50,9.3,NA
2014-12-10,50,0.1,NA
2014-12-10,50,0.8,NA
2014-12-10,50,1.6,NA
2014-12-10,50,2.8,NA
2014-12-10,50,3.8,NA
2014-12-10,50,5,NA
2014-12-10,50,5.2,NA
2014-12-10,50,5.5,NA
2014-12-10,50,5.8,NA
2014-12-10,50,6,NA
2014-12-10,50,6.2,NA
2014-12-10,50,8,NA
2014-12-10,50,9,NA
2014-12-10,50,9.3,NA
2015-03-01,50,0.1,NA
2015-03-01,50,0.8,NA
2015-03-01,50,1.6,NA
2015-03-01,50,2.8,NA
2015-03-01,50,3.8,NA
2015-03-01,50,5,NA
2015-03-01,50,5.2,NA
2015-03-01,50,5.5,NA
2015-03-01,50,5.8,NA
2015-03-01,50,6,NA
2015-03-01,50,6.2,NA
2015-03-01,50,8,NA
2015-03-01,50,9,NA
2015-03-01,50,9.3,NA
2015-03-16,50,0.1,9.1
2015-03-16,50,0.8,NA
2015-03-16,50,1.6,NA
2015-03-16,50,2.8,NA
2015-03-16,50,3.8,9.1
2015-03-16,50,5,9.1
2015-03-16,50,5.2,NA
2015-03-16,50,5.5,NA
2015-03-16,50,5.8,NA
2015-03-16,50,6,NA
2015-03-16,50,6.2,9.1
2015-03-16,50,8,9.1
2015-03-16,50,9,9.1
2015-03-16,50,9.3,NA
2015-03-31,50,0.1,17.2
2015-03-31,50,0.8,NA
2015-03-31,50,1.6,17.2
2015-03-31,50,2.8,NA
2015-03-31,50,3.8,17.2
2015-03-31,50,5,17.2
2015-03-31,50,5.2,NA
2015-03-31,50,5.5,NA
2015-03-31,50,5.8,NA
2015-03-31,50,6,NA
2015-03-31,50,6.2,17.2
2015-03-31,50,8,17.2
2015-03-31,50,9,17.2
2015-03-31,50,9.3,NA
2015-04-07,50,0.1,22
2015-04-07,50,0.8,NA
2015-04-07,50,1.6,22
2015-04-07,50,2.8,NA
2015-04-07,50,3.8,22
2015-04-07,50,5,22
2015-04-07,50,5.2,NA
2015-04-07,50,5.5,NA
2015-04-07,50,5.8,NA
2015-04-07,50,6,NA
2015-04-07,50,6.2,22
2015-04-07,50,8,22
2015-04-07,50,9,22
2015-04-07,50,9.3,NA
2015-04-13,50,0.1,21.4
2015-04-13,50,0.8,21.4
2015-04-13,50,1.6,21.4
2015-04-13,50,2.8,21.4
2015-04-13,50,3.8,21.4
2015-04-13,50,5,21.4
2015-04-13,50,5.2,NA
2015-04-13,50,5.5,NA
2015-04-13,50,5.8,NA
2015-04-13,50,6,NA
2015-04-13,50,6.2,21.4
2015-04-13,50,8,21.4
2015-04-13,50,9,21.4
2015-04-13,50,9.3,NA
2015-04-16,50,0.1,21.3
2015-04-16,50,0.8,20.42
2015-04-16,50,1.6,21.3
2015-04-16,50,2.8,21.3
2015-04-16,50,3.8,21.3
2015-04-16,50,5,21.3
2015-04-16,50,5.2,NA
2015-04-16,50,5.5,NA
2015-04-16,50,5.8,NA
2015-04-16,50,6,NA
2015-04-16,50,6.2,21.3
2015-04-16,50,8,21.3
2015-04-16,50,9,21.3
2015-04-16,50,9.3,NA
2015-04-19,50,0.1,21.2
2015-04-19,50,0.8,19.44
2015-04-19,50,1.6,21.2
2015-04-19,50,2.8,21.2
2015-04-19,50,3.8,21.2
2015-04-19,50,5,21.2
2015-04-19,50,5.2,NA
2015-04-19,50,5.5,NA
2015-04-19,50,5.8,NA
2015-04-19,50,6,NA
2015-04-19,50,6.2,21.2
2015-04-19,50,8,21.2
2015-04-19,50,9,21.2
2015-04-19,50,9.3,NA
2015-04-21,50,0.1,21.1
2015-04-21,50,0.8,18.46
2015-04-21,50,1.6,21.1
2015-04-21,50,2.8,21.1
2015-04-21,50,3.8,21.1
2015-04-21,50,5,21.1
2015-04-21,50,5.2,NA
2015-04-21,50,5.5,NA
2015-04-21,50,5.8,NA
2015-04-21,50,6,NA
2015-04-21,50,6.2,21.1
2015-04-21,50,8,21.1
2015-04-21,50,9,21.1
2015-04-21,50,9.3,NA
2015-04-25,50,0.1,18.8
2015-04-25,50,0.8,17.48
2015-04-25,50,1.6,18.8
2015-04-25,50,2.8,18.8
2015-04-25,50,3.8,18.8
2015-04-25,50,5,18.8
2015-04-25,50,5.2,NA
2015-04-25,50,5.5,NA
2015-04-25,50,5.8,NA
2015-04-25,50,6,NA
2015-04-25,50,6.2,18.8
2015-04-25,50,8,18.8
2015-04-25,50,9,18.8
2015-04-25,50,9.3,NA
2015-04-28,50,0.1,16.5
2015-04-28,50,0.8,16.5
2015-04-28,50,1.6,16.5
2015-04-28,50,2.8,16.5
2015-04-28,50,3.8,16.5
2015-04-28,50,5,16.5
2015-04-28,50,5.2,NA
2015-04-28,50,5.5,NA
2015-04-28,50,5.8,NA
2015-04-28,50,6,NA
2015-04-28,50,6.2,16.5
2015-04-28,50,8,16.5
2015-04-28,50,9,16.5
2015-04-28,50,9.3,NA
2015-05-01,50,0.1,19.55
2015-05-01,50,0.8,19.55
2015-05-01,50,1.6,19.55
2015-05-01,50,2.8,19.55
2015-05-01,50,3.8,19.55
2015-05-01,50,5,19.55
2015-05-01,50,5.2,NA
2015-05-01,50,5.5,NA
2015-05-01,50,5.8,NA
2015-05-01,50,6,NA
2015-05-01,50,6.2,19.55
2015-05-01,50,8,19.55
2015-05-01,50,9,19.55
2015-05-01,50,9.3,NA
2015-05-05,50,0.1,22.6
2015-05-05,50,0.8,22.6
2015-05-05,50,1.6,22.6
2015-05-05,50,2.8,22.6
2015-05-05,50,3.8,22.6
2015-05-05,50,5,22.6
2015-05-05,50,5.2,NA
2015-05-05,50,5.5,NA
2015-05-05,50,5.8,NA
2015-05-05,50,6,NA
2015-05-05,50,6.2,22.6
2015-05-05,50,8,22.6
2015-05-05,50,9,22.6
2015-05-05,50,9.3,NA
2015-05-07,50,0.1,22.05
2015-05-07,50,0.8,NA
2015-05-07,50,1.6,22.05
2015-05-07,50,2.8,NA
2015-05-07,50,3.8,22.05
2015-05-07,50,5,22.05
2015-05-07,50,5.2,NA
2015-05-07,50,5.5,NA
2015-05-07,50,5.8,NA
2015-05-07,50,6,NA
2015-05-07,50,6.2,22.05
2015-05-07,50,8,22.05
2015-05-07,50,9,22.05
2015-05-07,50,9.3,NA
2015-05-11,50,0.1,21.5
2015-05-11,50,0.8,NA
2015-05-11,50,1.6,21.5
2015-05-11,50,2.8,NA
2015-05-11,50,3.8,21.5
2015-05-11,50,5,21.5
2015-05-11,50,5.2,NA
2015-05-11,50,5.5,NA
2015-05-11,50,5.8,NA
2015-05-11,50,6,NA
2015-05-11,50,6.2,21.5
2015-05-11,50,8,21.5
2015-05-11,50,9,21.5
2015-05-11,50,9.3,NA
2015-05-14,50,0.1,20.95
2015-05-14,50,0.8,NA
2015-05-14,50,1.6,20.95
2015-05-14,50,2.8,NA
2015-05-14,50,3.8,20.95
2015-05-14,50,5,20.95
2015-05-14,50,5.2,NA
2015-05-14,50,5.5,NA
2015-05-14,50,5.8,NA
2015-05-14,50,6,NA
2015-05-14,50,6.2,20.95
2015-05-14,50,8,20.95
2015-05-14,50,9,20.95
2015-05-14,50,9.3,NA
2015-05-18,50,0.1,20.4
2015-05-18,50,0.8,NA
2015-05-18,50,1.6,20.4
2015-05-18,50,2.8,NA
2015-05-18,50,3.8,20.4
2015-05-18,50,5,20.4
2015-05-18,50,5.2,NA
2015-05-18,50,5.5,NA
2015-05-18,50,5.8,NA
2015-05-18,50,6,NA
2015-05-18,50,6.2,20.4
2015-05-18,50,8,20.4
2015-05-18,50,9,20.4
2015-05-18,50,9.3,NA
2015-05-21,50,0.1,20.4
2015-05-21,50,0.8,NA
2015-05-21,50,1.6,20.4
2015-05-21,50,2.8,NA
2015-05-21,50,3.8,20.4
2015-05-21,50,5,20.4
2015-05-21,50,5.2,NA
2015-05-21,50,5.5,NA
2015-05-21,50,5.8,NA
2015-05-21,50,6,NA
2015-05-21,50,6.2,20.4
2015-05-21,50,8,20.4
2015-05-21,50,9,20.4
2015-05-21,50,9.3,NA
2015-05-25,50,0.1,20.4
2015-05-25,50,0.8,NA
2015-05-25,50,1.6,20.4
2015-05-25,50,2.8,NA
2015-05-25,50,3.8,20.4
2015-05-25,50,5,20.4
2015-05-25,50,5.2,NA
2015-05-25,50,5.5,NA
2015-05-25,50,5.8,NA
2015-05-25,50,6,NA
2015-05-25,50,6.2,20.4
2015-05-25,50,8,20.4
2015-05-25,50,9,20.4
2015-05-25,50,9.3,NA
2015-05-28,50,0.1,17.8
2015-05-28,50,0.8,NA
2015-05-28,50,1.6,17.8
2015-05-28,50,2.8,NA
2015-05-28,50,3.8,17.8
2015-05-28,50,5,17.8
2015-05-28,50,5.2,NA
2015-05-28,50,5.5,NA
2015-05-28,50,5.8,NA
2015-05-28,50,6,NA
2015-05-28,50,6.2,17.8
2015-05-28,50,8,17.8
2015-05-28,50,9,17.8
2015-05-28,50,9.3,NA
2015-06-08,50,0.1,15.2
2015-06-08,50,0.8,NA
2015-06-08,50,1.6,15.2
2015-06-08,50,2.8,NA
2015-06-08,50,3.8,15.2
2015-06-08,50,5,15.2
2015-06-08,50,5.2,NA
2015-06-08,50,5.5,NA
2015-06-08,50,5.8,NA
2015-06-08,50,6,NA
2015-06-08,50,6.2,15.2
2015-06-08,50,8,15.2
2015-06-08,50,9,15.2
2015-06-08,50,9.3,NA
2015-06-11,50,0.1,18.6
2015-06-11,50,0.8,NA
2015-06-11,50,1.6,18.6
2015-06-11,50,2.8,NA
2015-06-11,50,3.8,18.6
2015-06-11,50,5,18.6
2015-06-11,50,5.2,NA
2015-06-11,50,5.5,NA
2015-06-11,50,5.8,NA
2015-06-11,50,6,NA
2015-06-11,50,6.2,18.6
2015-06-11,50,8,18.6
2015-06-11,50,9,18.6
2015-06-11,50,9.3,NA
2015-06-15,50,0.1,22
2015-06-15,50,0.8,NA
2015-06-15,50,1.6,22
2015-06-15,50,2.8,NA
2015-06-15,50,3.8,22
2015-06-15,50,5,22
2015-06-15,50,5.2,NA
2015-06-15,50,5.5,NA
2015-06-15,50,5.8,NA
2015-06-15,50,6,NA
2015-06-15,50,6.2,22
2015-06-15,50,8,22
2015-06-15,50,9,22
2015-06-15,50,9.3,NA
2015-06-18,50,0.1,22.2
2015-06-18,50,0.8,NA
2015-06-18,50,1.6,22.2
2015-06-18,50,2.8,NA
2015-06-18,50,3.8,22.2
2015-06-18,50,5,22.2
2015-06-18,50,5.2,NA
2015-06-18,50,5.5,NA
2015-06-18,50,5.8,NA
2015-06-18,50,6,NA
2015-06-18,50,6.2,22.2
2015-06-18,50,8,22.2
2015-06-18,50,9,22.2
2015-06-18,50,9.3,NA
2015-06-19,50,0.1,22.4
2015-06-19,50,0.8,NA
2015-06-19,50,1.6,22.4
2015-06-19,50,2.8,NA
2015-06-19,50,3.8,22.4
2015-06-19,50,5,22.4
2015-06-19,50,5.2,NA
2015-06-19,50,5.5,NA
2015-06-19,50,5.8,NA
2015-06-19,50,6,NA
2015-06-19,50,6.2,22.4
2015-06-19,50,8,22.4
2015-06-19,50,9,22.4
2015-06-19,50,9.3,NA
2015-06-22,50,0.1,22.6
2015-06-22,50,0.8,NA
2015-06-22,50,1.6,22.6
2015-06-22,50,2.8,NA
2015-06-22,50,3.8,22.6
2015-06-22,50,5,22.6
2015-06-22,50,5.2,NA
2015-06-22,50,5.5,NA
2015-06-22,50,5.8,NA
2015-06-22,50,6,NA
2015-06-22,50,6.2,22.6
2015-06-22,50,8,22.6
2015-06-22,50,9,22.6
2015-06-22,50,9.3,NA
2015-06-23,50,0.1,20.4
2015-06-23,50,0.8,NA
2015-06-23,50,1.6,20.4
2015-06-23,50,2.8,NA
2015-06-23,50,3.8,20.4
2015-06-23,50,5,20.4
2015-06-23,50,5.2,NA
2015-06-23,50,5.5,NA
2015-06-23,50,5.8,NA
2015-06-23,50,6,NA
2015-06-23,50,6.2,20.4
2015-06-23,50,8,20.4
2015-06-23,50,9,20.4
2015-06-23,50,9.3,NA
2015-06-25,50,0.1,18.2
2015-06-25,50,0.8,NA
2015-06-25,50,1.6,18.2
2015-06-25,50,2.8,NA
2015-06-25,50,3.8,18.2
2015-06-25,50,5,18.2
2015-06-25,50,5.2,NA
2015-06-25,50,5.5,NA
2015-06-25,50,5.8,NA
2015-06-25,50,6,NA
2015-06-25,50,6.2,18.2
2015-06-25,50,8,18.2
2015-06-25,50,9,18.2
2015-06-25,50,9.3,NA
2015-06-29,50,0.1,16
2015-06-29,50,0.8,NA
2015-06-29,50,1.6,16
2015-06-29,50,2.8,NA
2015-06-29,50,3.8,16
2015-06-29,50,5,16
2015-06-29,50,5.2,NA
2015-06-29,50,5.5,NA
2015-06-29,50,5.8,NA
2015-06-29,50,6,NA
2015-06-29,50,6.2,16
2015-06-29,50,8,16
2015-06-29,50,9,16
2015-06-29,50,9.3,NA
2015-07-02,50,0.1,20.55
2015-07-02,50,0.8,NA
2015-07-02,50,1.6,20.55
2015-07-02,50,2.8,NA
2015-07-02,50,3.8,20.55
2015-07-02,50,5,20.55
2015-07-02,50,5.2,NA
2015-07-02,50,5.5,NA
2015-07-02,50,5.8,NA
2015-07-02,50,6,NA
2015-07-02,50,6.2,20.55
2015-07-02,50,8,20.55
2015-07-02,50,9,20.55
2015-07-02,50,9.3,NA
2015-07-06,50,0.1,25.1
2015-07-06,50,0.8,NA
2015-07-06,50,1.6,25.1
2015-07-06,50,2.8,NA
2015-07-06,50,3.8,25.1
2015-07-06,50,5,25.1
2015-07-06,50,5.2,NA
2015-07-06,50,5.5,NA
2015-07-06,50,5.8,NA
2015-07-06,50,6,NA
2015-07-06,50,6.2,25.1
2015-07-06,50,8,25.1
2015-07-06,50,9,25.1
2015-07-06,50,9.3,NA
2015-07-09,50,0.1,25.4
2015-07-09,50,0.8,NA
2015-07-09,50,1.6,25.4
2015-07-09,50,2.8,NA
2015-07-09,50,3.8,25.4
2015-07-09,50,5,25.4
2015-07-09,50,5.2,NA
2015-07-09,50,5.5,NA
2015-07-09,50,5.8,NA
2015-07-09,50,6,NA
2015-07-09,50,6.2,25.4
2015-07-09,50,8,25.4
2015-07-09,50,9,25.4
2015-07-09,50,9.3,NA
2015-07-13,50,0.1,25.7
2015-07-13,50,0.8,NA
2015-07-13,50,1.6,25.7
2015-07-13,50,2.8,NA
2015-07-13,50,3.8,25.7
2015-07-13,50,5,25.7
2015-07-13,50,5.2,NA
2015-07-13,50,5.5,NA
2015-07-13,50,5.8,NA
2015-07-13,50,6,NA
2015-07-13,50,6.2,25.7
2015-07-13,50,8,25.7
2015-07-13,50,9,25.7
2015-07-13,50,9.3,NA
2015-07-16,50,0.1,22.4
2015-07-16,50,0.8,NA
2015-07-16,50,1.6,22.4
2015-07-16,50,2.8,NA
2015-07-16,50,3.8,22.4
2015-07-16,50,5,22.4
2015-07-16,50,5.2,NA
2015-07-16,50,5.5,NA
2015-07-16,50,5.8,NA
2015-07-16,50,6,NA
2015-07-16,50,6.2,22.4
2015-07-16,50,8,22.4
2015-07-16,50,9,22.4
2015-07-16,50,9.3,NA
2015-07-20,50,0.1,19.1
2015-07-20,50,0.8,NA
2015-07-20,50,1.6,19.1
2015-07-20,50,2.8,NA
2015-07-20,50,3.8,19.1
2015-07-20,50,5,19.1
2015-07-20,50,5.2,NA
2015-07-20,50,5.5,NA
2015-07-20,50,5.8,NA
2015-07-20,50,6,NA
2015-07-20,50,6.2,19.1
2015-07-20,50,8,19.1
2015-07-20,50,9,19.1
2015-07-20,50,9.3,NA
2015-07-23,50,0.1,19.9
2015-07-23,50,0.8,NA
2015-07-23,50,1.6,19.9
2015-07-23,50,2.8,NA
2015-07-23,50,3.8,19.9
2015-07-23,50,5,19.9
2015-07-23,50,5.2,NA
2015-07-23,50,5.5,NA
2015-07-23,50,5.8,NA
2015-07-23,50,6,NA
2015-07-23,50,6.2,19.9
2015-07-23,50,8,19.9
2015-07-23,50,9,19.9
2015-07-23,50,9.3,NA
2015-07-27,50,0.1,20.7
2015-07-27,50,0.8,NA
2015-07-27,50,1.6,20.7
2015-07-27,50,2.8,NA
2015-07-27,50,3.8,20.7
2015-07-27,50,5,20.7
2015-07-27,50,5.2,NA
2015-07-27,50,5.5,NA
2015-07-27,50,5.8,NA
2015-07-27,50,6,NA
2015-07-27,50,6.2,20.7
2015-07-27,50,8,20.7
2015-07-27,50,9,20.7
2015-07-27,50,9.3,NA
2015-07-30,50,0.1,21.5375
2015-07-30,50,0.8,NA
2015-07-30,50,1.6,21.5375
2015-07-30,50,2.8,NA
2015-07-30,50,3.8,21.5375
2015-07-30,50,5,21.5375
2015-07-30,50,5.2,NA
2015-07-30,50,5.5,NA
2015-07-30,50,5.8,NA
2015-07-30,50,6,NA
2015-07-30,50,6.2,21.5375
2015-07-30,50,8,21.5375
2015-07-30,50,9,21.5375
2015-07-30,50,9.3,NA
2015-08-03,50,0.1,22.375
2015-08-03,50,0.8,NA
2015-08-03,50,1.6,22.375
2015-08-03,50,2.8,NA
2015-08-03,50,3.8,22.375
2015-08-03,50,5,22.375
2015-08-03,50,5.2,NA
2015-08-03,50,5.5,NA
2015-08-03,50,5.8,NA
2015-08-03,50,6,NA
2015-08-03,50,6.2,22.375
2015-08-03,50,8,22.375
2015-08-03,50,9,22.375
2015-08-03,50,9.3,NA
2015-08-08,50,0.1,23.2125
2015-08-08,50,0.8,NA
2015-08-08,50,1.6,23.2125
2015-08-08,50,2.8,NA
2015-08-08,50,3.8,23.2125
2015-08-08,50,5,23.2125
2015-08-08,50,5.2,NA
2015-08-08,50,5.5,NA
2015-08-08,50,5.8,NA
2015-08-08,50,6,NA
2015-08-08,50,6.2,23.2125
2015-08-08,50,8,23.2125
2015-08-08,50,9,23.2125
2015-08-08,50,9.3,NA
2015-08-15,50,0.1,24.05
2015-08-15,50,0.8,NA
2015-08-15,50,1.6,24.05
2015-08-15,50,2.8,NA
2015-08-15,50,3.8,24.05
2015-08-15,50,5,24.05
2015-08-15,50,5.2,NA
2015-08-15,50,5.5,NA
2015-08-15,50,5.8,NA
2015-08-15,50,6,NA
2015-08-15,50,6.2,24.05
2015-08-15,50,8,24.05
2015-08-15,50,9,24.05
2015-08-15,50,9.3,NA
2015-08-22,50,0.1,24.8875
2015-08-22,50,0.8,NA
2015-08-22,50,1.6,24.8875
2015-08-22,50,2.8,NA
2015-08-22,50,3.8,24.8875
2015-08-22,50,5,24.8875
2015-08-22,50,5.2,NA
2015-08-22,50,5.5,NA
2015-08-22,50,5.8,NA
2015-08-22,50,6,NA
2015-08-22,50,6.2,24.8875
2015-08-22,50,8,24.8875
2015-08-22,50,9,24.8875
2015-08-22,50,9.3,NA
2015-08-31,50,0.1,25.725
2015-08-31,50,0.8,NA
2015-08-31,50,1.6,25.725
2015-08-31,50,2.8,NA
2015-08-31,50,3.8,25.725
2015-08-31,50,5,25.725
2015-08-31,50,5.2,NA
2015-08-31,50,5.5,NA
2015-08-31,50,5.8,NA
2015-08-31,50,6,NA
2015-08-31,50,6.2,25.725
2015-08-31,50,8,25.725
2015-08-31,50,9,25.725
2015-08-31,50,9.3,NA
2015-09-04,50,0.1,26.5625
2015-09-04,50,0.8,NA
2015-09-04,50,1.6,26.5625
2015-09-04,50,2.8,NA
2015-09-04,50,3.8,26.5625
2015-09-04,50,5,26.5625
2015-09-04,50,5.2,NA
2015-09-04,50,5.5,NA
2015-09-04,50,5.8,NA
2015-09-04,50,6,NA
2015-09-04,50,6.2,26.5625
2015-09-04,50,8,26.5625
2015-09-04,50,9,26.5625
2015-09-04,50,9.3,NA
2015-09-07,50,0.1,27.4
2015-09-07,50,0.8,NA
2015-09-07,50,1.6,27.4
2015-09-07,50,2.8,NA
2015-09-07,50,3.8,27.4
2015-09-07,50,5,27.4
2015-09-07,50,5.2,NA
2015-09-07,50,5.5,NA
2015-09-07,50,5.8,NA
2015-09-07,50,6,NA
2015-09-07,50,6.2,27.4
2015-09-07,50,8,27.4
2015-09-07,50,9,27.4
2015-09-07,50,9.3,NA
2015-09-14,50,0.1,13.4
2015-09-14,50,0.8,NA
2015-09-14,50,1.6,13.4
2015-09-14,50,2.8,NA
2015-09-14,50,3.8,13.4
2015-09-14,50,5,13.4
2015-09-14,50,5.2,NA
2015-09-14,50,5.5,NA
2015-09-14,50,5.8,NA
2015-09-14,50,6,NA
2015-09-14,50,6.2,13.4
2015-09-14,50,8,13.4
2015-09-14,50,9,13.4
2015-09-14,50,9.3,NA
2015-09-18,50,0.1,43.75
2015-09-18,50,0.8,NA
2015-09-18,50,1.6,43.75
2015-09-18,50,2.8,NA
2015-09-18,50,3.8,43.75
2015-09-18,50,5,43.75
2015-09-18,50,5.2,NA
2015-09-18,50,5.5,NA
2015-09-18,50,5.8,NA
2015-09-18,50,6,NA
2015-09-18,50,6.2,43.75
2015-09-18,50,8,43.75
2015-09-18,50,9,43.75
2015-09-18,50,9.3,NA
2015-09-21,50,0.1,74.1
2015-09-21,50,0.8,NA
2015-09-21,50,1.6,74.1
2015-09-21,50,2.8,NA
2015-09-21,50,3.8,74.1
2015-09-21,50,5,74.1
2015-09-21,50,5.2,NA
2015-09-21,50,5.5,NA
2015-09-21,50,5.8,NA
2015-09-21,50,6,NA
2015-09-21,50,6.2,74.1
2015-09-21,50,8,74.1
2015-09-21,50,9,74.1
2015-09-21,50,9.3,NA
2015-09-28,50,0.1,10.4
2015-09-28,50,0.8,NA
2015-09-28,50,1.6,10.4
2015-09-28,50,2.8,NA
2015-09-28,50,3.8,10.4
2015-09-28,50,5,10.4
2015-09-28,50,5.2,NA
2015-09-28,50,5.5,NA
2015-09-28,50,5.8,NA
2015-09-28,50,6,NA
2015-09-28,50,6.2,10.4
2015-09-28,50,8,10.4
2015-09-28,50,9,10.4
2015-09-28,50,9.3,NA
2015-10-02,50,0.1,12.35
2015-10-02,50,0.8,NA
2015-10-02,50,1.6,12.35
2015-10-02,50,2.8,NA
2015-10-02,50,3.8,12.35
2015-10-02,50,5,12.35
2015-10-02,50,5.2,NA
2015-10-02,50,5.5,NA
2015-10-02,50,5.8,NA
2015-10-02,50,6,NA
2015-10-02,50,6.2,12.35
2015-10-02,50,8,12.35
2015-10-02,50,9,12.35
2015-10-02,50,9.3,NA
2015-10-05,50,0.1,14.3
2015-10-05,50,0.8,NA
2015-10-05,50,1.6,14.3
2015-10-05,50,2.8,NA
2015-10-05,50,3.8,14.3
2015-10-05,50,5,14.3
2015-10-05,50,5.2,NA
2015-10-05,50,5.5,NA
2015-10-05,50,5.8,NA
2015-10-05,50,6,NA
2015-10-05,50,6.2,14.3
2015-10-05,50,8,14.3
2015-10-05,50,9,14.3
2015-10-05,50,9.3,NA
2015-10-12,50,0.1,12.05
2015-10-12,50,0.8,NA
2015-10-12,50,1.6,12.05
2015-10-12,50,2.8,NA
2015-10-12,50,3.8,12.05
2015-10-12,50,5,12.05
2015-10-12,50,5.2,NA
2015-10-12,50,5.5,NA
2015-10-12,50,5.8,NA
2015-10-12,50,6,NA
2015-10-12,50,6.2,12.05
2015-10-12,50,8,12.05
2015-10-12,50,9,12.05
2015-10-12,50,9.3,NA
2015-10-19,50,0.1,9.8
2015-10-19,50,0.8,NA
2015-10-19,50,1.6,9.8
2015-10-19,50,2.8,NA
2015-10-19,50,3.8,9.8
2015-10-19,50,5,9.8
2015-10-19,50,5.2,NA
2015-10-19,50,5.5,NA
2015-10-19,50,5.8,NA
2015-10-19,50,6,NA
2015-10-19,50,6.2,9.8
2015-10-19,50,8,9.8
2015-10-19,50,9,9.8
2015-10-19,50,9.3,NA
2015-10-23,50,0.1,10.7333333333333
2015-10-23,50,0.8,NA
2015-10-23,50,1.6,10.7333333333333
2015-10-23,50,2.8,NA
2015-10-23,50,3.8,10.7333333333333
2015-10-23,50,5,10.7333333333333
2015-10-23,50,5.2,NA
2015-10-23,50,5.5,NA
2015-10-23,50,5.8,NA
2015-10-23,50,6,NA
2015-10-23,50,6.2,10.7333333333333
2015-10-23,50,8,10.7333333333333
2015-10-23,50,9,10.7333333333333
2015-10-23,50,9.3,NA
2015-10-30,50,0.1,11.6666666666667
2015-10-30,50,0.8,NA
2015-10-30,50,1.6,11.6666666666667
2015-10-30,50,2.8,NA
2015-10-30,50,3.8,11.6666666666667
2015-10-30,50,5,11.6666666666667
2015-10-30,50,5.2,NA
2015-10-30,50,5.5,NA
2015-10-30,50,5.8,NA
2015-10-30,50,6,NA
2015-10-30,50,6.2,11.6666666666667
2015-10-30,50,8,11.6666666666667
2015-10-30,50,9,11.6666666666667
2015-10-30,50,9.3,NA
2015-12-07,50,0.1,12.6
2015-12-07,50,0.8,NA
2015-12-07,50,1.6,12.6
2015-12-07,50,2.8,NA
2015-12-07,50,3.8,12.6
2015-12-07,50,5,12.6
2015-12-07,50,5.2,NA
2015-12-07,50,5.5,NA
2015-12-07,50,5.8,NA
2015-12-07,50,6,NA
2015-12-07,50,6.2,12.6
2015-12-07,50,8,12.6
2015-12-07,50,9,12.6
2015-12-07,50,9.3,NA
2016-05-12,50,0.1,14.65
2016-05-12,50,0.8,NA
2016-05-12,50,1.6,14.65
2016-05-12,50,2.8,NA
2016-05-12,50,3.8,14.65
2016-05-12,50,5,14.65
2016-05-12,50,5.2,NA
2016-05-12,50,5.5,NA
2016-05-12,50,5.8,NA
2016-05-12,50,6,NA
2016-05-12,50,6.2,14.65
2016-05-12,50,8,14.65
2016-05-12,50,9,14.65
2016-05-12,50,9.3,NA
2016-05-16,50,0.1,16.7
2016-05-16,50,0.8,NA
2016-05-16,50,1.6,16.7
2016-05-16,50,2.8,NA
2016-05-16,50,3.8,16.7
2016-05-16,50,5,16.7
2016-05-16,50,5.2,NA
2016-05-16,50,5.5,NA
2016-05-16,50,5.8,NA
2016-05-16,50,6,NA
2016-05-16,50,6.2,16.7
2016-05-16,50,8,16.7
2016-05-16,50,9,16.7
2016-05-16,50,9.3,NA
2016-05-19,50,0.1,18.75
2016-05-19,50,0.8,NA
2016-05-19,50,1.6,18.75
2016-05-19,50,2.8,NA
2016-05-19,50,3.8,18.75
2016-05-19,50,5,18.75
2016-05-19,50,5.2,NA
2016-05-19,50,5.5,NA
2016-05-19,50,5.8,NA
2016-05-19,50,6,NA
2016-05-19,50,6.2,18.75
2016-05-19,50,8,18.75
2016-05-19,50,9,18.75
2016-05-19,50,9.3,NA
2016-05-23,50,0.1,20.8
2016-05-23,50,0.8,NA
2016-05-23,50,1.6,20.8
2016-05-23,50,2.8,NA
2016-05-23,50,3.8,20.8
2016-05-23,50,5,20.8
2016-05-23,50,5.2,NA
2016-05-23,50,5.5,NA
2016-05-23,50,5.8,NA
2016-05-23,50,6,NA
2016-05-23,50,6.2,20.8
2016-05-23,50,8,20.8
2016-05-23,50,9,20.8
2016-05-23,50,9.3,NA
2016-05-26,50,0.1,23.5
2016-05-26,50,0.8,NA
2016-05-26,50,1.6,23.5
2016-05-26,50,2.8,NA
2016-05-26,50,3.8,23.5
2016-05-26,50,5,23.5
2016-05-26,50,5.2,NA
2016-05-26,50,5.5,NA
2016-05-26,50,5.8,NA
2016-05-26,50,6,NA
2016-05-26,50,6.2,23.5
2016-05-26,50,8,23.5
2016-05-26,50,9,23.5
2016-05-26,50,9.3,NA
2016-05-29,50,0.1,26.2
2016-05-29,50,0.8,NA
2016-05-29,50,1.6,26.2
2016-05-29,50,2.8,NA
2016-05-29,50,3.8,26.2
2016-05-29,50,5,26.2
2016-05-29,50,5.2,NA
2016-05-29,50,5.5,NA
2016-05-29,50,5.8,NA
2016-05-29,50,6,NA
2016-05-29,50,6.2,26.2
2016-05-29,50,8,26.2
2016-05-29,50,9,26.2
2016-05-29,50,9.3,NA
2016-05-30,50,0.1,28.9
2016-05-30,50,0.1,28.9
2016-05-30,50,0.1,32.4
2016-05-30,50,0.1,32.4
2016-05-30,50,0.1,28.9
2016-05-30,50,0.1,28.9
2016-05-30,50,0.1,32.4
2016-05-30,50,0.1,32.4
2016-05-30,50,0.8,NA
2016-05-30,50,0.8,NA
2016-05-30,50,1.6,28.9
2016-05-30,50,1.6,28.9
2016-05-30,50,1.6,32.4
2016-05-30,50,1.6,32.4
2016-05-30,50,1.6,28.9
2016-05-30,50,1.6,28.9
2016-05-30,50,1.6,32.4
2016-05-30,50,1.6,32.4
2016-05-30,50,2.8,NA
2016-05-30,50,2.8,NA
2016-05-30,50,3.8,28.9
2016-05-30,50,3.8,28.9
2016-05-30,50,3.8,32.4
2016-05-30,50,3.8,32.4
2016-05-30,50,3.8,28.9
2016-05-30,50,3.8,28.9
2016-05-30,50,3.8,32.4
2016-05-30,50,3.8,32.4
2016-05-30,50,5,28.9
2016-05-30,50,5,28.9
2016-05-30,50,5,32.4
2016-05-30,50,5,32.4
2016-05-30,50,5,28.9
2016-05-30,50,5,28.9
2016-05-30,50,5,32.4
2016-05-30,50,5,32.4
2016-05-30,50,5.2,NA
2016-05-30,50,5.2,NA
2016-05-30,50,5.5,NA
2016-05-30,50,5.5,NA
2016-05-30,50,5.8,NA
2016-05-30,50,5.8,NA
2016-05-30,50,6,NA
2016-05-30,50,6,NA
2016-05-30,50,6.2,28.9
2016-05-30,50,6.2,28.9
2016-05-30,50,6.2,32.4
2016-05-30,50,6.2,32.4
2016-05-30,50,6.2,28.9
2016-05-30,50,6.2,28.9
2016-05-30,50,6.2,32.4
2016-05-30,50,6.2,32.4
2016-05-30,50,8,28.9
2016-05-30,50,8,28.9
2016-05-30,50,8,32.4
2016-05-30,50,8,32.4
2016-05-30,50,8,28.9
2016-05-30,50,8,28.9
2016-05-30,50,8,32.4
2016-05-30,50,8,32.4
2016-05-30,50,9,28.9
2016-05-30,50,9,28.9
2016-05-30,50,9,32.4
2016-05-30,50,9,32.4
2016-05-30,50,9,28.9
2016-05-30,50,9,28.9
2016-05-30,50,9,32.4
2016-05-30,50,9,32.4
2016-05-30,50,9.3,NA
2016-05-30,50,9.3,NA
2016-05-31,50,0.1,19.7
2016-05-31,50,0.8,NA
2016-05-31,50,1.6,19.7
2016-05-31,50,2.8,NA
2016-05-31,50,3.8,19.7
2016-05-31,50,5,19.7
2016-05-31,50,5.2,NA
2016-05-31,50,5.5,NA
2016-05-31,50,5.8,NA
2016-05-31,50,6,NA
2016-05-31,50,6.2,19.7
2016-05-31,50,8,19.7
2016-05-31,50,9,19.7
2016-05-31,50,9.3,NA
2016-06-01,50,0.1,21.7
2016-06-01,50,0.8,NA
2016-06-01,50,1.6,21.7
2016-06-01,50,2.8,NA
2016-06-01,50,3.8,21.7
2016-06-01,50,5,21.7
2016-06-01,50,5.2,NA
2016-06-01,50,5.5,NA
2016-06-01,50,5.8,NA
2016-06-01,50,6,NA
2016-06-01,50,6.2,21.7
2016-06-01,50,8,21.7
2016-06-01,50,9,21.7
2016-06-01,50,9.3,NA
2016-06-02,50,0.1,23.7
2016-06-02,50,0.8,NA
2016-06-02,50,1.6,23.7
2016-06-02,50,2.8,NA
2016-06-02,50,3.8,23.7
2016-06-02,50,5,23.7
2016-06-02,50,5.2,NA
2016-06-02,50,5.5,NA
2016-06-02,50,5.8,NA
2016-06-02,50,6,NA
2016-06-02,50,6.2,23.7
2016-06-02,50,8,23.7
2016-06-02,50,9,23.7
2016-06-02,50,9.3,NA
2016-06-03,50,0.1,25.7
2016-06-03,50,0.8,NA
2016-06-03,50,1.6,25.7
2016-06-03,50,2.8,NA
2016-06-03,50,3.8,25.7
2016-06-03,50,5,25.7
2016-06-03,50,5.2,NA
2016-06-03,50,5.5,NA
2016-06-03,50,5.8,NA
2016-06-03,50,6,NA
2016-06-03,50,6.2,25.7
2016-06-03,50,8,25.7
2016-06-03,50,9,25.7
2016-06-03,50,9.3,NA
2016-06-06,50,0.1,27.7
2016-06-06,50,0.8,NA
2016-06-06,50,1.6,27.7
2016-06-06,50,2.8,NA
2016-06-06,50,3.8,27.7
2016-06-06,50,5,27.7
2016-06-06,50,5.2,NA
2016-06-06,50,5.5,NA
2016-06-06,50,5.8,NA
2016-06-06,50,6,NA
2016-06-06,50,6.2,27.7
2016-06-06,50,8,27.7
2016-06-06,50,9,27.7
2016-06-06,50,9.3,NA
2016-06-07,50,0.1,25.625
2016-06-07,50,0.8,NA
2016-06-07,50,1.6,25.625
2016-06-07,50,2.8,NA
2016-06-07,50,3.8,25.625
2016-06-07,50,5,25.625
2016-06-07,50,5.2,NA
2016-06-07,50,5.5,NA
2016-06-07,50,5.8,NA
2016-06-07,50,6,NA
2016-06-07,50,6.2,25.625
2016-06-07,50,8,25.625
2016-06-07,50,9,25.625
2016-06-07,50,9.3,NA
2016-06-08,50,0.1,23.55
2016-06-08,50,0.8,NA
2016-06-08,50,1.6,23.55
2016-06-08,50,2.8,NA
2016-06-08,50,3.8,23.55
2016-06-08,50,5,23.55
2016-06-08,50,5.2,NA
2016-06-08,50,5.5,NA
2016-06-08,50,5.8,NA
2016-06-08,50,6,NA
2016-06-08,50,6.2,23.55
2016-06-08,50,8,23.55
2016-06-08,50,9,23.55
2016-06-08,50,9.3,NA
2016-06-09,50,0.1,21.475
2016-06-09,50,0.8,NA
2016-06-09,50,1.6,21.475
2016-06-09,50,2.8,NA
2016-06-09,50,3.8,21.475
2016-06-09,50,5,21.475
2016-06-09,50,5.2,NA
2016-06-09,50,5.5,NA
2016-06-09,50,5.8,NA
2016-06-09,50,6,NA
2016-06-09,50,6.2,21.475
2016-06-09,50,8,21.475
2016-06-09,50,9,21.475
2016-06-09,50,9.3,NA
2016-06-13,50,0.1,19.4
2016-06-13,50,0.8,NA
2016-06-13,50,1.6,19.4
2016-06-13,50,2.8,NA
2016-06-13,50,3.8,19.4
2016-06-13,50,5,19.4
2016-06-13,50,5.2,NA
2016-06-13,50,5.5,NA
2016-06-13,50,5.8,NA
2016-06-13,50,6,NA
2016-06-13,50,6.2,19.4
2016-06-13,50,8,19.4
2016-06-13,50,9,19.4
2016-06-13,50,9.3,NA
2016-06-20,50,0.1,31.5
2016-06-20,50,0.8,NA
2016-06-20,50,1.6,31.5
2016-06-20,50,2.8,NA
2016-06-20,50,3.8,31.5
2016-06-20,50,5,31.5
2016-06-20,50,5.2,NA
2016-06-20,50,5.5,NA
2016-06-20,50,5.8,NA
2016-06-20,50,6,NA
2016-06-20,50,6.2,31.5
2016-06-20,50,8,31.5
2016-06-20,50,9,31.5
2016-06-20,50,9.3,NA
2016-06-23,50,0.1,30
2016-06-23,50,0.8,NA
2016-06-23,50,1.6,30
2016-06-23,50,2.8,NA
2016-06-23,50,3.8,30
2016-06-23,50,5,30
2016-06-23,50,5.2,NA
2016-06-23,50,5.5,NA
2016-06-23,50,5.8,NA
2016-06-23,50,6,NA
2016-06-23,50,6.2,30
2016-06-23,50,8,30
2016-06-23,50,9,30
2016-06-23,50,9.3,NA
2016-06-26,50,0.1,28.5
2016-06-26,50,0.8,NA
2016-06-26,50,1.6,28.5
2016-06-26,50,2.8,NA
2016-06-26,50,3.8,28.5
2016-06-26,50,5,28.5
2016-06-26,50,5.2,NA
2016-06-26,50,5.5,NA
2016-06-26,50,5.8,NA
2016-06-26,50,6,NA
2016-06-26,50,6.2,28.5
2016-06-26,50,8,28.5
2016-06-26,50,9,28.5
2016-06-26,50,9.3,NA
2016-06-27,50,0.1,27
2016-06-27,50,0.8,NA
2016-06-27,50,1.6,27
2016-06-27,50,2.8,NA
2016-06-27,50,3.8,27
2016-06-27,50,5,27
2016-06-27,50,5.2,NA
2016-06-27,50,5.5,NA
2016-06-27,50,5.8,NA
2016-06-27,50,6,NA
2016-06-27,50,6.2,27
2016-06-27,50,8,27
2016-06-27,50,9,27
2016-06-27,50,9.3,NA
2016-06-28,50,0.1,21.8
2016-06-28,50,0.8,NA
2016-06-28,50,1.6,21.8
2016-06-28,50,2.8,NA
2016-06-28,50,3.8,21.8
2016-06-28,50,5,21.8
2016-06-28,50,5.2,NA
2016-06-28,50,5.5,NA
2016-06-28,50,5.8,NA
2016-06-28,50,6,NA
2016-06-28,50,6.2,21.8
2016-06-28,50,8,21.8
2016-06-28,50,9,21.8
2016-06-28,50,9.3,NA
2016-06-30,50,0.1,18.6
2016-06-30,50,0.8,NA
2016-06-30,50,1.6,18.6
2016-06-30,50,2.8,NA
2016-06-30,50,3.8,18.6
2016-06-30,50,5,18.6
2016-06-30,50,5.2,NA
2016-06-30,50,5.5,NA
2016-06-30,50,5.8,NA
2016-06-30,50,6,NA
2016-06-30,50,6.2,18.6
2016-06-30,50,8,18.6
2016-06-30,50,9,18.6
2016-06-30,50,9.3,NA
2016-07-05,50,0.1,20.3
2016-07-05,50,0.8,NA
2016-07-05,50,1.6,20.3
2016-07-05,50,2.8,NA
2016-07-05,50,3.8,20.3
2016-07-05,50,5,20.3
2016-07-05,50,5.2,NA
2016-07-05,50,5.5,NA
2016-07-05,50,5.8,NA
2016-07-05,50,6,NA
2016-07-05,50,6.2,20.3
2016-07-05,50,8,20.3
2016-07-05,50,9,20.3
2016-07-05,50,9.3,NA
2016-07-07,50,0.1,18.55
2016-07-07,50,0.8,NA
2016-07-07,50,1.6,18.55
2016-07-07,50,2.8,NA
2016-07-07,50,3.8,18.55
2016-07-07,50,5,18.55
2016-07-07,50,5.2,NA
2016-07-07,50,5.5,NA
2016-07-07,50,5.8,NA
2016-07-07,50,6,NA
2016-07-07,50,6.2,18.55
2016-07-07,50,8,18.55
2016-07-07,50,9,18.55
2016-07-07,50,9.3,NA
2016-07-11,50,0.1,16.8
2016-07-11,50,0.8,NA
2016-07-11,50,1.6,16.8
2016-07-11,50,2.8,NA
2016-07-11,50,3.8,16.8
2016-07-11,50,5,16.8
2016-07-11,50,5.2,NA
2016-07-11,50,5.5,16.8
2016-07-11,50,5.8,NA
2016-07-11,50,6,NA
2016-07-11,50,6.2,16.8
2016-07-11,50,8,16.8
2016-07-11,50,9,16.8
2016-07-11,50,9.3,NA
2016-07-14,50,0.1,20.9
2016-07-14,50,0.8,NA
2016-07-14,50,1.6,20.9
2016-07-14,50,2.8,NA
2016-07-14,50,3.8,20.9
2016-07-14,50,5,20.9
2016-07-14,50,5.2,NA
2016-07-14,50,5.5,19.08
2016-07-14,50,5.8,NA
2016-07-14,50,6,NA
2016-07-14,50,6.2,20.9
2016-07-14,50,8,20.9
2016-07-14,50,9,20.9
2016-07-14,50,9.3,NA
2016-07-18,50,0.1,25
2016-07-18,50,0.8,NA
2016-07-18,50,1.6,25
2016-07-18,50,2.8,NA
2016-07-18,50,3.8,25
2016-07-18,50,5,25
2016-07-18,50,5.2,NA
2016-07-18,50,5.5,21.36
2016-07-18,50,5.8,NA
2016-07-18,50,6,NA
2016-07-18,50,6.2,25
2016-07-18,50,8,25
2016-07-18,50,9,25
2016-07-18,50,9.3,NA
2016-07-21,50,0.1,26.0666666666667
2016-07-21,50,0.8,NA
2016-07-21,50,1.6,26.0666666666667
2016-07-21,50,2.8,NA
2016-07-21,50,3.8,26.0666666666667
2016-07-21,50,5,26.0666666666667
2016-07-21,50,5.2,NA
2016-07-21,50,5.5,23.64
2016-07-21,50,5.8,NA
2016-07-21,50,6,NA
2016-07-21,50,6.2,26.0666666666667
2016-07-21,50,8,26.0666666666667
2016-07-21,50,9,26.0666666666667
2016-07-21,50,9.3,NA
2016-07-24,50,0.1,27.1333333333333
2016-07-24,50,0.8,NA
2016-07-24,50,1.6,27.1333333333333
2016-07-24,50,2.8,NA
2016-07-24,50,3.8,27.1333333333333
2016-07-24,50,5,27.1333333333333
2016-07-24,50,5.2,NA
2016-07-24,50,5.5,25.92
2016-07-24,50,5.8,NA
2016-07-24,50,6,NA
2016-07-24,50,6.2,27.1333333333333
2016-07-24,50,8,27.1333333333333
2016-07-24,50,9,27.1333333333333
2016-07-24,50,9.3,NA
2016-07-25,50,0.1,28.2
2016-07-25,50,0.1,28.2
2016-07-25,50,0.8,NA
2016-07-25,50,1.6,28.2
2016-07-25,50,2.8,NA
2016-07-25,50,3.8,28.2
2016-07-25,50,5,28.2
2016-07-25,50,5.2,28.2
2016-07-25,50,5.5,28.2
2016-07-25,50,5.8,NA
2016-07-25,50,6,NA
2016-07-25,50,6.2,28.2
2016-07-25,50,8,28.2
2016-07-25,50,8,28.2
2016-07-25,50,9,28.2
2016-07-25,50,9.3,NA
2016-07-26,50,0.1,27.2666666666667
2016-07-26,50,0.8,NA
2016-07-26,50,1.6,27.2666666666667
2016-07-26,50,2.8,NA
2016-07-26,50,3.8,27.2666666666667
2016-07-26,50,5,27.2666666666667
2016-07-26,50,5.2,NA
2016-07-26,50,5.5,27.55
2016-07-26,50,5.8,NA
2016-07-26,50,6,NA
2016-07-26,50,6.2,27.2666666666667
2016-07-26,50,8,27.2666666666667
2016-07-26,50,9,27.2666666666667
2016-07-26,50,9.3,NA
2016-07-28,50,0.1,26.3333333333333
2016-07-28,50,0.8,NA
2016-07-28,50,1.6,26.3333333333333
2016-07-28,50,2.8,NA
2016-07-28,50,3.8,26.3333333333333
2016-07-28,50,5,26.3333333333333
2016-07-28,50,5.2,NA
2016-07-28,50,5.5,26.9
2016-07-28,50,5.8,NA
2016-07-28,50,6,NA
2016-07-28,50,6.2,26.3333333333333
2016-07-28,50,8,26.3333333333333
2016-07-28,50,9,26.3333333333333
2016-07-28,50,9.3,NA
2016-08-01,50,0.1,25.4
2016-08-01,50,0.8,NA
2016-08-01,50,1.6,25.4
2016-08-01,50,2.8,NA
2016-08-01,50,3.8,25.4
2016-08-01,50,5,25.4
2016-08-01,50,5.2,NA
2016-08-01,50,5.5,26.25
2016-08-01,50,5.8,25.4
2016-08-01,50,6,NA
2016-08-01,50,6.2,25.4
2016-08-01,50,8,25.4
2016-08-01,50,9,25.4
2016-08-01,50,9.3,NA
2016-08-08,50,0.1,26.5
2016-08-08,50,0.8,NA
2016-08-08,50,1.6,26.5
2016-08-08,50,2.8,NA
2016-08-08,50,3.8,26.5
2016-08-08,50,5,26.5
2016-08-08,50,5.2,NA
2016-08-08,50,5.5,25.6
2016-08-08,50,5.8,NA
2016-08-08,50,6,NA
2016-08-08,50,6.2,26.5
2016-08-08,50,8,26.5
2016-08-08,50,9,26.5
2016-08-08,50,9.3,NA
2016-08-11,50,0.1,25.4
2016-08-11,50,0.8,NA
2016-08-11,50,1.6,25.4
2016-08-11,50,2.8,NA
2016-08-11,50,3.8,25.4
2016-08-11,50,5,25.4
2016-08-11,50,5.2,NA
2016-08-11,50,5.5,24.95
2016-08-11,50,5.8,NA
2016-08-11,50,6,NA
2016-08-11,50,6.2,25.4
2016-08-11,50,8,25.4
2016-08-11,50,9,25.4
2016-08-11,50,9.3,NA
2016-08-15,50,0.1,24.3
2016-08-15,50,0.8,NA
2016-08-15,50,1.6,24.3
2016-08-15,50,2.8,NA
2016-08-15,50,3.8,24.3
2016-08-15,50,5,24.3
2016-08-15,50,5.2,NA
2016-08-15,50,5.5,24.3
2016-08-15,50,5.8,NA
2016-08-15,50,6,NA
2016-08-15,50,6.2,24.3
2016-08-15,50,8,24.3
2016-08-15,50,9,24.3
2016-08-15,50,9.3,NA
2016-08-18,50,0.1,21.4
2016-08-18,50,0.8,NA
2016-08-18,50,1.6,21.4
2016-08-18,50,2.8,NA
2016-08-18,50,3.8,21.4
2016-08-18,50,5,21.4
2016-08-18,50,5.2,NA
2016-08-18,50,5.5,NA
2016-08-18,50,5.8,NA
2016-08-18,50,6,NA
2016-08-18,50,6.2,21.4
2016-08-18,50,8,21.4
2016-08-18,50,9,21.4
2016-08-18,50,9.3,NA
2016-08-23,50,0.1,18.5
2016-08-23,50,0.8,NA
2016-08-23,50,1.6,18.5
2016-08-23,50,2.8,NA
2016-08-23,50,3.8,18.5
2016-08-23,50,5,18.5
2016-08-23,50,5.2,NA
2016-08-23,50,5.5,NA
2016-08-23,50,5.8,NA
2016-08-23,50,6,NA
2016-08-23,50,6.2,18.5
2016-08-23,50,8,18.5
2016-08-23,50,9,18.5
2016-08-23,50,9.3,NA
2016-08-26,50,0.1,15.6
2016-08-26,50,0.8,NA
2016-08-26,50,1.6,15.6
2016-08-26,50,2.8,NA
2016-08-26,50,3.8,15.6
2016-08-26,50,5,15.6
2016-08-26,50,5.2,NA
2016-08-26,50,5.5,NA
2016-08-26,50,5.8,NA
2016-08-26,50,6,NA
2016-08-26,50,6.2,15.6
2016-08-26,50,8,15.6
2016-08-26,50,9,15.6
2016-08-26,50,9.3,NA
2016-09-02,50,0.1,34.8
2016-09-02,50,0.8,NA
2016-09-02,50,1.6,34.8
2016-09-02,50,2.8,NA
2016-09-02,50,3.8,34.8
2016-09-02,50,5,34.8
2016-09-02,50,5.2,NA
2016-09-02,50,5.5,NA
2016-09-02,50,5.8,NA
2016-09-02,50,6,NA
2016-09-02,50,6.2,34.8
2016-09-02,50,8,34.8
2016-09-02,50,9,34.8
2016-09-02,50,9.3,NA
2016-09-06,50,0.1,35.65
2016-09-06,50,0.8,NA
2016-09-06,50,1.6,35.65
2016-09-06,50,2.8,NA
2016-09-06,50,3.8,35.65
2016-09-06,50,5,35.65
2016-09-06,50,5.2,NA
2016-09-06,50,5.5,NA
2016-09-06,50,5.8,NA
2016-09-06,50,6,NA
2016-09-06,50,6.2,35.65
2016-09-06,50,8,35.65
2016-09-06,50,9,35.65
2016-09-06,50,9.3,NA
2016-09-09,50,0.1,36.5
2016-09-09,50,0.8,NA
2016-09-09,50,1.6,36.5
2016-09-09,50,2.8,NA
2016-09-09,50,3.8,36.5
2016-09-09,50,5,36.5
2016-09-09,50,5.2,NA
2016-09-09,50,5.5,NA
2016-09-09,50,5.8,NA
2016-09-09,50,6,NA
2016-09-09,50,6.2,36.5
2016-09-09,50,8,36.5
2016-09-09,50,9,36.5
2016-09-09,50,9.3,NA
2016-09-16,50,0.1,35.2
2016-09-16,50,0.8,NA
2016-09-16,50,1.6,35.2
2016-09-16,50,2.8,NA
2016-09-16,50,3.8,35.2
2016-09-16,50,5,35.2
2016-09-16,50,5.2,NA
2016-09-16,50,5.5,NA
2016-09-16,50,5.8,NA
2016-09-16,50,6,NA
2016-09-16,50,6.2,35.2
2016-09-16,50,8,35.2
2016-09-16,50,9,35.2
2016-09-16,50,9.3,NA
2016-09-17,50,0.1,33.9
2016-09-17,50,0.8,NA
2016-09-17,50,1.6,33.9
2016-09-17,50,2.8,NA
2016-09-17,50,3.8,33.9
2016-09-17,50,5,33.9
2016-09-17,50,5.2,NA
2016-09-17,50,5.5,NA
2016-09-17,50,5.8,NA
2016-09-17,50,6,NA
2016-09-17,50,6.2,33.9
2016-09-17,50,8,33.9
2016-09-17,50,9,33.9
2016-09-17,50,9.3,NA
2016-09-22,50,0.1,32.6
2016-09-22,50,0.8,NA
2016-09-22,50,1.6,32.6
2016-09-22,50,2.8,NA
2016-09-22,50,3.8,32.6
2016-09-22,50,5,32.6
2016-09-22,50,5.2,NA
2016-09-22,50,5.5,NA
2016-09-22,50,5.8,NA
2016-09-22,50,6,NA
2016-09-22,50,6.2,32.6
2016-09-22,50,8,32.6
2016-09-22,50,9,32.6
2016-09-22,50,9.3,NA
2016-09-27,50,0.1,31.3
2016-09-27,50,0.8,NA
2016-09-27,50,1.6,31.3
2016-09-27,50,2.8,NA
2016-09-27,50,3.8,31.3
2016-09-27,50,5,31.3
2016-09-27,50,5.2,NA
2016-09-27,50,5.5,NA
2016-09-27,50,5.8,NA
2016-09-27,50,6,NA
2016-09-27,50,6.2,31.3
2016-09-27,50,8,31.3
2016-09-27,50,9,31.3
2016-09-27,50,9.3,NA
2016-09-30,50,0.1,30
2016-09-30,50,0.8,NA
2016-09-30,50,1.6,30
2016-09-30,50,2.8,NA
2016-09-30,50,3.8,30
2016-09-30,50,5,30
2016-09-30,50,5.2,NA
2016-09-30,50,5.5,NA
2016-09-30,50,5.8,NA
2016-09-30,50,6,NA
2016-09-30,50,6.2,30
2016-09-30,50,8,30
2016-09-30,50,9,30
2016-09-30,50,9.3,NA
2016-10-05,50,0.1,30.6333333333333
2016-10-05,50,0.8,NA
2016-10-05,50,1.6,30.6333333333333
2016-10-05,50,2.8,NA
2016-10-05,50,3.8,30.6333333333333
2016-10-05,50,5,30.6333333333333
2016-10-05,50,5.2,NA
2016-10-05,50,5.5,NA
2016-10-05,50,5.8,NA
2016-10-05,50,6,NA
2016-10-05,50,6.2,30.6333333333333
2016-10-05,50,8,30.6333333333333
2016-10-05,50,9,30.6333333333333
2016-10-05,50,9.3,NA
2016-10-06,50,0.1,31.2666666666667
2016-10-06,50,0.8,NA
2016-10-06,50,1.6,31.2666666666667
2016-10-06,50,2.8,NA
2016-10-06,50,3.8,31.2666666666667
2016-10-06,50,5,31.2666666666667
2016-10-06,50,5.2,NA
2016-10-06,50,5.5,NA
2016-10-06,50,5.8,NA
2016-10-06,50,6,NA
2016-10-06,50,6.2,31.2666666666667
2016-10-06,50,8,31.2666666666667
2016-10-06,50,9,31.2666666666667
2016-10-06,50,9.3,NA
2016-10-07,50,0.1,31.9
2016-10-07,50,0.8,NA
2016-10-07,50,1.6,31.9
2016-10-07,50,2.8,NA
2016-10-07,50,3.8,31.9
2016-10-07,50,5,31.9
2016-10-07,50,5.2,NA
2016-10-07,50,5.5,NA
2016-10-07,50,5.8,NA
2016-10-07,50,6,NA
2016-10-07,50,6.2,31.9
2016-10-07,50,8,31.9
2016-10-07,50,9,31.9
2016-10-07,50,9.3,NA
2016-10-11,50,0.1,26.5
2016-10-11,50,0.8,NA
2016-10-11,50,1.6,26.5
2016-10-11,50,2.8,NA
2016-10-11,50,3.8,26.5
2016-10-11,50,5,26.5
2016-10-11,50,5.2,NA
2016-10-11,50,5.5,NA
2016-10-11,50,5.8,NA
2016-10-11,50,6,NA
2016-10-11,50,6.2,26.5
2016-10-11,50,8,26.5
2016-10-11,50,9,26.5
2016-10-11,50,9.3,NA
2016-10-14,50,0.1,21.1
2016-10-14,50,0.8,NA
2016-10-14,50,1.6,21.1
2016-10-14,50,2.8,NA
2016-10-14,50,3.8,21.1
2016-10-14,50,5,21.1
2016-10-14,50,5.2,NA
2016-10-14,50,5.5,NA
2016-10-14,50,5.8,NA
2016-10-14,50,6,NA
2016-10-14,50,6.2,21.1
2016-10-14,50,8,21.1
2016-10-14,50,9,21.1
2016-10-14,50,9.3,NA
2016-10-20,50,0.1,20.4666666666667
2016-10-20,50,0.8,NA
2016-10-20,50,1.6,20.4666666666667
2016-10-20,50,2.8,NA
2016-10-20,50,3.8,20.4666666666667
2016-10-20,50,5,20.4666666666667
2016-10-20,50,5.2,NA
2016-10-20,50,5.5,NA
2016-10-20,50,5.8,NA
2016-10-20,50,6,NA
2016-10-20,50,6.2,20.4666666666667
2016-10-20,50,8,20.4666666666667
2016-10-20,50,9,20.4666666666667
2016-10-20,50,9.3,NA
2016-10-27,50,0.1,19.8333333333333
2016-10-27,50,0.8,NA
2016-10-27,50,1.6,19.8333333333333
2016-10-27,50,2.8,NA
2016-10-27,50,3.8,19.8333333333333
2016-10-27,50,5,19.8333333333333
2016-10-27,50,5.2,NA
2016-10-27,50,5.5,NA
2016-10-27,50,5.8,NA
2016-10-27,50,6,NA
2016-10-27,50,6.2,19.8333333333333
2016-10-27,50,8,19.8333333333333
2016-10-27,50,9,19.8333333333333
2016-10-27,50,9.3,NA
2016-10-31,50,0.1,19.2
2016-10-31,50,0.8,NA
2016-10-31,50,1.6,19.2
2016-10-31,50,2.8,NA
2016-10-31,50,3.8,19.2
2016-10-31,50,5,19.2
2016-10-31,50,5.2,NA
2016-10-31,50,5.5,NA
2016-10-31,50,5.8,NA
2016-10-31,50,6,NA
2016-10-31,50,6.2,19.2
2016-10-31,50,8,19.2
2016-10-31,50,9,19.2
2016-10-31,50,9.3,NA
2016-11-04,50,0.1,18.5666666666667
2016-11-04,50,0.8,NA
2016-11-04,50,1.6,18.5666666666667
2016-11-04,50,2.8,NA
2016-11-04,50,3.8,18.5666666666667
2016-11-04,50,5,18.5666666666667
2016-11-04,50,5.2,NA
2016-11-04,50,5.5,NA
2016-11-04,50,5.8,NA
2016-11-04,50,6,NA
2016-11-04,50,6.2,18.5666666666667
2016-11-04,50,8,18.5666666666667
2016-11-04,50,9,18.5666666666667
2016-11-04,50,9.3,NA
2016-11-11,50,0.1,17.9333333333333
2016-11-11,50,0.8,NA
2016-11-11,50,1.6,17.9333333333333
2016-11-11,50,2.8,NA
2016-11-11,50,3.8,17.9333333333333
2016-11-11,50,5,17.9333333333333
2016-11-11,50,5.2,NA
2016-11-11,50,5.5,NA
2016-11-11,50,5.8,NA
2016-11-11,50,6,NA
2016-11-11,50,6.2,17.9333333333333
2016-11-11,50,8,17.9333333333333
2016-11-11,50,9,17.9333333333333
2016-11-11,50,9.3,NA
2016-12-02,50,0.1,17.3
2016-12-02,50,0.8,NA
2016-12-02,50,1.6,17.3
2016-12-02,50,2.8,NA
2016-12-02,50,3.8,17.3
2016-12-02,50,5,17.3
2016-12-02,50,5.2,NA
2016-12-02,50,5.5,NA
2016-12-02,50,5.8,NA
2016-12-02,50,6,NA
2016-12-02,50,6.2,17.3
2016-12-02,50,8,17.3
2016-12-02,50,9,17.3
2016-12-02,50,9.3,NA
2017-03-12,50,0.1,18.0333333333333
2017-03-12,50,0.8,NA
2017-03-12,50,1.6,18.0333333333333
2017-03-12,50,2.8,NA
2017-03-12,50,3.8,18.0333333333333
2017-03-12,50,5,18.0333333333333
2017-03-12,50,5.2,NA
2017-03-12,50,5.5,NA
2017-03-12,50,5.8,NA
2017-03-12,50,6,NA
2017-03-12,50,6.2,18.0333333333333
2017-03-12,50,8,18.0333333333333
2017-03-12,50,9,18.0333333333333
2017-03-12,50,9.3,NA
2017-03-26,50,0.1,18.7666666666667
2017-03-26,50,0.8,NA
2017-03-26,50,1.6,18.7666666666667
2017-03-26,50,2.8,NA
2017-03-26,50,3.8,18.7666666666667
2017-03-26,50,5,18.7666666666667
2017-03-26,50,5.2,NA
2017-03-26,50,5.5,NA
2017-03-26,50,5.8,NA
2017-03-26,50,6,NA
2017-03-26,50,6.2,18.7666666666667
2017-03-26,50,8,18.7666666666667
2017-03-26,50,9,18.7666666666667
2017-03-26,50,9.3,NA
2017-04-09,50,0.1,19.5
2017-04-09,50,0.8,NA
2017-04-09,50,1.6,19.5
2017-04-09,50,2.8,NA
2017-04-09,50,3.8,19.5
2017-04-09,50,5,19.5
2017-04-09,50,5.2,NA
2017-04-09,50,5.5,NA
2017-04-09,50,5.8,NA
2017-04-09,50,6,NA
2017-04-09,50,6.2,19.5
2017-04-09,50,8,19.5
2017-04-09,50,9,19.5
2017-04-09,50,9.3,NA
2017-04-16,50,0.1,20.2333333333333
2017-04-16,50,0.8,NA
2017-04-16,50,1.6,20.2333333333333
2017-04-16,50,2.8,NA
2017-04-16,50,3.8,20.2333333333333
2017-04-16,50,5,20.2333333333333
2017-04-16,50,5.2,NA
2017-04-16,50,5.5,NA
2017-04-16,50,5.8,NA
2017-04-16,50,6,NA
2017-04-16,50,6.2,20.2333333333333
2017-04-16,50,8,20.2333333333333
2017-04-16,50,9,20.2333333333333
2017-04-16,50,9.3,NA
2017-04-23,50,0.1,20.9666666666667
2017-04-23,50,0.8,NA
2017-04-23,50,1.6,20.9666666666667
2017-04-23,50,2.8,NA
2017-04-23,50,3.8,20.9666666666667
2017-04-23,50,5,20.9666666666667
2017-04-23,50,5.2,NA
2017-04-23,50,5.5,NA
2017-04-23,50,5.8,NA
2017-04-23,50,6,NA
2017-04-23,50,6.2,20.9666666666667
2017-04-23,50,8,20.9666666666667
2017-04-23,50,9,20.9666666666667
2017-04-23,50,9.3,NA
2017-04-30,50,0.1,21.7
2017-04-30,50,0.8,NA
2017-04-30,50,1.6,21.7
2017-04-30,50,2.8,NA
2017-04-30,50,3.8,21.7
2017-04-30,50,5,21.7
2017-04-30,50,5.2,NA
2017-04-30,50,5.5,NA
2017-04-30,50,5.8,NA
2017-04-30,50,6,NA
2017-04-30,50,6.2,21.7
2017-04-30,50,8,21.7
2017-04-30,50,9,21.7
2017-04-30,50,9.3,NA
2017-05-04,50,0.1,22.4333333333333
2017-05-04,50,0.8,NA
2017-05-04,50,1.6,22.4333333333333
2017-05-04,50,2.8,NA
2017-05-04,50,3.8,22.4333333333333
2017-05-04,50,5,22.4333333333333
2017-05-04,50,5.2,NA
2017-05-04,50,5.5,NA
2017-05-04,50,5.8,NA
2017-05-04,50,6,NA
2017-05-04,50,6.2,22.4333333333333
2017-05-04,50,8,22.4333333333333
2017-05-04,50,9,22.4333333333333
2017-05-04,50,9.3,NA
2017-05-07,50,0.1,23.1666666666667
2017-05-07,50,0.8,NA
2017-05-07,50,1.6,23.1666666666667
2017-05-07,50,2.8,NA
2017-05-07,50,3.8,23.1666666666667
2017-05-07,50,5,23.1666666666667
2017-05-07,50,5.2,NA
2017-05-07,50,5.5,NA
2017-05-07,50,5.8,NA
2017-05-07,50,6,NA
2017-05-07,50,6.2,23.1666666666667
2017-05-07,50,8,23.1666666666667
2017-05-07,50,9,23.1666666666667
2017-05-07,50,9.3,NA
2017-05-09,50,0.1,23.9
2017-05-09,50,0.8,NA
2017-05-09,50,1.6,23.9
2017-05-09,50,2.8,NA
2017-05-09,50,3.8,23.9
2017-05-09,50,5,23.9
2017-05-09,50,5.2,NA
2017-05-09,50,5.5,NA
2017-05-09,50,5.8,NA
2017-05-09,50,6,NA
2017-05-09,50,6.2,23.9
2017-05-09,50,8,23.9
2017-05-09,50,9,23.9
2017-05-09,50,9.3,NA
2017-05-14,50,0.1,24.6333333333333
2017-05-14,50,0.8,NA
2017-05-14,50,1.6,24.6333333333333
2017-05-14,50,2.8,NA
2017-05-14,50,3.8,24.6333333333333
2017-05-14,50,5,24.6333333333333
2017-05-14,50,5.2,NA
2017-05-14,50,5.5,NA
2017-05-14,50,5.8,NA
2017-05-14,50,6,NA
2017-05-14,50,6.2,24.6333333333333
2017-05-14,50,8,24.6333333333333
2017-05-14,50,9,24.6333333333333
2017-05-14,50,9.3,NA
2017-06-28,50,0.1,25.3666666666667
2017-06-28,50,0.8,NA
2017-06-28,50,1.6,25.3666666666667
2017-06-28,50,2.8,NA
2017-06-28,50,3.8,25.3666666666667
2017-06-28,50,5,25.3666666666667
2017-06-28,50,5.2,NA
2017-06-28,50,5.5,NA
2017-06-28,50,5.8,NA
2017-06-28,50,6,NA
2017-06-28,50,6.2,25.3666666666667
2017-06-28,50,8,25.3666666666667
2017-06-28,50,9,25.3666666666667
2017-06-28,50,9.3,NA
2017-07-04,50,0.1,26.1
2017-07-04,50,0.8,NA
2017-07-04,50,1.6,26.1
2017-07-04,50,2.8,NA
2017-07-04,50,3.8,26.1
2017-07-04,50,5,26.1
2017-07-04,50,5.2,NA
2017-07-04,50,5.5,NA
2017-07-04,50,5.8,NA
2017-07-04,50,6,NA
2017-07-04,50,6.2,26.1
2017-07-04,50,8,26.1
2017-07-04,50,9,26.1
2017-07-04,50,9.3,NA
2017-07-06,50,0.1,26.8333333333333
2017-07-06,50,0.8,NA
2017-07-06,50,1.6,26.8333333333333
2017-07-06,50,2.8,NA
2017-07-06,50,3.8,26.8333333333333
2017-07-06,50,5,26.8333333333333
2017-07-06,50,5.2,NA
2017-07-06,50,5.5,NA
2017-07-06,50,5.8,NA
2017-07-06,50,6,NA
2017-07-06,50,6.2,26.8333333333333
2017-07-06,50,8,26.8333333333333
2017-07-06,50,9,26.8333333333333
2017-07-06,50,9.3,NA
2017-07-09,50,0.1,27.5666666666667
2017-07-09,50,0.8,NA
2017-07-09,50,1.6,27.5666666666667
2017-07-09,50,2.8,NA
2017-07-09,50,3.8,27.5666666666667
2017-07-09,50,5,27.5666666666667
2017-07-09,50,5.2,NA
2017-07-09,50,5.5,NA
2017-07-09,50,5.8,NA
2017-07-09,50,6,NA
2017-07-09,50,6.2,27.5666666666667
2017-07-09,50,8,27.5666666666667
2017-07-09,50,9,27.5666666666667
2017-07-09,50,9.3,NA
2017-07-10,50,0.1,28.3
2017-07-10,50,0.8,NA
2017-07-10,50,1.6,28.3
2017-07-10,50,2.8,NA
2017-07-10,50,3.8,28.3
2017-07-10,50,5,28.3
2017-07-10,50,5.2,NA
2017-07-10,50,5.5,NA
2017-07-10,50,5.8,NA
2017-07-10,50,6,NA
2017-07-10,50,6.2,28.3
2017-07-10,50,8,28.3
2017-07-10,50,9,28.3
2017-07-10,50,9.3,NA
2017-07-11,50,0.1,28.8083333333333
2017-07-11,50,0.8,NA
2017-07-11,50,1.6,28.8083333333333
2017-07-11,50,2.8,NA
2017-07-11,50,3.8,28.8083333333333
2017-07-11,50,5,28.8083333333333
2017-07-11,50,5.2,NA
2017-07-11,50,5.5,NA
2017-07-11,50,5.8,NA
2017-07-11,50,6,NA
2017-07-11,50,6.2,28.8083333333333
2017-07-11,50,8,28.8083333333333
2017-07-11,50,9,28.8083333333333
2017-07-11,50,9.3,NA
2017-07-12,50,0.1,29.3166666666667
2017-07-12,50,0.8,NA
2017-07-12,50,1.6,29.3166666666667
2017-07-12,50,2.8,NA
2017-07-12,50,3.8,29.3166666666667
2017-07-12,50,5,29.3166666666667
2017-07-12,50,5.2,NA
2017-07-12,50,5.5,NA
2017-07-12,50,5.8,NA
2017-07-12,50,6,NA
2017-07-12,50,6.2,29.3166666666667
2017-07-12,50,8,29.3166666666667
2017-07-12,50,9,29.3166666666667
2017-07-12,50,9.3,NA
2017-08-06,50,0.1,29.825
2017-08-06,50,0.8,NA
2017-08-06,50,1.6,29.825
2017-08-06,50,2.8,NA
2017-08-06,50,3.8,29.825
2017-08-06,50,5,29.825
2017-08-06,50,5.2,NA
2017-08-06,50,5.5,NA
2017-08-06,50,5.8,NA
2017-08-06,50,6,NA
2017-08-06,50,6.2,29.825
2017-08-06,50,8,29.825
2017-08-06,50,9,29.825
2017-08-06,50,9.3,NA
2017-08-09,50,0.1,30.3333333333333
2017-08-09,50,0.8,NA
2017-08-09,50,1.6,30.3333333333333
2017-08-09,50,2.8,NA
2017-08-09,50,3.8,30.3333333333333
2017-08-09,50,5,30.3333333333333
2017-08-09,50,5.2,NA
2017-08-09,50,5.5,NA
2017-08-09,50,5.8,NA
2017-08-09,50,6,NA
2017-08-09,50,6.2,30.3333333333333
2017-08-09,50,8,30.3333333333333
2017-08-09,50,9,30.3333333333333
2017-08-09,50,9.3,NA
2017-08-13,50,0.1,30.8416666666667
2017-08-13,50,0.8,NA
2017-08-13,50,1.6,30.8416666666667
2017-08-13,50,2.8,NA
2017-08-13,50,3.8,30.8416666666667
2017-08-13,50,5,30.8416666666667
2017-08-13,50,5.2,NA
2017-08-13,50,5.5,NA
2017-08-13,50,5.8,NA
2017-08-13,50,6,NA
2017-08-13,50,6.2,30.8416666666667
2017-08-13,50,8,30.8416666666667
2017-08-13,50,9,30.8416666666667
2017-08-13,50,9.3,NA
2017-08-16,50,0.1,31.35
2017-08-16,50,0.8,NA
2017-08-16,50,1.6,31.35
2017-08-16,50,2.8,NA
2017-08-16,50,3.8,31.35
2017-08-16,50,5,31.35
2017-08-16,50,5.2,NA
2017-08-16,50,5.5,NA
2017-08-16,50,5.8,NA
2017-08-16,50,6,NA
2017-08-16,50,6.2,31.35
2017-08-16,50,8,31.35
2017-08-16,50,9,31.35
2017-08-16,50,9.3,NA
2017-08-20,50,0.1,31.8583333333333
2017-08-20,50,0.8,NA
2017-08-20,50,1.6,31.8583333333333
2017-08-20,50,2.8,NA
2017-08-20,50,3.8,31.8583333333333
2017-08-20,50,5,31.8583333333333
2017-08-20,50,5.2,NA
2017-08-20,50,5.5,NA
2017-08-20,50,5.8,NA
2017-08-20,50,6,NA
2017-08-20,50,6.2,31.8583333333333
2017-08-20,50,8,31.8583333333333
2017-08-20,50,9,31.8583333333333
2017-08-20,50,9.3,NA
2017-08-27,50,0.1,32.3666666666667
2017-08-27,50,0.8,NA
2017-08-27,50,1.6,32.3666666666667
2017-08-27,50,2.8,NA
2017-08-27,50,3.8,32.3666666666667
2017-08-27,50,5,32.3666666666667
2017-08-27,50,5.2,NA
2017-08-27,50,5.5,NA
2017-08-27,50,5.8,NA
2017-08-27,50,6,NA
2017-08-27,50,6.2,32.3666666666667
2017-08-27,50,8,32.3666666666667
2017-08-27,50,9,32.3666666666667
2017-08-27,50,9.3,NA
2017-09-03,50,0.1,32.875
2017-09-03,50,0.8,NA
2017-09-03,50,1.6,32.875
2017-09-03,50,2.8,NA
2017-09-03,50,3.8,32.875
2017-09-03,50,5,32.875
2017-09-03,50,5.2,NA
2017-09-03,50,5.5,NA
2017-09-03,50,5.8,NA
2017-09-03,50,6,NA
2017-09-03,50,6.2,32.875
2017-09-03,50,8,32.875
2017-09-03,50,9,32.875
2017-09-03,50,9.3,NA
2017-09-10,50,0.1,33.3833333333333
2017-09-10,50,0.8,NA
2017-09-10,50,1.6,33.3833333333333
2017-09-10,50,2.8,NA
2017-09-10,50,3.8,33.3833333333333
2017-09-10,50,5,33.3833333333333
2017-09-10,50,5.2,NA
2017-09-10,50,5.5,NA
2017-09-10,50,5.8,NA
2017-09-10,50,6,NA
2017-09-10,50,6.2,33.3833333333333
2017-09-10,50,8,33.3833333333333
2017-09-10,50,9,33.3833333333333
2017-09-10,50,9.3,NA
2017-09-17,50,0.1,33.8916666666667
2017-09-17,50,0.8,NA
2017-09-17,50,1.6,33.8916666666667
2017-09-17,50,2.8,NA
2017-09-17,50,3.8,33.8916666666667
2017-09-17,50,5,33.8916666666667
2017-09-17,50,5.2,NA
2017-09-17,50,5.5,NA
2017-09-17,50,5.8,NA
2017-09-17,50,6,NA
2017-09-17,50,6.2,33.8916666666667
2017-09-17,50,8,33.8916666666667
2017-09-17,50,9,33.8916666666667
2017-09-17,50,9.3,NA
2017-09-18,50,0.1,34.4
2017-09-18,50,0.8,NA
2017-09-18,50,1.6,34.4
2017-09-18,50,2.8,NA
2017-09-18,50,3.8,34.4
2017-09-18,50,5,34.4
2017-09-18,50,5.2,NA
2017-09-18,50,5.5,NA
2017-09-18,50,5.8,NA
2017-09-18,50,6,NA
2017-09-18,50,6.2,34.4
2017-09-18,50,8,34.4
2017-09-18,50,9,34.4
2017-09-18,50,9.3,NA
2017-09-24,50,0.1,34.125
2017-09-24,50,0.8,NA
2017-09-24,50,1.6,34.125
2017-09-24,50,2.8,NA
2017-09-24,50,3.8,34.125
2017-09-24,50,5,34.125
2017-09-24,50,5.2,NA
2017-09-24,50,5.5,NA
2017-09-24,50,5.8,NA
2017-09-24,50,6,NA
2017-09-24,50,6.2,34.125
2017-09-24,50,8,34.125
2017-09-24,50,9,34.125
2017-09-24,50,9.3,NA
2017-10-08,50,0.1,33.85
2017-10-08,50,0.8,NA
2017-10-08,50,1.6,33.85
2017-10-08,50,2.8,NA
2017-10-08,50,3.8,33.85
2017-10-08,50,5,33.85
2017-10-08,50,5.2,NA
2017-10-08,50,5.5,NA
2017-10-08,50,5.8,NA
2017-10-08,50,6,NA
2017-10-08,50,6.2,33.85
2017-10-08,50,8,33.85
2017-10-08,50,9,33.85
2017-10-08,50,9.3,NA
2017-10-15,50,0.1,33.575
2017-10-15,50,0.8,NA
2017-10-15,50,1.6,33.575
2017-10-15,50,2.8,NA
2017-10-15,50,3.8,33.575
2017-10-15,50,5,33.575
2017-10-15,50,5.2,NA
2017-10-15,50,5.5,NA
2017-10-15,50,5.8,NA
2017-10-15,50,6,NA
2017-10-15,50,6.2,33.575
2017-10-15,50,8,33.575
2017-10-15,50,9,33.575
2017-10-15,50,9.3,NA
2017-10-16,50,0.1,33.3
2017-10-16,50,0.8,NA
2017-10-16,50,1.6,33.3
2017-10-16,50,2.8,NA
2017-10-16,50,3.8,33.3
2017-10-16,50,5,33.3
2017-10-16,50,5.2,NA
2017-10-16,50,5.5,NA
2017-10-16,50,5.8,NA
2017-10-16,50,6,NA
2017-10-16,50,6.2,33.3
2017-10-16,50,8,33.3
2017-10-16,50,9,33.3
2017-10-16,50,9.3,NA
