"Date","Site","Depth","Chla_sqrt","Chla_ARlag1_sqrt","Temp_C","DO_mgL","SpCond_uScm","Turb_NTU_log","Kd","TP_log","TN_log","NH4_log","NO3NO2_log","SRP_log","DOC_log","TP_inf_log","TN_inf_log","NH4_inf_log","DOC_inf_log","NO3NO2_inf","SRP_inf","NH4NO3_SRP_inf","NO3NO2_load","SRP_load","TN_TP_log","NH4NO3NO2_SRP_log","TN_TP_inf_log","TN_load_log","TP_load_log","NH4_load_log","DOC_load_log","mean_wrt_log","flow_max_log","flow_min","flow_median","mean_flow","Temp_inf_mean","Temp_inf_max","Temp_inf_min","Total_chlorophyll_log","greens_log","cyano_log","diatoms_log","crypto_log","RelHum_max_log","AirTemp_max_log","AirTemp_mean_log","AirTemp_median_log","Rain_sum_log","WindSpeed_max_log","WindSpeed_mean_log","windspeed_median_log","RelHum_mean","RelHum_median","ShortWave_max","ShortWave_mean","week_julian","week_series","week_cum"
"2013-05-02",50,0.1,0.5,NA,16.802,8.93689,37.42304944,0.0445908833278752,NA,3.58073729549423,NA,NA,NA,NA,NA,NA,NA,NA,NA,NA,NA,NA,NA,NA,NA,NA,NA,NA,NA,NA,NA,NA,NA,NA,NA,NA,NA,NA,NA,NA,NA,NA,NA,NA,4.57504238317042,2.94074725576509,2.70110929173647,2.69631432734566,-Inf,1.63253222442229,1.37225703656933,1.38774275544024,81.4064546679167,82.477547885,593.4249878,201.298415940542,17,1,1
"2013-05-09",50,0.1,0.267207784317748,0.5,14.6519,8.77974,36.60589491,-1.66283868916122,NA,3.08648663682246,NA,NA,NA,NA,NA,NA,NA,NA,NA,NA,NA,NA,NA,NA,NA,NA,NA,NA,NA,NA,NA,NA,NA,NA,NA,NA,NA,NA,NA,NA,NA,NA,NA,NA,4.55410368714365,3.18883031241846,2.82013891654806,2.85503379662972,-8.26721298614847,1.54767338320751,1.32513996203206,1.28371572383672,73.17167387375,69.14033893,892.3590088,286.3748726875,18,2,2
"2013-05-14",50,0.1,1.15974135047432,0.267207784317748,15.7607,8.67911,36.76630501,1.03843756563204,NA,3.10458667846607,NA,NA,NA,NA,NA,NA,NA,NA,NA,NA,NA,NA,NA,NA,NA,NA,NA,NA,NA,NA,NA,NA,NA,NA,NA,NA,NA,NA,NA,NA,NA,NA,NA,NA,4.24473533588131,2.9396907536381,2.46466922039659,2.52252356231597,-Inf,1.56904324472174,1.24756095953765,1.1966958126806,52.4473561341667,51.31684532,877.651001,268.2972078325,19,3,3
"2013-05-21",50,0.1,1.20337026720789,1.15974135047432,18.9194,9.12374,36.97787549,0.234123055357218,NA,3.1925318495286,NA,NA,NA,NA,NA,3.71600812150219,NA,NA,NA,NA,NA,NA,NA,NA,NA,NA,NA,NA,0.0804595122816477,NA,NA,4.92240698678021,-3.48466365756759,0.0212244267122472,0.0270527854571265,0.0263694638874329,15.25625,16.69,14.13,NA,NA,NA,NA,NA,4.58305585676677,3.40850379536212,3.16242932295881,3.16399791129793,-Inf,1.31515605026933,1.05817090754161,1.02065105062178,81.25340166,84.52529758,909.427002,307.610083100417,20,4,4
"2013-05-30",50,0.1,1.22947143114429,1.20337026720789,22.1139,8.63825,37.61010353,-0.00471107973011922,NA,3.10458667846607,NA,NA,NA,NA,NA,3.59731226058845,NA,NA,NA,NA,NA,NA,NA,NA,NA,NA,NA,NA,-0.733110212735681,NA,NA,5.61203032943593,-4.16906793437254,0.0110930403721045,0.01302105268443,0.0131619857274519,16.7998958333333,18.44,15.44,NA,NA,NA,NA,NA,4.40396180388727,3.40485868025429,3.18190081251624,3.17471523531148,-Inf,1.45705765831131,1.26050625976937,1.25449376508814,66.0353484508333,68.60403696,919.4299927,319.717458724583,21,5,5
"2013-06-04",50,0.1,1.34651401775102,1.22947143114429,23.6841,8.40487,37.8518712,0.0445908833278752,NA,3.23080439573347,NA,NA,NA,NA,NA,3.58444443588455,NA,NA,NA,NA,NA,NA,NA,NA,NA,NA,NA,NA,-0.73690584630064,NA,NA,5.6028605256677,-4.2242755085159,0.0114703647093252,0.0134188559116226,0.013281937065762,16.4354166666667,17.5,15.38,NA,NA,NA,NA,NA,4.40978845960478,3.2737437895421,3.04917444403387,3.03974930490377,-Inf,1.47829297145302,1.24129673195397,1.21807192707732,69.4187838479167,73.215766925,913.2249756,323.2667072575,22,6,6
"2013-06-13",50,0.1,1.5247622765533,1.34651401775102,23.6155,8.96649,37.0997335,0.72730703220665,NA,3.07731226054641,NA,NA,NA,NA,NA,3.55820113047182,NA,NA,NA,NA,NA,NA,NA,NA,NA,NA,NA,NA,-0.263867312182664,NA,NA,5.11559450095046,-3.21791248121207,0.0189384961013892,0.0212244267122472,0.0218824913718019,17.817037037037,19.06,16.81,NA,NA,NA,NA,NA,4.48232682229104,3.42523953494485,3.22210410853187,3.20030453891601,-1.96423459284325,2.30575355610914,1.99230337842021,2.10153632893964,72.9866698420833,72.765924375,831.4520264,256.9517553625,23,7,7
"2013-06-20",50,0.1,1.37568164921976,1.5247622765533,22.9495,7.45937,37.5744161,-0.319241541359547,NA,3.60277675506052,NA,NA,NA,NA,NA,3.6163087612791,NA,NA,NA,NA,NA,NA,NA,NA,NA,NA,NA,NA,-0.676001557950655,NA,NA,5.57157513411563,-4.2242755085159,0.0122375191991045,0.0138206296719582,0.0136732990922902,17.1284375,17.94,16.56,NA,NA,NA,NA,NA,4.58499710129304,3.33005922283382,3.14039172991822,3.14069822849274,-Inf,1.47445656810891,1.16165846045195,1.08255874464837,78.88486586375,78.7785067,812.4630127,283.539333505417,24,8,8
"2013-06-27",50,0.1,0.607453701939498,1.37568164921976,25.412,9.16612,38.96194467,0.29847363352998,NA,3.14415227867226,NA,1.94591014905531,1.79175946922805,1.09861228866811,NA,3.72328088083127,NA,-Inf,NA,91,15,6.06666666666667,1.15672141531679,0.190668365162109,NA,1.46633706879343,NA,NA,-0.641988988388188,-Inf,NA,5.64586123015107,-4.25266044696013,0.0110930403721039,0.0126272600237991,0.0127112243441406,18.0690625,18.69,17.5,NA,NA,NA,NA,NA,4.50166505958616,3.36418852731799,3.20518270809708,3.20862300447568,-4.54931929324809,1.92599213386221,1.47997288347786,1.33702209032448,74.94378134875,76.030082985,736.9609985,254.584375705833,25,9,9
"2013-07-03",50,0.1,2.01362856555026,0.607453701939498,24.0484,8.03585,37.53140225,0.588342066193819,NA,3.6609942506244,NA,2.99573227355399,3.25809653802148,1.38629436111989,NA,4.23265617801961,NA,2.484906649788,NA,30,11,3.81818181818182,2.44942003606946,0.898120679892136,NA,2.4423470353692,NA,NA,1.72731007291985,-0.0204394553117633,NA,3.90427414840536,-1.66235168849297,0.0483609319391689,0.0668457686987056,0.0816473345356487,17.1885416666667,17.94,16.88,NA,NA,NA,NA,NA,4.60517018598809,3.20274768358795,3.05696486001266,3.03302749953067,0.156708312865071,1.13140208084594,0.802189051718267,0.836641404299854,92.6448897233333,94.103428655,551.4790039,185.628751110833,26,10,10
"2013-07-11",50,0.1,2.25348618810944,2.01362856555026,23.1061,6.2311,35.11698179,2.18992018733658,NA,4.01638302075239,NA,3.2188758248682,2.89037175789616,1.38629436111989,NA,3.8877303128591,NA,2.39789527279837,NA,31,10,4.2,2.31743135295462,0.747558500953102,NA,2.37490575457367,NA,NA,1.29420250523006,-0.195632534830675,NA,3.97666561147418,-2.0764015835141,0.044134314983274,0.0676108175379501,0.0747558500953102,17.1228125,17.56,16.75,NA,NA,NA,NA,NA,4.56560174450432,3.42230662359298,3.25552928955993,3.24843557526464,-2.09549283722765,1.12627705628678,0.691943756381288,0.664919835513243,77.23770819625,77.142957475,676.9619751,243.949708784583,27,11,11
"2013-07-18",50,0.1,1.78266654200947,2.25348618810944,26.7469,6.842,36.98504767,1.52329161570008,NA,3.4307561839037,NA,2.91777073208428,2.60268968544438,1.6094379124341,NA,3.76738251567892,NA,2.484906649788,NA,44.5,11,5.13636363636364,1.11406368579465,0.275386529072835,NA,1.85629799036563,NA,NA,0.0799076349546429,-1.20256823093628,NA,4.9669869471058,-3.60996530460566,0.0221628338211657,0.025057933003273,0.0250351390066214,18.5863541666667,19.5,17.94,NA,NA,NA,NA,NA,4.44603044530114,3.50885609683524,3.36208112334328,3.36591558858105,-Inf,1.23390141623771,0.773409681577156,0.721037996854979,69.9011176995833,72.57304833,835.1530151,272.598583383333,28,12,12
"2013-07-29",50,0.1,1.64854481285769,1.78266654200947,24.4282,5.62939,37.71748094,0.642748222976093,NA,3.17387845893747,NA,1.09861228866811,1.79175946922805,1.09861228866811,NA,3.96271611974366,NA,-Inf,NA,66,13,5.07692307692308,1.00612305901473,0.198175754048355,NA,1.09861228866811,NA,NA,-0.220834233021975,-Inf,NA,5.46620141598442,-4.03933365173772,0.0134188559116226,0.0154666693585698,0.0152442887729504,17.2863541666667,18.25,16.38,NA,NA,NA,NA,NA,4.40913386691756,3.31272986683641,3.09062605607094,3.06991107655629,-Inf,1.32614538488491,0.926135798325834,0.926959771522984,61.9102367495833,59.57990367,925.375,325.63183435375,29,13,13
"2013-08-01",50,0.1,1.71805122158799,1.64854481285769,23.2921,7.1313,37.68700257,0.29847363352998,NA,3.93182563272433,NA,1.6094379124341,1.38629436111989,1.38629436111989,NA,4.3732381286408,NA,1.94591014905531,NA,56,13,4.84615384615385,0.832309738278617,0.193214760671822,NA,0.810930216216329,NA,NA,0.164335812050003,-2.26299216753548,NA,5.49138662014269,-4.03933365173772,0.0122375191991045,0.0150493911148339,0.0148626738978324,17.3035416666667,18.44,16.5,NA,NA,NA,NA,NA,4.5409945903451,3.34356831190461,3.1410405356986,3.12280538297788,-1.81336725708662,1.34372303271944,0.987247434444153,0.982931144925928,77.9518457216667,76.294312695,735.0050049,249.102454660833,30,14,14
"2013-08-12",50,0.1,0.87960218280766,1.71805122158799,27.0352,5.39555,38.24642281,0.448524597568611,NA,3.15700042115011,NA,1.94591014905531,1.38629436111989,1.09861228866811,NA,3.60004824040732,NA,1.94591014905531,NA,59.14285714,15.14285714,4.36792452893734,0.824720376181239,0.21116028952401,NA,1.29928298413026,NA,NA,-0.672618472376416,-2.32675656372842,NA,5.56044174724944,-4.14220788091504,0.0110930403721039,0.014226335107487,0.0139445474240279,19.0270833333333,19.94,18.38,NA,NA,NA,NA,NA,4.58646235547915,3.44457645574604,3.23764861204469,3.24395874820425,-3.41898667707184,1.40611200325433,0.946789775736385,0.986753691877939,75.7985593745833,76.30922393,864.3889771,284.343541269292,31,15,15
"2013-08-18",50,0.1,1.13844923777918,0.87960218280766,25.93753333,6.30392,38.70419208,0.260387953620318,NA,2.98568193770049,NA,1.92181259742747,1.4663370687165,1.15267951004365,NA,3.61899332664977,NA,1.94591014905531,NA,52.28571429,14.28571429,4.149999999055,1.03925159578576,0.283948523500641,NA,1.26025364005956,NA,NA,-0.299229023112095,-1.97231220070655,NA,5.25649211312476,-3.35321167711068,0.014226335107487,0.0173912603821465,0.019876396639082,16.0686458333333,16.38,15.81,NA,NA,NA,NA,NA,4.60517018598809,3.0842009215416,2.95664524186494,2.9486420415433,-2.85594250547901,1.34189243477312,0.863505114948078,0.759905292130037,96.3179352791667,96.508595015,313.4570007,90.912541621375,32,16,16
"2013-08-23",50,0.1,1.34849298589203,1.13844923777918,24.83986667,7.21229,39.16196135,0.0284578731404654,NA,2.77881927199042,NA,1.89711998493588,1.54044504101858,1.20397280422594,NA,3.63758615972639,NA,1.94591014905531,NA,45.42857143,13.42857143,3.90425531883997,0.462371320092883,0.136675799031409,NA,1.22377543178094,NA,NA,-0.949942061598044,-2.64161807226912,NA,5.87064120211262,-4.28159289931014,0.00857307141360553,0.00998664707111392,0.0101779850331711,18.065,18.88,17.38,NA,NA,NA,NA,NA,4.48907876489468,3.2461016686539,3.14456560557929,3.15059698411491,-3.5669025583291,1.17090291785878,1.00424289218002,1.06896281202577,79.2641425454167,80.63503467,497.5960083,165.465293727083,33,17,17
"2013-08-28",50,0.1,1.52996731991242,1.34849298589203,23.7422,8.12066,39.61973062,-0.274042186747746,NA,3.29953372788566,NA,1.87180217690159,1.6094379124341,1.25276296849537,NA,3.65583960003574,NA,1.94591014905531,NA,38.57142857,12.57142857,3.6250000002983,0.366215340956769,0.119359074080471,NA,1.18958406687384,NA,NA,-1.00120596519901,-2.71113541617943,NA,5.94620894175109,-4.22427550851594,0.00789371076278085,0.00927087523964406,0.00949447180293456,18.3145833333333,18.75,18,NA,NA,NA,NA,NA,4.50318620319955,3.3357695763397,3.17370432969137,3.16505286346405,-3.22167972713074,1.60542989485182,1.40653426036412,1.42021826140001,81.87332128875,81.976878155,443.4899902,142.563081065,34,18,18
"2013-09-06",50,0.1,1.52259646656624,1.52996731991242,22.6039,8.020406667,40.1559606,-0.274042186747746,NA,3.19867311755068,NA,1.8458266904457,1.67397643350917,1.29928298422117,NA,3.67376581630389,NA,1.94591014905531,NA,31.71428571,11.71428571,3.30487804962374,0.197361933224652,0.0728994527958902,NA,1.15745278854299,NA,NA,-1.40571742776411,-3.13357309501268,NA,6.36818225429962,-4.8847378222106,0.00479334413034044,0.00627949197825056,0.00622312402143811,17.1275,17.94,16.19,NA,NA,NA,NA,NA,4.38783345192966,3.24921154581276,3.04650503403623,3.01357192203592,-Inf,1.39700692961394,1.13243796047286,1.18580600681036,68.3904118916667,71.89384174,652.5369873,204.592458989625,35,19,19
"2013-09-13",50,0.1,1.51518975709315,1.52259646656624,21.4656,7.920153333,40.69219059,-0.274042186747746,NA,3.58351893845611,NA,1.81915844347022,1.73460105544693,1.34373474661414,NA,3.69137633431252,NA,1.94591014905531,NA,24.85714286,10.85714286,2.93421052580679,0.524752252570234,0.22920213334051,NA,1.12718566125546,NA,NA,-0.166597843598153,-1.91206402885536,NA,5.13765279026417,-3.70634188630523,0.0189384961013892,0.0212244267122472,0.0211107228021231,19.1359375,20.13,17.56,NA,NA,NA,NA,NA,4.51352743432049,3.22803516574354,3.01217978755,2.98644058192788,-Inf,2.110672126539,1.62174491394172,1.41507075954785,67.5525143066667,65.439954255,795.9719849,236.597081820833,36,20,20
"2013-09-18",50,0.1,1.50774666307042,1.51518975709315,20.3273,7.8199,41.22842058,-0.274042186747746,NA,3.3322045101752,NA,1.79175946922805,1.79175946922805,1.38629436111989,NA,3.70868208141012,NA,1.94591014905531,NA,18,10,2.5,0.355729282358371,0.197627379087984,NA,1.09861228866811,NA,NA,-0.215274956713021,-1.97804688906782,NA,5.20324530612527,-3.8093385452625,0.0176092023684709,0.0198424387431003,0.0197627379087984,15.810625,16.63,14.81,NA,NA,NA,NA,NA,4.4636871520642,3.07454384861776,2.76634593172023,2.85647301253838,-Inf,1.26786722416855,0.871488202557768,0.849428350851252,72.3809185479167,75.204335355,571.0159912,174.008082070417,37,21,21
"2013-09-25",50,0.1,1.77820133843162,1.50774666307042,19.4967,8.20233,41.05397132,0.323025084723777,NA,2.41591377830105,NA,2.56494935746154,1.38629436111989,1.6094379124341,NA,3.84374416467485,NA,1.98100146886658,NA,14.5,9.75,2.23076923076923,0.28919758260112,0.194460443473167,NA,1.22377543162212,NA,NA,-0.0710496324014283,-1.9337923282097,NA,5.19452703994928,-3.76728748026326,0.0180487129788194,0.0198424387431003,0.0199446608690428,16.4639583333333,17.06,15.75,NA,NA,NA,NA,NA,4.44316402041619,3.16420873277806,2.96752574702328,2.96449975992865,-5.21030648922532,0.927030588989224,0.308535537895919,0.251923925999429,69.7730600983333,69.505007545,654.2999878,162.926374555417,38,22,22
"2013-10-04",50,0.1,1.95462698922326,1.77820133843162,18.85436667,8.344043333,41.10124779,0.362743161905582,NA,2.48768057639372,NA,2.484906649788,1.38629436111989,1.6094379124341,NA,NA,NA,2.01490302054226,NA,11,9.5,1.94736842105263,0.196965259401077,0.170106360391839,NA,1.16315080980568,NA,NA,NA,-2.00772016626931,NA,5.30312709360313,-3.91993226416035,0.0158877345258808,0.0180487129788187,0.0179059326728252,17.9701041666667,19.13,17.13,NA,NA,NA,NA,NA,4.47093013684012,3.33363214918493,3.12533422789221,3.11551295991024,-Inf,1.21434449391979,0.890004328645215,0.927837916384534,68.5953100933333,67.94307202,608.8729858,173.269041379167,39,23,23
"2013-10-11",50,0.1,2.11639630811434,1.95462698922326,18.21203333,8.485756667,41.14852425,0.400943791007633,NA,2.55463998806174,NA,2.39789527279837,1.38629436111989,1.6094379124341,NA,NA,NA,2.04769284336526,NA,7.5,9.25,1.64864864864865,0.146788825360365,0.181039551277784,NA,1.09861228866811,NA,NA,NA,-1.88597046439952,NA,5.21383027943086,-3.70634188630523,0.0171733183958222,0.0193887113723248,0.019571843381382,15.8492708333333,16.69,15.06,NA,NA,NA,NA,NA,4.58673590571397,3.06572635259868,2.81023139745128,2.80548104434583,-Inf,1.31369476141564,1.06009595787487,1.04411800059742,86.8392380954167,91.0214364,354.2449951,88.0824995045833,40,24,24
"2013-10-16",50,0.1,2.26664950973899,2.11639630811434,17.5697,8.62747,41.19580072,0.43773866865846,NA,2.61739583283408,NA,2.30258509299405,1.38629436111989,1.6094379124341,NA,NA,NA,2.07944154167984,NA,4,9,1.33333333333333,0.0695917475210926,0.156581431922458,NA,1.02961941718116,NA,NA,NA,-1.97196210821105,NA,5.33300186710897,-3.8971515735934,0.0150493911148346,0.0171733183958222,0.0173979368802731,15.4340625,16.31,14.63,NA,NA,NA,NA,NA,4.57721184501688,3.14630486966774,2.88696347246498,2.92073939313826,-8.21265400189803,1.08710872769733,0.395856743145771,0.301883141375601,75.3528904641667,74.20707344,540.5150146,142.5655037575,41,25,25
"2013-10-23",50,0.1,2.20993212565454,2.26664950973899,15.1589,8.43282,41.59702035,0.958046690114482,NA,2.60145435458917,NA,2.07944154167984,1.6094379124341,1.6094379124341,NA,NA,NA,2.19722457733622,NA,4,9,1.44444444444444,0.0718847939123028,0.161740786302681,NA,0.955511445027436,NA,NA,NA,-1.82176030980358,NA,5.30705447629847,-3.59141139006554,0.014226335107487,0.0176092023684717,0.0179711984780757,12.3072916666667,13.19,10.38,NA,NA,NA,NA,NA,4.55901325921893,2.54631795659644,2.28365788656043,2.3321435986336,-4.28901728156062,2.25854204038991,1.6861988858111,1.74408051322558,74.05133928125,73.14887521,407.5079956,106.761916644167,42,26,26
"2013-10-30",50,0.1,2.33223069184847,2.20993212565454,13.3158,9.20845,42.26549537,0.77481932920397,NA,2.58525462387354,NA,2.99573227355399,1.94591014905531,1.38629436111989,NA,NA,NA,2.63905732961526,NA,8,16,1.375,0.132661041559318,0.265322083118636,NA,1.90954250488444,NA,NA,NA,-1.46034217563595,NA,5.38117848977276,-3.94306427029993,0.013820629671959,0.0163125528597479,0.0165826301949148,13.1554166666667,14.06,12.44,NA,NA,NA,NA,NA,4.5766846242219,2.9396907536381,2.73517895099925,2.73696229589168,-4.37329685036489,1.3178293833975,1.06201186059858,1.09783572371959,87.2054713591667,87.132150545,327.0270081,73.571625035,43,27,27
"2014-05-06",50,0.1,0.73729234364667,2.33223069184847,16.4702,9.47371,32.98461432,0.29847363352998,NA,2.484906649788,5.20857499086486,2.80336038090653,1.6094379124341,1.04145387471051,0.641853886172395,NA,NA,2.59026716519583,0.693147180559945,13,1.833333333,14.3636363644298,1.22606258898349,0.172906262517516,2.72366834107686,2.0265990604231,NA,NA,NA,0.229125695318387,-1.66799428931749,3.63916605270417,-2.32412013974359,0.0894660807348132,0.094784671619937,0.0943125068448838,14.0163541666667,15.75,12.75,0.0392207131532813,-1.57664808799821,-0.755022584278033,-1.83258146374831,-Inf,4.52415721547843,3.22644694506876,2.88335686294292,2.91506387428045,-7.73055566776895,1.3905047507266,0.583559026202899,0.278612419208221,74.87603519875,76.659817645,724.9790039,252.896497607958,17,1,28
"2014-05-07",50,0.1,0.821279489577087,0.73729234364667,17.578,9.01656,33.8776575,0.234123055357218,NA,2.45100509811232,5.17990913568535,2.63905732961526,1.38629436111989,0.980829253136726,0.641853886172395,NA,NA,2.45673577310702,0.693147180559945,13,1.666666667,14.79999999904,1.24095934234198,0.159097351614125,2.72890403757304,1.90954250475944,NA,NA,NA,0.107671159318356,-1.65591743322871,3.62675863778006,-2.31621900152323,0.0932546425335454,0.0955527929721967,0.0954584109493834,14.5348958333333,15.81,13.88,0.343589704390077,-0.883500909857616,-1.30933331998376,-1.13943428318836,-Inf,4.57734723146079,3.27336354765216,2.9900915726708,2.98163387554352,-Inf,1.70148122182344,1.26172631554017,1.21726409394597,82.5820103908333,85.750406455,769.5050049,272.990795253917,18,2,29
"2014-05-19",50,0.1,0.904046458983165,0.821279489577087,17.4641,8.81669,32.12006,0.490480049100561,NA,2.53844741671603,5.19849703126583,1.38629436111989,0.693147180559945,1.09861228866811,0.693147180559945,NA,NA,2.39789527279837,0.641853886172395,14,4,6.25,1.34371092537059,0.383917407248741,2.6600496145498,0.693147180559945,NA,NA,NA,0.0542730768601767,-1.7017683097658,3.62130734656461,-2.31621900152323,0.0932546425335454,0.096322978102235,0.0959793518121853,15.476875,16.38,14.69,0.307484699747961,0.154864710560915,-2.46510402249182,0.332894415273329,-1.71479842809193,4.23297111274757,2.99372953691511,2.68566292956498,2.73176736378703,-Inf,1.19304473337566,0.653843163406982,0.57291285450715,59.2186224475,60.05292014,840.4260254,272.888629674583,19,3,30
"2014-05-22",50,0.1,0.963535157635672,0.904046458983165,20.0705,8.80407,32.35753672,-0.0746157933807899,NA,2.60564826748413,5.09375020080676,1.70474809223843,0.693147180559945,1.38629436111989,0.667829372575655,NA,NA,2.2512917986065,0.641853886172395,15,4,6.125,1.44036723882938,0.384097930354501,2.48810193332263,0.628608659422374,NA,NA,NA,-0.0918602944568077,-1.70129820689091,3.62114866104003,-2.29276227121842,0.091732935868125,0.0955527929721967,0.0960244825886252,17.1725,17.94,16.63,0.254642218373581,0.230119165050635,-2.43611648561857,0.436640725576614,-1.56064774826467,4.47378576742161,3.37588040820743,3.13286426969013,3.12236586567634,-Inf,1.99079321343445,1.60596808260618,1.54725049334215,69.5786526404167,70.272355235,903.1119995,314.0380429425,20,4,31
"2014-06-02",50,0.1,1.33764718816286,0.963535157635672,21.6818,8.95817,31.87351983,-0.366436721140686,NA,2.71469474382088,5.31320597904179,1.6094379124341,1.38629436111989,1.38629436111989,0.641853886172395,NA,NA,2.484906649788,0.741937344729377,25,5,7.4,2.48715777177229,0.497431554354457,2.59851123522091,0.810930216216329,NA,NA,NA,0.177171426318507,-1.56579787874012,3.58563637906265,-2.26966671235727,0.094784671619937,0.0994242467499543,0.0994863108708914,18.2266666666667,19.13,17.38,-0.82098055206983,0.598836501088704,-1.71479842809193,0.500775287912489,0.657520002916794,4.38397339038972,3.3181783797993,3.01383837817362,3.02091200675015,-Inf,1.56143134200489,1.20872232626878,1.21949154002375,66.8620876958333,71.062819555,912.3759766,323.903457642083,21,5,32
"2014-06-09",50,0.1,0.895209472693403,1.33764718816286,22.9926,8.24252,32.14074108,-0.342631163936797,NA,3.16968558067743,5.11198778835654,1.79175946922805,0.693147180559945,1.6094379124341,0.641853886172395,NA,NA,2.63905732961526,0.641853886172395,49,10,6.3,4.74133435128567,0.967619255364423,1.94230220767911,0.470003629245736,NA,NA,NA,0.303555636305531,-1.69364780713733,3.61338503912972,-2.29276227121842,0.093254642533544,0.0967090997984823,0.0967619255364423,19.9798958333333,20.56,19.44,0.173953307123438,-0.083381608939051,-1.66073120682165,-0.0202027073175195,0.19062035960865,4.57839357159116,3.43527677392326,3.20818576133493,3.22704221812375,-6.01739792913449,1.39660297307975,1.08065009158412,1.10027852672215,73.1885859725,70.753346785,908.0250244,294.60054095125,22,6,33
"2014-06-16",50,0.1,0.747930478052606,0.895209472693403,24.1882,8.27992,32.0795039,-0.552168587300373,NA,2.9618307217059,5.37017280364846,3.52636052461616,1.09861228866811,1.6094379124341,0.78845736036427,NA,NA,2.19722457733622,0.641853886172395,36,6,7.5,3.44255867259177,0.573759778765295,2.40834208194257,2.00148000021012,NA,NA,NA,-0.150079366044815,-1.70545005720864,3.62550090970187,-2.30054049550855,0.0902195973915888,0.0955527929721967,0.0956266297942159,21.5202083333333,22.38,20.88,0.285178942233662,-1.23787435600162,-1.71479842809193,-0.527632742082372,-0.49429632181478,4.40223735381181,3.4682331255793,3.26874515719282,3.29212753456241,-7.05950883420967,1.45501095374535,1.10473537390068,1.09418326952691,63.7769443004167,65.7169963,824.4829712,268.70587316875,23,7,34
"2014-06-19",50,0.1,0.975807358037436,0.747930478052606,25.7921,8.50906,32.347838,-1.2964536571201,NA,2.9839970175042,5.21085134076676,3.06805293513362,1.25276296849537,1.6094379124341,0.741937344729377,NA,NA,2.14006616349627,0.615185639090233,32.5,5.5,7.45454545454545,3.14137153116673,0.531616720658985,2.22685432326256,1.6094379124341,NA,NA,NA,-0.196514427920512,-1.72139495232655,3.6144779391427,-2.29276227121842,0.093254642533544,0.0970952214947282,0.0966575855743609,22.1715625,22.69,21.75,-0.0943106794712413,-0.0725706928348354,-2.20727491318972,0.00498754151103897,-0.210721031315653,4.41638412165776,3.48706910877527,3.27829214003491,3.27733334841072,-Inf,1.98553541182341,1.6388336881513,1.54094467311021,62.9717380533333,62.02074779,874.0369873,286.98841556375,24,8,35
"2014-06-25",50,0.1,1.47719328457721,0.975807358037436,25.306,8.17342,32.75516118,-0.319241541359547,NA,2.87073578337931,5.37897526956549,1.87180217690159,0.693147180559945,1.79175946922805,0.765467842139571,NA,NA,2.01490302054226,0.667829372575655,27.5,5.5,6.36363636363636,2.65201676508426,0.530403353016853,2.50823948618619,0.348306694268218,NA,NA,NA,-0.32396259015081,-1.67103623811742,3.61704109219741,-2.26204654539481,0.091732935868125,0.096322978102235,0.0964369732757915,23.4425,23.94,22.88,-0.210721031315653,0.209720530711799,-2.20727491318972,0.312374685286055,-0.178329535126011,4.52233773330036,3.34038541513113,3.17190656809517,3.13527698690185,-3.81417060526064,1.60177146316675,1.27086080202284,1.25060723728992,78.30107485625,82.19050528,641.2800293,205.115876355833,25,9,36
"2014-07-02",50,0.1,0.959426912276282,1.47719328457721,26.5658,8.18846,32.88923586,-0.939047718996771,-1.186084294,2.52172062291072,5.63716772569298,1.6094379124341,0,2.07944154167984,0.624154309251565,NA,NA,2.19722457733622,0.676340062413056,24,8,4.125,2.34455850602182,0.781519502007274,3.11544710278226,-0.287682072451781,NA,NA,NA,-0.128732139191739,-1.6496166541149,3.6039157743586,-2.29276227121842,0.094784671619937,0.0970952214947295,0.0976899377509092,24.4198958333333,25.06,23.88,0.694812459712617,-0.385662480811985,-1.06905348739744,-0.00668898848636704,-0.527632742082372,4.41318253260218,3.5865701058515,3.4007528367417,3.4011971783288,-4.36911830677317,1.67888043913099,1.22019198721569,1.19459025621014,58.9630524995833,57.17909791,880.4680176,310.57933790875,26,10,37
"2014-07-09",50,0.1,1.0330537256116,0.959426912276282,25.3279,7.79643,32.65445574,-0.709886504564243,NA,2.64853607333395,5.58911956633606,1.6094379124341,0,2.01490302054226,0.741937344729377,NA,NA,2.484906649788,0.717839793150317,27,8.5,4.58823529411765,2.64369189497577,0.832273374344225,2.94058349300211,-0.22314355131421,NA,NA,NA,0.161246169094844,-1.60582068754284,3.60199963351019,-2.1806843088104,0.0940186196053601,0.0974823695865316,0.0979145146287323,23.5197916666667,24,23.19,0.395414772254663,0.0769610411361284,-0.903868211875598,0.22314355131421,0.296394013053802,4.38581038973561,3.42946116352602,3.24343852835408,3.25076227390097,-1.65097265569107,1.68090939719303,1.38871656959878,1.35806272295013,64.50964815375,67.32172476,680.1779785,240.942833263333,27,11,38
"2014-07-16",50,0.1,1.2050311199301,1.0330537256116,25.6007,7.94724,32.45668643,-0.709886504564243,NA,2.69462718077007,5.20290718174338,0.916290731874155,0,2.30258509299405,0.854415328156068,NA,NA,2.91777073208428,0.78845736036427,41,7,8.5,3.87125102405244,0.66094529678944,2.50828000097331,-1.04982212449868,NA,NA,NA,0.557776382212805,-1.5715369895072,3.63779590187305,-2.30835926397991,0.0894660807348132,0.094784671619937,0.0944207566842058,23.0546875,23.69,22.44,-0.174353387144778,0.473123756581979,-0.519193873436507,0.590560591784844,0.727548607277278,4.45297938411141,3.33006031517409,3.08962117421718,3.06805265118009,-Inf,1.47476562786837,1.27292595034717,1.30958632517025,55.2617643408333,50.48499576,946.1469727,335.919164650417,28,12,39
"2014-07-16",50,0.1,1.2050311199301,1.15628716156498,25.6007,7.94724,32.45668643,-0.709886504564243,NA,2.69462718077007,5.20290718174338,0.916290731874155,0,2.30258509299405,0.854415328156068,NA,NA,2.91777073208428,0.78845736036427,41,7,8.5,3.87125102405244,0.66094529678944,2.50828000097331,-1.04982212449868,NA,NA,NA,0.557776382212805,-1.5715369895072,3.63779590187305,-2.30835926397991,0.0894660807348132,0.094784671619937,0.0944207566842058,23.0546875,23.69,22.44,-0.174353387144778,0.473123756581979,-0.519193873436507,0.590560591784844,0.727548607277278,4.45297938411141,3.33006031517409,3.08962117421718,3.06805265118009,-Inf,1.47476562786837,1.27292595034717,1.30958632517025,55.2617643408333,50.48499576,946.1469727,335.919164650417,28,12,39
"2014-07-23",50,0.1,1.15628716156498,1.2050311199301,25.0366,8.15769,32.93717194,-0.709886504564243,NA,2.63905732961526,5.02814771918089,2.01490302054226,0.405465108108164,2.2512917986065,0.854415328156068,NA,NA,2.77258872223978,0.78845736036427,43,6,9.83333333333333,3.78269269787297,0.527817585749717,2.38909038956563,-0.0540672212702754,NA,NA,NA,0.341824716508726,-1.64230664536678,3.70915301368641,-2.33206311710253,0.0835143968885665,0.0872182119157758,0.0879695976249528,24.39125,25.06,23.56,0.0629747991613884,0.615185639090233,-0.0779615414697118,0.729961153682662,0.598836501088704,4.47877654540897,3.54645135547574,3.33123693472502,3.32215509910482,-Inf,1.63559940724954,1.25396520173757,1.22094487643669,62.4301859283333,60.70849236,833.4429932,286.887955828333,29,13,40
"2014-08-04",50,0.1,1.2050311199301,1.0330537256116,23.715,8.20116,32.50788631,0.0916671885258239,NA,2.55722731136763,5.14633100955016,0.693147180559945,1.09861228866811,1.6094379124341,0.741937344729377,NA,NA,2.63905732961526,0.741937344729377,33,9,5.22222222222222,2.87089149304317,0.782970407193592,2.58910369818253,0,NA,NA,NA,0.197172374440148,-1.69994761044574,3.71979802109335,-2.40550860953024,0.0827800843904082,0.0872182119157758,0.0869967119103992,22.6192134831461,23.81,21.44,0.548121408509688,0.2390169004705,0.343589704390077,1.14740245283754,1.37118072330984,4.41063769535315,3.46979013515702,3.24655609201947,3.24317809357699,-Inf,1.59553852189893,1.07270817188684,1.01737235427125,60.4297694391667,60.733824505,877.3510132,292.542916933333,30,14,41
"2014-08-04",50,0.1,1.2050311199301,1.15628716156498,23.715,8.20116,32.50788631,0.0916671885258239,NA,2.55722731136763,5.14633100955016,0.693147180559945,1.09861228866811,1.6094379124341,0.741937344729377,NA,NA,2.63905732961526,0.741937344729377,33,9,5.22222222222222,2.87089149304317,0.782970407193592,2.58910369818253,0,NA,NA,NA,0.197172374440148,-1.69994761044574,3.71979802109335,-2.40550860953024,0.0827800843904082,0.0872182119157758,0.0869967119103992,22.6192134831461,23.81,21.44,0.548121408509688,0.2390169004705,0.343589704390077,1.14740245283754,1.37118072330984,4.41063769535315,3.46979013515702,3.24655609201947,3.24317809357699,-Inf,1.59553852189893,1.07270817188684,1.01737235427125,60.4297694391667,60.733824505,877.3510132,292.542916933333,30,14,41
"2014-08-06",50,0.1,1.04264087777144,1.2050311199301,24.2232,8.13997,32.60398745,0.0445908833278752,NA,2.55980795770339,5.11948969900834,0.693147180559945,1.32175583998232,1.55814461804655,0.75377180237638,NA,NA,2.56494935746154,0.765467842139571,35.25,8.75,5.51428571428571,3.07136525558036,0.762395630817821,2.55968174130495,0.191055236762706,NA,NA,NA,0.124605999606874,-1.67487551571509,3.71833705636352,-2.38887379443338,0.0835143968885652,0.0868456906209993,0.0871309292363224,23.60125,24.31,22.69,0.483968169596108,0.186479566942618,0.285178942233662,1.03939292900814,1.23256026117785,4.2028122762354,3.458836930775,3.28896167522497,3.26423143331682,-5.55233258152933,1.90435800321802,1.15603813087245,1.10308235020666,50.19837951875,51.21177024,764.1300049,270.984499935833,31,15,42
"2014-08-13",50,0.1,1.26130884401878,1.04264087777144,22.5351,8.08226,32.15404422,1.1292708096219,NA,3.02042488614436,5.08574276658306,1.25276296849537,1.6094379124341,1.70474809223843,0.832909122935104,NA,NA,2.19722457733622,0.78845736036427,36,7.5,6,3.54171851196493,0.737858023326027,2.0653178804387,0.435318071257849,NA,NA,NA,-0.121682296412214,-1.53044951338416,3.59811371615791,-2.21712101596945,0.0909752177161759,0.0994242467499536,0.0983810697768036,20.591875,21.19,20.06,0.048790164169432,-0.156653810045377,0,0.40212620684265,0.340037302785709,4.52777164254578,3.30725485749036,3.11408962072491,3.07685115609741,-5.00231004535027,2.05144483158807,1.67894439406855,1.61942338326391,63.9026058829167,62.428907875,932.0599976,318.430749137875,32,16,43
"2014-08-21",50,0.1,1.30460722058403,1.26130884401878,24.1502,8.54089,32.32866234,0.931967211259163,NA,2.7408400239252,5.12634210180823,1.4663370687165,1.67397643350917,1.8458266904457,0.8754687373539,NA,NA,2.484906649788,0.741937344729377,32,7.666666667,5.73913043453308,2.78730390267458,0.667791560044819,2.38550207788303,0.422856850803697,NA,NA,NA,0.0442455324836251,-1.698723772575,3.718893100702,-2.38887379443338,0.0813179604810465,0.0872182119157758,0.0871032469585805,23.3060416666667,24.19,22.56,0.461635379785303,0.719464488714981,0.22314355131421,0.451075619360217,0.71131448467906,4.43957648362922,3.51005196893595,3.28153800642175,3.25173136669294,-2.29231005248853,1.60763663691097,1.27298708154545,1.2353826847404,63.0614768466667,64.28424812,829.1749878,265.8497491725,33,17,44
"2014-08-30",50,0.1,1.44046867373088,1.30460722058403,25.094,8.133495,32.52121723,-0.659905846780143,NA,2.75366071235426,5.10715686108688,1.38629436111989,1.50407739677627,1.79175946922805,0.810930216216329,NA,NA,2.60268968544438,0.667829372575655,53.5,10,6.7,2.6953587704411,0.503805377652543,2.35349614873262,0.348306694268218,NA,NA,NA,-0.38546064848895,-2.32032096135768,4.26661882625508,-2.907387673132,0.0465337621546402,0.0502114097238969,0.0503805377652543,23.1355208333333,23.88,22.56,0.500775287912489,0.845868267577609,0.273836665629728,0.343589704390077,0.641853886172395,4.56819748062683,3.52312023761067,3.26880839873118,3.2451288856672,-3.60254033970884,1.63456012970677,1.15721332820005,1.21806821448536,71.58383872875,73.959786875,813.5629883,250.169414084583,34,18,45
"2014-09-03",50,0.1,1.53642442052969,1.44046867373088,26.5518,7.80148,32.8213243,-1.49968704847498,NA,2.30258509299405,5.09190801422499,1.38629436111989,1.09861228866811,1.79175946922805,0.741937344729377,NA,NA,2.56494935746154,0.587786664902119,74,12,7.25,3.42822080785996,0.555927698571886,2.78932292123095,0.154150679827261,NA,NA,NA,-0.507074324053537,-2.48423701661295,4.35355532723885,-2.77331658643903,0.0423627227370094,0.0459299368382844,0.0463273082143238,23.5520833333333,24.25,22.94,0.27763173659828,0.657520002916794,0.19062035960865,0.0295588022415444,0.182321556793955,4.45422998611713,3.49802193573787,3.29654667517216,3.26404009695253,-3.62030907186299,1.27099391288539,0.945084548028569,1.03653867878366,64.4693101558333,63.795913825,771.0650024,231.388083410208,35,19,46
"2014-09-15",50,0.1,1.9239542614106,1.53642442052969,21.6138,7.22819,34.23531565,-0.189467024954826,NA,2.76631910922619,5.10594547390058,1.38629436111989,0,1.09861228866811,0.955511445027436,NA,NA,3.49650756146648,0.693147180559945,62,5,19,2.57643577352478,0.207777078510063,2.33962636467439,0.510825623765993,NA,NA,NA,0.315780137097406,-2.48758024380913,4.45869168951765,-3.13404999987009,0.0394643720079464,0.0417775886246348,0.0415554157020126,19.4267708333333,20.19,18.63,0.0198026272961797,0.8754687373539,0.392042087776024,0.285178942233662,0.470003629245736,4.48403160156976,3.31998834142048,3.06171547325796,3.04879997836881,-Inf,1.19081366326244,0.733772747949653,0.715220241704749,70.2381009741667,76.00857098,767.2789917,226.113334022083,36,20,47
"2014-09-22",50,0.1,1.4514475533067,1.9239542614106,21.1751,8.40662,34.51905924,0.260362261796818,NA,2.82731362192903,5.36129216570943,1.38629436111989,0,1.79175946922805,0.78845736036427,NA,NA,2.484906649788,0.641853886172395,73,9,9.44444444444444,2.07986323193566,0.256421494348232,2.5339785437804,-0.182321556793955,NA,NA,NA,-1.07325065368613,-2.91630341730174,4.83693687302105,-3.48466365756759,0.0265493080186143,0.0285819985718644,0.0284912771498036,18.0533333333333,19.38,17.25,0.0392207131532813,0.357674444271816,0.182321556793955,-0.400477566597125,-0.941608539858445,4.31405785251234,3.15529621875796,2.85804960225924,2.82018817362536,-Inf,1.98138845797664,1.67035555915768,1.68843516879842,56.2236840491667,59.481683545,777.8309937,240.335876625833,37,21,48
"2014-09-29",50,0.1,2.11922155519427,1.4514475533067,19.9163,8.89591,35.01759046,0.234123055357218,NA,2.91235066461494,5.26269018890489,1.09861228866811,0,1.79175946922805,0.8754687373539,NA,NA,2.07944154167984,0.53062825106217,84,13,7.07692307692308,1.99274115578956,0.308400416967431,2.35033952428994,-0.405465108108164,NA,NA,NA,-1.6618641010411,-3.21067739165877,5.01933612949118,-3.7063418863052,0.0221628338211657,0.0235955790054464,0.0237231089974947,18.13625,18.69,17.75,0.118893529940411,0.224143051647293,0.236059776580756,-0.534008959221648,-1.07513993248297,4.53016626773296,3.21124645348761,2.99126433753057,2.95828962977803,-4.27098627988489,1.21645564606066,0.857312671693287,0.872580258253491,72.5850187741667,70.05174937,486.3340149,130.337834239125,38,22,49
"2014-10-04",50,0.1,1.85892442019572,2.11922155519427,20.2158,8.97054,35.17684883,0.588342066193819,-0.69372737,3.48431228837266,5.29998264570071,1.29928298422117,-0.405465107608164,1.67397643350917,0.916290731874155,NA,NA,2.03688192730452,0.803495237579557,57.33333333,10.33333333,6.29032258238398,1.31366625545214,0.236765429699113,1.81567035732805,-0.207639364561899,NA,NA,NA,-1.73917836426604,-2.972565053991,5.05603706482421,-3.66704510877946,0.0202996512356173,0.0231146773464087,0.0229127835266602,16.0615053763441,18.75,13.88,0.192684343829501,0.069992371820035,0.287056877057863,-0.688159639048906,-1.22929061231023,4.52434374905399,2.93119342708303,2.63320741661053,2.6858050914731,-Inf,2.12541910765301,1.97211760945651,2.03789242062756,58.3237380508333,53.17675094,715.526001,196.920751892083,39,23,50
"2014-10-10",50,0.1,2.64807477235821,1.85892442019572,18.9416,8.71935,35.12394758,0.801553054403732,NA,2.79116510781272,5.33593423027986,1.4663370687165,-1.09861228966811,1.54044504101858,0.955511445027436,NA,NA,1.99243016464475,1.01764322625492,30.66666667,7.666666667,4.95652173930624,0.758318424078094,0.18957960600716,2.54476912246714,-2.14286033385003e-10,NA,NA,NA,-1.7073980208597,-2.68218495924953,4.97800283438125,-3.62875159496287,0.0231146773464087,0.0245672288112431,0.0247277746955109,16.2240625,16.5,15.88,0.2614022634313,-0.11232918497392,0.335578980643998,-0.870481195842861,-1.41161216910418,4.46779087928586,3.23671598268216,2.99128522045059,3.00221193711793,-1.63401752628407,1.58511374518941,0.958797595612768,0.913646683857916,67.58926997,66.784057475,465.4289856,131.160998980833,40,24,51
"2014-10-15",50,0.1,3.25099984620117,2.64807477235821,17.6674,8.46816,35.07104633,0.977197666777676,NA,2.84490938381941,5.37063802812766,1.6094379124341,-Inf,1.38629436111989,0.993251773010283,NA,NA,1.94591014905531,1.19392246847243,4,5,2.2,0.216214647249053,0.270268309061316,2.52572864430826,0.22314355131421,NA,NA,NA,-0.971867839528423,-1.7238555201113,4.2132052839848,-2.60181256845636,0.041195173649817,0.0520849055434737,0.0540536618122633,16.5773958333333,17.69,16,0.325700139639302,-0.335472736288129,0.381855242469031,-1.09362474715707,-1.63475572041839,4.60517018598809,3.10099393767617,2.93944871656222,2.91262196884123,-0.507925848846783,1.99449664228114,1.42958521657338,1.42347974875367,86.588239365,86.82495616,562.3150024,137.9584585825,41,25,52
"2014-10-23",50,0.1,2.07761882933323,3.25099984620117,14.2302,8.78651,38.50484885,1.30771100474173,NA,2.88480071284671,5.38449506278909,1.09861228866811,1.79175946922805,1.38629436111989,0.741937344729377,NA,NA,1.09861228866811,0.53062825106217,0,7,0.428571428571429,0,0.188948084383997,2.49969434994238,0.810930216216329,NA,NA,NA,-2.51358084784171,-3.08156488544765,4.9062276304394,-3.33756151204962,0.0193887113723248,0.0270527854571274,0.0269925834834281,12.18375,13.13,11.56,0.386112379592349,-0.62315480873991,0.4260843953109,-1.38130681960885,-1.92243779287017,4.50095153126997,2.94864124201578,2.48125474974902,2.42036758598362,-Inf,2.06133073511755,1.82496127456707,1.80891425413057,67.1420892904167,68.964087285,640.2999878,180.820038792917,42,26,53
"2014-10-30",50,0.1,2.24776555717005,2.07761882933323,12.35055,9.508475,37.95182393,1.09617598996776,NA,2.87919845729804,5.33513133967075,1.09861228866811,1.38629436111989,1.38629436111989,0.810930216216329,NA,NA,1.6094379124341,0.916290731874155,0.5,7.5,0.733333333333333,0.00293044735189164,0.0439567102783746,2.45593288237271,0.559615787935423,NA,NA,NA,-3.530015094787,-4.22316227534694,6.42380553245672,-4.97472925822008,0.00479334413033993,0.00597167368493185,0.00586089470378328,11.4784375,12.38,10.44,0.443081971679471,-1.02861991684807,0.468439907269553,-1.78677192771702,-2.32790290097834,4.3998554060063,2.73437068019378,2.27302865664741,2.21102057497183,-6.22102866622511,1.34473942671064,1.07916291516796,1.17929338222232,61.7884129095833,60.779322925,621.25,170.475711342083,43,27,54
"2015-05-05",50,0.1,0.849764673306675,2.24776555717005,18.0305,9.23404,30.91463544,1.75020804206982,NA,2.54160199346455,4.93447393313069,2.89037175789616,1.38629436111989,2.07944154167984,0.641853886172395,3.11794990627824,5.0998664278242,2.63905732961526,0.693147180559945,28,8,5.25,2.22239687689127,0.63497053625465,2.39287193966615,1.01160091167848,1.98191652154596,2.56624820537944,0.58433168383349,0.105439107170508,-1.84047104188481,3.81210896565584,-2.473956408179,0.0713300175093225,0.0791411245074759,0.0793713170318312,17.6367708333333,19.25,16.31,1.22671229129543,0.871293365943419,-0.502526820951296,-2.00248050054371,-1.29098418131557,4.28597773630918,3.28728235921312,3.05362820751304,3.05329298072701,-Inf,1.38074174157108,1.00644286892452,0.999288092719362,60.4509768954167,60.606015995,906.7919922,309.247709573667,17,1,55
"2015-05-11",50,0.1,0.828492607088319,0.849764673306675,23.4025,8.58273,31.26777208,1.37889203135313,-1.185702203,2.45958884180371,5.27811465923052,2.56494935746154,1.09861228866811,1.94591014905531,0.641853886172395,3.06805293513362,5.12989871492307,2.60268968544438,0.587786664902119,46.5,7.5,8,2.7918528178167,0.450298841583339,2.81852581742681,0.82667857318447,2.06184577978946,2.31715187015867,0.255306090369214,-0.210057159320017,-2.22496017986229,4.0913254289734,-2.75209179508576,0.0558998436028463,0.0598036266899801,0.0600398455444453,21.0454166666667,22.31,19.81,1.17865499634165,0.84372003903932,-1.19567400151124,-1.59701539243554,-0.885519073207401,4.54468105297388,3.38099425903843,3.14123888271043,3.15423026674904,-5.02578954186793,1.3414755835823,0.840986641027395,0.931451724608941,77.96219978625,78.66227569,902.5349731,312.857876298292,18,2,56
"2015-05-18",50,0.1,0.835643464642667,0.828492607088319,23.4154,8.46905,32.4626098,1.29787289951899,-0.877117754,2.484906649788,4.86368088113959,2.484906649788,0.693147180559945,1.79175946922805,0.693147180559945,3.01553490085017,5.15905529921453,2.56494935746154,0.470003629245736,65,7,11.1428571428571,3.28743881965556,0.354031872885984,2.3787742313516,0.847297860387202,2.14352039836436,2.1747768166589,0.031256418294547,-0.419329125094088,-2.51427485330989,4.28671073928964,-2.29276227121842,0.044730201578801,0.0465337621546413,0.0505759818408548,20.8859375,22.06,20.25,1.12817109090965,0.815364813284194,-Inf,-1.30933331998376,-0.59783700075562,4.4406866891675,3.34709338023402,3.17122515860936,3.15785169403366,-1.92706801033162,1.40593473530277,1.08845054789999,1.18090438057898,74.837934265,77.31391051,828.8040161,246.210750421667,19,3,57
"2015-05-21",50,0.1,1.46505972574499,0.835643464642667,21.5489,8.28114,32.58525392,1.51226600068183,-0.882383826,2.54944517092557,4.76856373289653,2.07944154167984,0.916290731874155,1.70474809223843,0.765467842139571,3.01553490085017,5.15039723647141,2.2512917986065,0.405465108108164,54,6.5,9.76923076923077,2.49328942231333,0.300118171204382,2.21911856197096,0.646627164925053,2.13486233562124,2.07501608169868,-0.0598462539225687,-0.824089356166243,-2.66991604666458,4.35422109159302,-2.97920235298362,0.0429505634092434,0.0465337621546402,0.0461720263391357,18.4244791666667,19.56,17.63,1.33500106673234,0.821980052402914,-Inf,-0.0943106794712413,-0.49429632181478,4.56468936596953,2.98416631649438,2.680964742199,2.60194862500098,-1.9858026048972,1.58612895510114,1.02052706749332,0.783034916588995,90.14420508625,89.845380785,757.8790283,185.542418400417,20,4,58
"2015-05-28",50,0.1,0.948999473129464,1.46505972574499,25.3744,6.82375,33.63130718,0.460205786765625,-1.234068106,2.61006979274201,4.85203026391962,2.07944154167984,1.09861228866811,1.87180217690159,0.832909122935104,2.87919845729804,5.15617759938691,2.30258509299405,0.405465108108164,59.5,7,9.92857142857143,2.10366085697625,0.247489512585441,2.24196047117761,0.526093095896778,2.27697914208888,1.81388037906827,-0.463098763020602,-1.03971212732459,-2.93683211221048,4.62070587845831,-3.27654432188776,0.0333343660077466,0.0355234757597263,0.035355644655063,21.1655208333333,22.06,20.25,1.86330463639115,1.33368441084759,-Inf,0.839409687538197,-1.09362474715707,4.39382438930028,3.35305666460629,3.17468036230956,3.18345582907747,-3.85299971211292,1.15257088330188,0.609697728694615,0.590115106421389,71.1502867279167,75.245295785,914.7319946,295.8560408725,21,5,59
"2015-06-08",50,0.1,1.15459949766142,0.948999473129464,23.1557,8.76291,33.64206267,0.76588635920025,-0.931404092,2.61006979274201,5.01063529409626,2.484906649788,1.09861228866811,2.07944154167984,0.832909122935104,2.72129542785223,5.17048399503815,2.63905732961526,0.470003629245736,76,8,11.25,4.59430737685041,0.483611302826359,2.40056550135425,0.628608659422374,2.44918856718593,2.36456866510663,-0.0846199020792893,-0.166858000316262,-2.33591170068578,4.18574379662634,-1.68805075753851,0.0447302015787999,0.0471402106178069,0.0604514128532949,21.1401219512195,22.38,19.75,2.12584791449399,1.66770682055808,-Inf,1.12492959698548,-Inf,4.57161024795582,3.39517935024873,3.1944811621072,3.17722035331077,-1.02122464409572,2.04207723615514,1.69698582569157,1.55601565372519,81.0888792920833,87.20988145,908.2579956,307.14816761375,22,6,60
"2015-06-15",50,0.1,0.804176597520719,1.15459949766142,27.3688,7.63455,33.67246529,1.04292338280752,-0.950839445,2.91235066461494,5.04342511691925,2.19722457733622,0.693147180559945,1.94591014905531,0.78845736036427,3.09104245335832,5.10594547390058,2.39789527279837,0.518793793415168,70,9,9,3.16694306896197,0.407178394580825,2.13107445230431,0.451985123743056,2.01490302054226,2.01021702291586,-0.00468599762640688,-0.697833178186353,-2.57693465756956,4.37507597056611,-3.00392550377401,0.041195173649816,0.0453287461141535,0.0452420438423139,24.2290625,25.19,23.31,1.20597080698861,1.20597080698861,-Inf,-Inf,-Inf,4.42441557465362,3.4591518516764,3.2810681414441,3.28128687848826,-Inf,1.6144130896896,1.42612508184057,1.40567618371372,72.0488419966667,73.81361998,889.4370117,277.77037174875,23,7,61
"2015-06-23",50,0.1,1.16142154276559,0.804176597520719,27.1195,8.01046,34.8575519,0.857347196240205,NA,2.72457950305342,5.09375020080676,2.484906649788,1.73460105544693,1.89711998493588,1.01764322625492,3.01553490085017,5.17803120048556,1.8458266904457,0.609765571620894,69.33333333,9,8.407407407,2.66042825282777,0.345344052066362,2.36917069775334,0.974559639966999,2.16249629963539,1.91759251663904,-0.244903782996353,-1.41461199340083,-2.65067311222563,4.53988628935905,-3.17539524054054,0.0349718552355516,0.0386086508255396,0.0383715613407069,24.7959375,25.63,23.88,1.3244189574018,1.21194097397511,-1.56064774826467,-Inf,-1.66073120682165,4.3651028331096,3.52105328196792,3.32554587093168,3.31835908126371,-Inf,1.93013746090682,1.55754181265904,1.45449783673255,68.3184458629167,71.15761236,897.4860229,314.027877810833,24,8,62
"2015-06-29",50,0.1,1.42383285535908,1.16142154276559,24.361,8.82549,35.81183689,0.993325844341009,-0.718449537,2.68102152871429,5.12989871492307,2.484906649788,1.09861228866811,1.79175946922805,0.916290731874155,2.77258872223978,5.19295685089021,1.6094379124341,0.65232518603969,74,11,7.18181818181818,2.08271859888856,0.309593305240191,2.44887718620878,0.916290731874155,2.42036812865043,1.62256581669028,-0.797802311960144,-1.96095312176583,-2.91806584816024,4.84939764067592,-3.51940894544147,0.0231146773464087,0.0285819985718644,0.0281448459309265,20.8651041666667,21.88,19.56,-1.13943428318836,-Inf,-1.13943428318836,-Inf,-Inf,4.4014575899674,3.25076168285096,3.00578588545963,3.03158142596517,-Inf,1.55675760648532,1.14815526481354,1.25064217162322,68.3743436816667,72.963346045,908.1790161,303.681625525417,25,9,63
"2015-07-02",50,0.1,1.03116439038594,1.42383285535908,25.3714,7.54651,29.07451396,0.886037688703134,-0.893042822,2.85647020622048,5.57215403217776,2.2512917986065,1.25276296849537,1.70474809223843,0.993251773010283,3.02286094094224,5.24702407216049,1.70474809223843,0.672944473242426,60,11,5.95454545454545,1.57837675455338,0.28936907166812,2.71568382595728,0.86020126522311,2.22416313121824,1.60907645833458,-0.615086672883664,-1.93319952158748,-2.96500314058348,4.91606041547234,-3.57308417279575,0.0245672288112431,0.0265493080186143,0.0263062792425563,21.7601041666667,22.19,21.13,2.06305806242931,1.50851199384414,1.19694818938897,-Inf,-3.2188758248682,4.45089781268982,3.24571195584655,3.11968195462333,3.10099256436447,-4.45619860887569,1.28232462981743,0.930525097307938,1.12755927935747,76.76609219125,78.594349355,515.0380859,181.237084069583,26,10,64
"2015-07-09",50,0.1,1.12320968656792,1.03116439038594,25.0477,7.47452,28.86519878,0.857347196240205,-1.144583371,3.12456514539696,6.30069404733532,4.86753445045558,2.07944154167984,1.87180217690159,1.65822807660353,3.23474917402449,5.35422499848633,1.87180217690159,0.955511445027436,38.5,11.5,3.91304347826087,1.50934440429662,0.450843133750937,3.17612890193836,3.05545150825561,2.11947582446184,2.11524214440064,-0.00423368006120169,-1.3671806771841,-2.28347140905825,4.51962496601136,-3.13404999987009,0.0338772849868744,0.0400385523128269,0.0392037507609511,23.3596875,24.56,22.44,0.506817602368452,-1.58474529984373,-0.180323554131282,-0.478035800943,-Inf,4.48601530921282,3.47382818615025,3.27648431801652,3.26652229202737,-Inf,2.10957884088013,1.65699645086065,1.56694164731304,70.0098613725,71.620472665,913.7449951,321.410082658333,27,11,65
"2015-07-16",50,0.1,1.49586095610521,1.12320968656792,25.876,7.58102,28.6713347,1.01845012941607,-0.874264932,3.21084365317094,6.2074827734796,4.89034912822175,2.07944154167984,2.07944154167984,1.69561560867515,3.10906095886099,5.33513133967075,1.79175946922805,0.896088024556636,49.5,10,5.55,2.34792733624259,0.474328754796483,2.99663912030867,2.86931834869833,2.22607038080976,2.28669162449731,0.0606212436875477,-1.25668024594539,-2.15235169061681,4.32860173971947,-2.95488009305462,0.0429505634092423,0.0477492709302511,0.0474328754796483,23.3446875,24.06,22.81,-Inf,-Inf,-Inf,-Inf,-Inf,4.5242640424027,3.37587936513084,3.15375049963033,3.13353559168505,-Inf,1.34912783711466,1.17979427296566,1.19984355645426,80.5518292795833,83.46479786,899.8909912,316.6256244975,28,12,66
"2015-07-23",50,0.1,1.38571281295945,1.49586095610521,27.0723,7.56199,28.99950464,0.920840366572726,NA,3.21486780347066,5.50227809844547,4.29728540621879,1.50407739677627,1.94591014905531,1.16315080980568,2.99071973173045,5.51544284553668,1.6094379124341,0.500775287912489,86.5,9,10.1666666666667,2.21781904340397,0.230755738620066,2.28741029497481,2.41079867763427,2.52472311380623,1.85182273171812,-0.672900382088116,-2.05418220138446,-3.16284482590607,4.94239435238189,-3.59141139006554,0.0235955790054456,0.0255518614760858,0.0256395265133406,22.8771875,23.69,22.13,1.66959183525385,1.35969367932271,-1.25526609871349,-2.52572864430826,0.048790164169432,4.42087103676661,3.37929254627411,3.21047419509435,3.17450597916027,-8.08801155669076,1.1547306656164,0.649398510821067,0.693395035341411,69.7788230729167,69.970223135,771.867981,244.036704064583,29,13,67
"2015-08-03",50,0.1,1.5103972987264,1.38571281295945,26.2449,8.18428,36.01233741,0.941139429843546,-0.963636392,2.76000994003292,5.30330490805908,0,0.693147180559945,1.94591014905531,1.09861228866811,3.10794426416092,5.3890717298165,1.94591014905531,0.405465108108164,109,11,10.5454545454545,1.78418066481981,0.180054929477229,2.54329496802616,-0.847297860387203,2.28112746565558,1.27668314613559,-1.00444431951999,-2.1664784346256,-3.70692347557274,5.39498428762816,-3.9904267773816,0.0142263351074863,0.016741091490136,0.0163686299524753,21.6954444444444,23.44,20.38,0.60431596685333,-0.261364764134408,0.0582689081239758,-Inf,-Inf,4.22736034819436,3.458836930775,3.21995862261441,3.21003658059966,-Inf,1.42962683343207,0.862049842329973,1.05610671852803,57.6077326595833,57.98858739,954.973999,328.630580579167,30,14,68
"2015-08-08",50,0.1,2.46935214175702,1.5103972987264,25.5987,8.09767,36.30055399,1.09000871719394,NA,2.68784749378469,5.41543351321672,0.405465108108164,0.810930216216329,1.98100146886658,1.17865499634165,3.14469092667882,5.37789842937229,1.70474809223843,0.405465108108164,107.25,10.75,10.4883720930233,1.38616251534603,0.138939366340045,2.72758601943202,-0.659245628884264,2.23320750269347,1.02927502039747,-1.203932482296,-2.6438753167364,-3.94315830086666,5.62916372474399,-4.2242755085159,0.0114703647093252,0.01302105268443,0.0129245922176786,21.2711458333333,22.13,20.56,0.157003748809665,-Inf,0.157003748809665,-Inf,-Inf,4.60517018598809,3.35515301698265,3.12707149696373,3.10211814220772,-3.90978551048795,1.38870106443471,1.03139999360296,0.998431161420643,81.5903016191667,82.54257773,888.5739746,265.925830723333,31,15,69
"2015-08-15",50,0.1,2.6208268414758,2.46935214175702,25.2045,8.524403333,36.52028877,1.17214152195623,NA,2.65675690671466,5.51624735080936,0.693147180559945,0.916290731874155,2.01490302054226,1.25276296849537,3.18013499655177,5.36659887380878,1.38629436111989,0.405465108108164,105.5,10.5,10.4285714285714,2.025095396399,0.201549778788526,2.8594904440947,-0.510825623765991,2.18646387725701,1.41350472967439,-0.772959147582621,-2.5667997830145,-3.54762903602622,5.2333361389608,-3.83081457539705,0.0176092023684709,0.0189384961013892,0.0191952170274786,22.1501041666667,23.44,20.88,-0.0906543686330944,-Inf,-0.0906543686330944,-Inf,-Inf,4.34750446351411,3.41180760101164,3.2263149336899,3.21647279329919,-3.92766465062987,1.13640301385013,0.614368434819314,0.673547017951407,66.7172591208333,70.220792235,870.1220093,295.790915806375,32,16,70
"2015-08-22",50,0.1,2.76401278343643,2.6208268414758,24.8103,8.951136667,36.74002355,1.24803753548804,NA,2.62466859216316,5.60782208351029,0.916290731874155,1.01160091167848,2.04769284336526,1.32175583998232,3.21436566939031,5.35517017814082,0.916290731874155,0.405465108108164,103.75,10.25,10.3658536585366,1.3419758587996,0.132580747495864,2.98315349134713,-0.389464766761723,2.1408045087505,1.00732906844572,-1.13347544030479,-3.43155037782095,-3.94237600158694,5.62741356359068,-4.25266044696013,0.0114703647093252,0.01302105268443,0.0129347070727672,20.7739583333333,21.81,19.88,-0.420578745410598,-Inf,-0.420578745410598,-Inf,-Inf,4.33305596616452,3.34215674024863,3.1369243786826,3.14350580725464,-Inf,1.17443366427409,0.758469890313112,0.775694761724504,63.0193496816667,64.16246319,838.8640137,269.799626506667,33,17,71
"2015-08-31",50,0.1,2.90013792775447,2.76401278343643,24.4161,9.37787,36.95975834,1.31857746094948,-0.595076502,2.66025953726586,5.69170989342193,1.09861228866811,1.09861228866811,2.07944154167984,1.38629436111989,3.24746328172011,5.34360935589903,0,0.405465108108164,102,10,10.3,0.982281723971104,0.0963021298010886,3.03145035615607,-0.287682072451781,2.09614607417892,0.700759418796886,-1.39538665538203,-4.64284993710214,-4.23738482899398,5.92499839207561,-4.50143736081057,0.00823105450091129,0.00962654343645429,0.00963021298010886,20.2428125,21.38,19.25,-0.916290731874155,-Inf,-0.916290731874155,-Inf,-Inf,4.32838674128049,3.34603727129498,3.2001179836709,3.18490540626952,-6.62649377433328,0.746328401342418,0.300056137850507,0.233969595648079,64.5248809820833,67.252484365,574.539978,174.256792425333,34,18,72
"2015-09-04",50,0.1,1.16640473250069,2.90013792775447,27.2332,6.12338,31.37660454,0.32807997705862,-0.857889398,2.69462718077007,5.74700159377618,1.09861228866811,0.916290731874155,2.30258509299405,1.33500106673234,3.27950044668464,5.33191331581539,0.693147180559945,0.405465108108164,101.3333333,11.66666667,8.8571428517551,1.40462625553839,0.161716838730466,3.05237441300611,-0.59783700075562,2.05241286913076,1.05326916051196,-0.999143708618794,-3.58549697474348,-3.87317904719527,5.94123233742108,-2.18068430881039,0.00659242470965407,0.0082310545009119,0.0138614433157938,20.7429166666667,22.38,19.06,0.693147180559945,0.29266961396282,-0.423120043346885,-Inf,-Inf,4.46444752814358,3.44648964291499,3.24293437397874,3.22047403425094,-0.8176116672311,1.29464836421552,1.16291373016806,1.20257626026207,69.3061670833333,75.70611686,748.8129883,210.618123434417,35,19,73
"2015-09-14",50,0.1,2.42882687732164,1.16640473250069,22.8237,6.67561,37.81191119,1.51916303419431,-0.560677915,2.74727091425549,5.72587007112021,1.79175946922805,0.693147180559945,2.30258509299405,2.90690105984738,2.59525470695687,5.19960139360888,1.38629436111989,0.405465108108164,100,15,6.93333333333333,0.730477828984668,0.1095716743477,2.97859915686471,-0.22314355131421,2.60434668665201,0.280374808902932,-2.32397187774908,-3.53293222358606,-4.51376147659779,6.21100668640005,-4.71949313344034,0.00597167368493185,0.00723330828613375,0.00730477828984668,15.3682291666667,17.13,13.69,1.88175250775476,1.42671627561881,-0.189346171730919,0.176051943780359,-0.980829253011726,4.34877988516329,3.18965266470855,2.80126242561531,2.84229013885767,-Inf,1.38347704370553,1.04442176157145,1.10662446214408,52.83914042,47.13625589,818.3740234,258.4996687475,36,20,74
"2015-09-18",50,0.1,0.824621125123532,2.42882687732164,23.1143,8.00621,31.20354191,1.19009697879029,-1.15513857,2.78911802439591,5.72472823917166,1.70474809223843,1.50407739677627,2.30258509299405,2.42921774392741,3.77849161280362,5.7719083037038,1.87180217690159,NA,81,15,5.83333333333333,0.387641937844621,0.0717855440453002,2.93561021477576,0,1.99341669090018,0.429785942986306,-1.56363074791387,-3.4703201838159,NA,6.63579180551571,-5.12072804163331,0.0037046880837468,0.00479334413033993,0.00478570293635335,17.4777083333333,19,16.19,2.25444471766611,1.73165554515835,-0.294371060602578,0.869199124340304,-0.287682072451781,4.30859633834602,3.36591506164722,3.10593127314045,3.07546712892279,-Inf,1.07570666816421,0.317105773364879,0.215191502213496,54.8036621625,57.535572425,789.434021,246.28483645,37,21,75
"2015-09-28",50,0.1,0.130384048104053,0.824621125123532,19.2587,7.89162,2.075647024,-0.00420884477405468,-0.716756427,2.86789890204411,5.4553211153577,1.09861228866811,0,1.79175946922805,1.41342302850814,2.34180580614733,5.00058495824275,0.693147180559945,NA,10,4,3,0.666404865134865,0.266561946053946,2.58742221331359,-0.405465108108164,2.65877915209543,2.2921419777151,-0.366637174380325,-2.01529579996771,NA,3.98634322559563,-2.66013027176439,0.0631232161942424,0.0665020510423933,0.0666404865134865,18.6292708333333,18.94,18.25,2.73825604315928,2.1540850846756,-0.544727175441672,1.56234630490025,0.405465108108164,4.60517018598809,3.20030453871226,3.02081119385533,2.98845611061693,-2.0636563853888,1.68668866771015,1.50197388675506,1.55447626026307,92.86164434875,96.579958065,519.190979,124.582457113625,38,22,76
"2015-10-05",50,0.1,1.56201792563338,0.130384048104053,16.8134,6.83447,36.86076366,1.57422515667836,NA,2.87919845729804,5.41610040220442,3.46573590279973,1.38629436111989,1.94591014905531,1.26129787094521,2.66025953726586,5.19295685089021,0.693147180559945,NA,9,5,2.2,0.752119429434597,0.417844127463665,2.53690194490638,1.6376087894008,2.53269731362435,2.7108721216493,0.178174808024955,-1.78893754868096,NA,3.7624589156717,-2.3561475745675,0.0777008774046282,0.0820479367811033,0.083568825492733,16.0721875,17,15.44,1.79508725932073,1.32707500145992,-0.0304592074847086,-0.400477566597125,-0.49429632181478,4.60517018598809,3.01847104449194,2.72528992657183,2.64048475107862,-6.47234309450602,2.05986073125048,1.72893608148203,1.79426527191385,85.5884033666667,87.42622475,697.1170044,207.445083620833,39,23,77
"2015-10-12",50,0.1,1.24775798935531,1.56201792563338,15.59795,6.25486,39.94094921,1.45985843538797,NA,NA,5.36129216570943,3.11351530921037,1.38629436111989,1.94591014905531,1.17557332980424,2.48906465993666,5.11198778835654,0.78845736036427,NA,8.6,5.214285714,2.07123287682582,0.652230915444712,0.395455621468896,NA,1.33123458393686,2.62292312841988,2.53286897013256,-0.0900541582873258,-1.79066145785972,NA,3.85686047139218,-2.5456775724695,0.0734334231284466,0.0759132908363289,0.0758408041214781,16.8934375,17.69,16.19,1.33894066473642,0.633927820899974,0.254642218373581,-1.09362474715707,-1.18744350237473,4.47810407835144,3.11307141737163,2.78465159133199,2.74373951440157,-Inf,1.37403592076266,1.04243118238693,1.04270936254999,76.0265186529167,79.366654165,686.0349731,200.820750231667,40,24,78
"2015-10-19",50,0.1,0.820914124619622,1.24775798935531,14.3825,5.67525,43.02113476,1.33070236686278,-0.991926672,3.06805293513362,5.30330490805908,2.56494935746154,1.38629436111989,1.94591014905531,1.08180517035173,2.28238238567653,5.02388052084628,0.8754687373539,NA,8.2,5.428571429,1.95263157879321,0.637369458721034,0.421951906503683,2.23525197292546,0.887303195000903,2.74149813516975,2.46934057302447,-0.272157562145279,-1.6790712104679,NA,3.83305834943805,-2.49156777320798,0.0741390742050073,0.077342472236194,0.0777279827708578,13.2733333333333,14.19,12.5,0.476234178996372,-Inf,0.476234178996372,-Inf,-Inf,4.24057459408701,2.56495123515208,1.77537713598139,1.73871496789863,-Inf,1.29625231000063,0.928115496182414,0.947842180098715,60.9360848579167,63.792172575,671.1380005,192.169166563333,41,25,79
"2015-10-23",50,0.1,1.28023435354626,0.820914124619622,15.7964,7.16761,36.22889685,1.68893277776173,-1.055956773,2.9391619220656,5.2257466737132,2.30258509299405,1.4663370687165,1.89711998493588,0.978326122793608,2.37335416357169,5.04771696921492,0.955511445027436,NA,7.8,5.642857143,1.84303797463689,0.412474360714287,0.298401781110381,2.2865847516476,0.765467842066316,2.67436280564323,2.10801200453606,-0.566350801107161,-1.98419351965142,NA,4.22135528272042,-2.85006162614785,0.0465337621546413,0.0533465521606578,0.0528813282967034,15.36375,16.31,14.56,0.3019547317385,-Inf,0.3019547317385,-Inf,-Inf,4.49342609280759,3.19212068616242,2.89300728937628,2.8225687270775,-Inf,1.37509488369039,1.19491054363758,1.30531447212702,69.6479083758333,72.71363252,629.1030273,176.994416869167,42,26,80
"2015-10-30",50,0.1,1.34842500718431,1.28023435354626,11.9828,8.66808,35.0008189,1.6816748495787,NA,2.9704144655697,5.14166355650266,1.94591014905531,1.54044504101858,1.8458266904457,0.86288995514704,2.45673577310702,5.07099844361414,1.02961941718116,NA,7.4,5.857142857,1.74146341467662,0.568291665036673,0.449806144130025,2.17124909093296,0.610909082404177,2.61426267050713,2.50439794613257,-0.109864724374547,-1.53698108030041,NA,3.84579686902311,-2.45654941935994,0.0699391100599022,0.0762694746415,0.0767961709509018,12.8684375,13.5,12.31,0.0907543632684641,-Inf,0.0907543632684641,-Inf,-Inf,4.38801657796558,2.61958357520589,2.27027749772996,2.18773552512325,-Inf,1.71759000944042,1.34884646928569,1.44005406865214,66.8079466091667,67.367505285,618.0219727,169.684498632917,43,27,81
"2016-05-12",50,0.1,1.22151545221499,1.34842500718431,19.6631,5.59532,31.92713701,0.642380063506292,-1.475012526,3.00320428839269,4.97673374242057,1.79175946922805,0.916290731874155,2.19722457733622,0.582215619852664,2.68444033546308,5.11948969900834,1.26851132558851,NA,11.55555556,6.285714286,2.40404040470891,0.99077028149581,0.538935482608891,1.97352945402788,-0.0571584138399491,2.43504936354526,2.66305080054864,0.228001437003373,-1.18792757287119,NA,3.73522299775309,-2.34807637824481,0.0798645477784424,0.0857302603565371,0.085739735865699,18.4710416666667,19.5,17.81,-0.544727175441672,-Inf,-0.544727175441672,-Inf,-Inf,4.5936308838915,3.25540008161754,3.04412600609923,3.04499868929764,-1.15045476119479,1.33271397807465,0.929423207399574,0.980159936569442,87.79687669875,89.6533614,876.9329834,268.179542545417,18,2,83
"2016-05-19",50,0.1,1.3027662875589,1.22151545221499,16.4242,9.4406,32.43694569,0.311593892498094,-1.264900708,2.99071973173045,5.02388052084628,2.70805020110221,0,2.39789527279837,0.470003629245736,2.93119375241642,5.16906253069077,1.54044504101858,NA,20.66666667,6.714285714,3.77304964609673,1.5294024528194,0.496879598625755,2.03316078911583,0.374693449441408,2.23786877827435,2.56541753955807,0.327548761283718,-1.06319995011412,NA,3.88216838408986,-2.5456775724695,0.0671848366638063,0.074139074205008,0.0740033444793254,15.670625,16.25,15.25,-0.0408219945202552,-2.81341071676004,-0.105360515657826,-Inf,-Inf,4.60517018598809,2.8970190627523,2.68537863175794,2.64617479738412,-9.94430954705638,1.15001588278909,0.912919577095189,0.908678844627265,90.5369303254167,89.94100793,486.8080139,153.216042521667,19,3,84
"2016-05-26",50,0.1,0.972522493313137,1.3027662875589,20.464,9.40319,32.12614949,0.350938522086796,-1.11796292,2.96010509591084,5.0998664278242,2.75153531325471,0.693147180559945,2.30258509299405,0.510825623965991,3.15700042115011,5.24350912987699,1.75401914128367,NA,29.77777778,7.142857143,4.97777777802045,2.37382048084377,0.569413228316281,2.13976133191336,0.569094532078646,2.08650870872687,2.71424740110328,0.627738692376411,-0.775242587490034,NA,3.80772973999234,-2.43081192789552,0.0748469712069483,0.0798645477784424,0.079717851962685,19.6797916666667,20.56,18.81,0.717839793150317,0.712949807856125,-4.60517018598809,-Inf,-Inf,4.37153295194557,3.31382394531877,3.1508293241811,3.13571153057548,-3.39380080391194,1.26677300486559,0.675042434481078,0.537401242192461,68.51268425375,67.34796318,755.9349976,250.920168802917,20,4,85
"2016-05-30",50,0.1,1.04268883181897,0.972522493313137,22.4461,9.33974,31.31953915,0.610526151871608,-1.120517688,NA,5.02388052084628,1.09861228866811,0.693147180559945,2.30258509299405,0.470003629245736,3.36384159511839,5.33753807970132,2.00746804199505,NA,43.44444444,7.785714286,6.53618756284271,3.37991323642596,0.60571700500452,NA,-0.693147180559945,1.97369648458293,2.78390513662346,0.810208652040533,-0.546164901082807,NA,3.83343538642701,-2.3561475745675,0.0713300175093212,0.0769840670677599,0.0777985144013953,20.866875,22.19,19.63,-0.150822889734584,-Inf,-0.150822889734584,-Inf,-Inf,4.56306925981662,3.2846637938706,3.12129998427339,3.119717956736,-3.71461581121615,1.25847712555937,0.651582971560756,0.617353474662844,85.3132454054167,87.08391729,870.1550293,254.161919279167,21,5,86
"2016-06-03",50,0.1,1.4813507349713,1.04268883181897,25.3021,9.38212,31.65889072,0.492193111617988,NA,2.86220088092947,5.15271339268924,2.56494935746154,1.50407739677627,2.07944154167984,0.741937344729377,3.24649099190117,5.27556037942542,1.65822807660353,0.336472236621213,53.5,9.25,6.35135135135135,3.42705877223365,0.592528853143202,2.29051251175978,0.782759339249632,2.02906938752425,2.52758111803066,0.49851173050642,-1.08975118479122,-2.41150702477354,4.02789981264767,-2.65025183938396,0.0565443594028176,0.0644676990731061,0.0640571733127786,22.7040625,23.5,22.13,1.75958057086382,1.47017584510059,-0.400477566597125,-1.23787435600162,-0.683196849706777,4.45678807941966,3.34498004616316,3.22465924966302,3.2355365539202,-3.73491501568708,0.845978764476894,0.289957563712975,0.251198505673251,76.3143687033333,76.20580231,799.8170166,253.347419898333,22,6,87
"2016-06-13",50,0.1,1.05470374987482,1.4813507349713,23.2914,5.73603,33.77300709,0.394741144745189,-1.25691578,2.9338568698359,5.36597601502185,1.79175946922805,1.94591014905531,2.30258509299405,0.741937344729377,2.96527306606928,5.17048399503815,1.6094379124341,0.371563556432483,50,11.5,4.78260869565217,1.88190506780754,0.432838165595735,2.43211914518595,0.262364264467491,2.20521092896887,1.89074558731579,-0.314465341653079,-1.67030049528826,-2.90817485128988,4.55988269523746,-3.16148648418116,0.0322573390763716,0.0377585128825374,0.0376381013561509,20.6175824175824,21.81,19.25,1.62334081760309,1.05082162483176,-2.12026353620009,-0.186329578191493,0.246860077931526,4.28659290324987,3.25886598922566,3.02715039994272,3.00494008697763,-Inf,1.4728769641366,1.18414434125602,1.15185383073806,61.18467360125,62.532500715,944.5349731,337.2503329875,23,7,88
"2016-06-23",50,0.1,2.05856746306746,1.05470374987482,23.382,7.09989,33.45707991,0.453874247315852,NA,3.21620559617863,5.01329841151574,1.54044504101858,1.09861228866811,1.94591014905531,0.725937003544226,3.40119738166216,5.4510384535657,1.6094379124341,0.388657989791783,47,12.25,4.24489795918367,2.66428432316885,0.694414531038689,1.79709281533711,0.090971778249201,2.04984107190355,2.580826326755,0.530985254851457,-1.2607742143766,-2.48155413701892,4.22974576086243,-2.11036327297532,0.0371954994602586,0.048975182633419,0.0566869004929542,21.6390374331551,22.06,20.38,2.26592110862245,1.55814461804655,-Inf,1.39376637595859,-0.162518929497775,4.56049071073815,3.36349581008212,3.23337029705519,3.24083306383049,0.101258985972861,1.94692235974004,1.2420557802131,1.16710718443017,83.8984941254167,84.338915545,575.6069946,200.82937422375,24,8,89
"2016-06-27",50,0.1,1.755505625169,2.05856746306746,24.6983,8.38501,32.93667862,0.342383303221868,NA,3.14415227867226,5.13814861439522,2.07944154167984,1.09861228866811,1.94591014905531,0.693147180559945,3.29583686600433,5.25227342804663,1.6094379124341,0.405465108108164,44,13,3.76923076923077,2.5877223773233,0.764554338754613,1.99399633572295,0.451985123743056,1.9564365620423,2.41886189195385,0.462425329911555,-1.22397362365867,-2.42794642798461,4.11235487167508,-2.75209179508574,0.0533465521606578,0.0591469119580127,0.0588118722118933,22.7982080924855,23.88,21.81,2.2321626286975,1.57277392806251,-Inf,1.28647402583768,-0.127833371509885,4.50265370755299,3.37485323931364,3.19253211059975,3.21887680126772,-1.71661340750438,1.25512474045788,1.009252488563,1.01770171659252,81.3440541545833,86.08684832,797.6719971,257.241456826667,25,9,90
"2016-07-07",50,0.1,1.9316055497953,1.755505625169,24.646,5.72009,33.92149278,0.110198792298076,-0.841681326,3.00568260440716,5.18570842216538,2.4423470353692,1.25276296849537,2.07944154167984,0.693147180559945,2.92046978905344,5.08450514266271,2.16496371508521,0.386233745889015,52.28571429,12.14285714,5.02352941327612,2.69157503370293,0.625092562273675,2.18002581775822,0.628608659422374,2.16403535360927,2.11790849488948,-0.0461268587197889,-0.801632932688021,-2.58036290188422,4.24699836925102,-2.86135290622326,0.0417775886246348,0.051457866834927,0.0514782110228858,23.2465363128492,23.63,22.69,2.10413415427021,1.24990173621434,-Inf,1.54968790802833,-Inf,4.49888955571016,3.38235416954002,3.23741961789364,3.23080427518011,-3.14413950195389,1.55777878524315,1.39715793865646,1.38588951305497,77.6948158066667,78.867090495,670.9829712,244.989416911667,26,10,91
"2016-07-11",50,0.1,1.41689802032468,1.9316055497953,24.9381,6.06574,33.44930778,0.161948766986017,-0.948628017,3.04452243772342,5.13226278221795,2.56494935746154,0.693147180559945,2.484906649788,0.693147180559945,2.82137888640921,4.969813299576,2.26621744883799,0.381367556333982,54.35714286,11.92857143,5.36526946068679,2.28488476333173,0.501413607755637,2.08774034449453,0.22314355131421,2.14843441316679,1.80055286254915,-0.347881550617641,-0.903042988188869,-2.78789288069287,4.44839094022093,-3.05462891356292,0.0383243386870631,0.0417775886246348,0.0420346736990313,23.0805056179775,24.13,22,1.95018670582257,1.25846098961001,-1.22077992264232,1.08180517035173,-1.30933331998376,4.42329904094353,3.42816386947665,3.24982562626054,3.23494691805453,-Inf,0.878273396451366,0.381436839165592,0.331240107876155,71.55509577375,70.21894883,885.5109863,316.732542040417,27,11,92
"2016-07-18",50,0.1,1.22425487542423,1.41689802032468,26.84,6.15458,34.50059026,0.361304212322395,-0.904824974,3.00403107653398,5.18402822014591,1.09861228866811,0.693147180559945,2.484906649788,0.641853886172395,3.2188758248682,6.17586727010576,2.4423470353692,0.371563556432483,58.5,11.5,6.08695652173913,2.34713311003746,0.461402235306509,2.17999714361193,-0.875468737353899,2.95699144523756,2.96003514609982,0.00304370086226,-0.773485088636731,-2.84426856757345,4.49603805017865,-3.10710635497921,0.0333343660077466,0.0400385523128269,0.0401219335049138,24.8716393442623,25.69,24.13,1.60341984010854,0.982078472412158,-0.713349887877465,0.122217632724249,-0.400477566597125,4.42436056919659,3.47754091057191,3.29631534059118,3.29379836300153,-Inf,1.58518297489003,1.21934973241412,1.23026803676652,70.8324204233333,71.963930505,900.6259766,315.1608740425,28,12,93
"2016-07-25",50,0.1,1.00199800399003,1.22425487542423,28.9999,7.97406,35.22416414,0.095219266580934,-1.008334028,2.88480071284671,5.13814861439522,1.09861228866811,1.09861228866811,2.30258509299405,0.53062825106217,3.33932197794407,5.4971682252932,2.65926003723278,0.356674944238732,64.71428571,10.85714286,7.27631578755886,1.62709599507608,0.272978577630272,2.25334790154851,-0.510825623765991,2.15784624734913,1.81398307670412,-0.343863170645019,-1.02392511135631,-3.32651020435035,4.97709434510286,-3.36902685039938,0.0202996512356173,0.0245672288112431,0.0251427637224875,25.2679661016949,26.5,24.25,-0.430782916092454,-Inf,-0.430782916092454,-Inf,-Inf,4.38068273542067,3.51303722735205,3.35127764808392,3.35078153764101,-2.0456756869439,1.48028566932256,1.17034194236824,1.15989713813336,71.33004077375,74.615384655,861.9699707,284.57378641625,29,13,94
"2016-08-01",50,0.1,1.01222527136997,1.00199800399003,28.3071,6.03585,36.20183971,-0.115410851511328,-0.881871503,3.3357695763397,5.01329841151574,1.79175946922805,1.38629436111989,2.484906649788,0.741937344729377,3.23474917402449,5.38449506278909,2.89037175789616,0.336472236621213,73,10,9.1,2.85442475758104,0.391017090079595,1.67752883517604,-0.182321556793955,2.1497458887646,2.14290595848654,-0.00683993027805678,-0.351217346406383,-2.90511686768134,4.52302735019118,-3.06757716200681,0.0333343660077476,0.0394643720079474,0.0391017090079595,25.2309289617486,26.31,24.5,1.82937633279936,1.40854497005471,-0.116533816255952,-Inf,0.22314355131421,4.47018145733652,3.43752962495643,3.27312760585365,3.26956882302402,-3.280410860986,1.1119928046214,0.782634526698964,0.735504430452338,73.65013482625,73.46029384,919.6710205,315.970999479167,30,14,95
"2016-08-08",50,0.1,1.72939295708061,1.01222527136997,25.2482,6.22643,35.70986112,0.0950374153347516,-1.181541182,3.32323584019244,5.29531285752774,2.07944154167984,1.09861228866811,2.39789527279837,0.741937344729377,3.27714473299218,5.40267738187228,2.79320800923844,0.382992252483378,82.33333333,11,8.96969696909091,3.31869239977973,0.443388053429818,1.9720770173353,0,2.1255326488801,2.19147218381182,0.0659395349317167,-0.417997188822025,-2.82821294557708,4.49100961300024,-3.0546289135629,0.0366353125395499,0.0400385523128269,0.0403080048572562,22.9674860335196,23.63,22.44,2.19277022698684,1.89461685466776,-2.52572864430826,-0.186329578191493,0.336472236621213,4.59267818178806,3.3072526227796,3.19446359793526,3.17846992710102,-2.10069624705128,1.29198747532277,0.988307533603129,0.974097620075815,87.463440345,90.19433189,646.0930176,206.892877664167,31,15,96
"2016-08-18",50,0.1,1.64131045204739,1.72939295708061,26.7375,6.33596,36.17263199,0.391771780976162,-0.975088619,3.30321697330195,5.08903562796583,2.12026353616009,0.980829253136726,2.63905732961526,0.78845736036427,3.06339092202781,5.29798397748008,2.39789527279837,0.454255272277596,96.25,12.5,8.58,2.67863581058058,0.347874780594881,1.78581865466388,-0.241162056816888,2.23459305545227,1.71634264333451,-0.518250412117756,-1.18374606134719,-3.12738606186796,4.86304311880584,-3.43400969337047,0.0235955790054456,0.0280691499357305,0.0278299824475904,24.1444632768362,24.75,23.75,2.28340227357727,2.11625551480255,-1.6094379124341,-0.0512932943875506,-1.02165124753198,4.47575849822851,3.41805461868924,3.24361737352948,3.21426535938706,-5.10012246059779,1.21173720619206,1.01430191288532,1.02753821029318,73.7874869508333,73.713167225,862.4400024,262.484581308292,32,16,97
"2016-08-23",50,0.1,1.99406619749696,1.64131045204739,25.8025,5.05633,36.63725433,0.59542409203133,-0.9733532,3.24259235148552,5.04385513219136,2.03688192730452,1.20397280422594,2.70805020110221,0.78845736036427,2.91777073208428,5.15252058462928,2.19722457733622,0.438254930931155,91.5,12,8.375,1.85373607790333,0.243112928249617,1.80126278070584,-0.31015492830384,2.234749852545,1.2533847165554,-0.981365135989607,-1.70191129073766,-3.46088093714273,5.17905431216299,-3.74669591477681,0.0180487129788194,0.0202996512356173,0.0202594106874681,21.7201657458564,23,20.5,2.6217658325052,2.17928687664955,-2.30258509299405,1.39128190263093,-0.22314355131421,4.35092721495169,3.31345864493783,3.12613914957363,3.13397155705489,-Inf,0.955222913790918,0.558746656826567,0.583401586706939,65.4299341929167,66.578661185,842.197998,277.48596071625,33,17,98
"2016-08-26",50,0.1,1.59207411887764,1.99406619749696,29.2938,7.60459,41.08481538,1.7590468656458,-0.920353483,3.15700042115011,4.99653636971675,1.94591014905531,1.38629436111989,2.77258872223978,0.78845736036427,2.74727091425549,4.98223581957456,1.94591014905531,0.421994410059375,86.75,11.5,8.15217391304348,1.63415035783876,0.216630883171709,1.83953594856664,-0.374693449441411,2.23496490531907,1.01032841121315,-1.22463649410591,-2.02599725930609,-3.54991299830203,5.25303064895169,-3.8093385452625,0.0158877345258808,0.0189384961013892,0.0188374681018877,24.0792777777778,25.31,23.25,0.683096844706444,-0.527632742082372,-1.42711635564015,-Inf,0.139761942375159,4.48067679654579,3.51094839137993,3.34006073723417,3.34321533631912,-Inf,1.22533444514052,0.624859130650221,0.511187294055406,72.3382236854167,71.22340939,888.4509888,291.586292190833,34,18,99
"2016-09-02",50,0.1,1.79872176836775,1.59207411887764,25.0712,6.67021,38.82465258,3.24443050479612,-0.701326319,3.06339092202781,5.03954663759068,1.79175946922805,0.693147180559945,2.30258509299405,0.78845736036427,3.54961738678043,5.58724865840025,1.6094379124341,0.405465108108164,82,11,7.90909090909091,1.27676344603614,0.17127314519997,1.97615571556287,-0.22314355131421,2.03763127161982,1.42485772908191,-0.612773542537907,-2.55295301688424,-3.75692582121017,5.44497460791044,-3.96655859768256,0.0134188559116226,0.0154666693585706,0.01557028592727,21.0840883977901,22.06,19.94,2.90306858869057,2.24707238306379,1.04731899428056,1.44926916028128,0.506817602368452,4.5082945204101,3.22246897098009,3.05256548949737,3.03037648456495,-6.36079060860027,2.00496130976528,1.66931113009556,1.66618954734516,76.1875137470833,79.68305372,723.2589722,229.154962380208,35,19,100
"2016-09-09",50,0.1,1.24951990780459,1.79872176836775,26.016,8.53688,37.33172056,-0.292091780940481,-0.709436179,3.05902001294635,5.11439452838711,2.18122423597365,1.14513230434846,2.30258509299405,0.910560057280112,3.59731226058845,5.8406416573734,1.38629436111989,0.336472236621213,104,12,9,0.964135086595715,0.111246356145659,2.05537451544075,0.182321556793955,2.24332939678495,1.15972689536631,-1.08360250141864,-3.29462040088719,-4.34444252538587,5.96761368844529,-4.46798855154382,0.0075611058562179,0.00927087523964406,0.00927052967880495,22.5028488372093,23.81,21.44,2.02287119019144,1.46325540225602,-1.77195684193188,0.657520002916794,0.139761942375159,4.40143416579259,3.43656487910299,3.25408233595275,3.24141983701526,-Inf,1.58039023507597,1.32919404641936,1.35707712626881,70.1626762858333,71.8021686,787.0130005,244.186875347083,36,20,101
"2016-09-17",50,0.1,2.01682919455268,1.24951990780459,24.3367,7.27292,37.86498463,0.637528756796933,NA,3.05462991464434,5.37638890196819,2.46080909784309,1.45528723267351,2.30258509299405,1.01936291685933,3.5234150143864,5.78689738136671,1.64865862558738,0.751416088683921,69.2,11.6,6.41379310344828,0.262097848291915,0.0439354774593384,2.32175898732385,0.470003628995736,2.2634823669803,0.210859140563725,-2.05262322641658,-3.9273796152156,-4.82462215211906,6.87493540529381,-5.28248479359252,0.0020411768512999,0.00370468808374634,0.00378754116028779,19.9497752808989,20.81,19.38,2.40152504084895,1.54500605227471,0.932951172767262,0.591114454994794,0.698134722070984,4.59445042703002,3.34109432166287,3.10370831944727,3.07823467531366,-Inf,1.58752885032502,1.23510945965815,1.17865942140878,83.1006340429167,86.34362023,759.7119751,235.499335457083,37,21,102
"2016-09-27",50,0.1,2.99501252084194,2.01682919455268,22.6347,7.59247,38.62615467,5.8154138870768,-1.138440873,3.05022045883806,5.58379701544462,2.67906266413092,1.69167601075002,2.30258509299405,1.11748077292576,3.44361809754611,5.73009978297357,1.85629799036563,1.04380405217311,34.4,11.2,3.64285714285714,1.05193860905752,0.342491640158262,2.53357655660655,0.693147180509945,2.28648168542747,2.24267797479774,-0.0438037106297316,-1.63112381781021,-2.44361775600272,4.78730810323274,-3.0546289135629,0.0221628338211649,0.0301389868594027,0.0305796107284162,20.7094578313253,21.44,19.88,2.67552700939665,1.62057565684456,1.59208827409899,0.519983561550756,1.05431202977153,4.60517018598809,3.26078527474249,3.06471428073748,3.01577960987706,-1.30383735053019,1.23284495330226,0.968348858338072,0.98466560753435,81.64854078,83.01075037,739.7919922,211.7448756325,38,22,103
"2016-10-05",50,0.1,1.78303112704181,2.99501252084194,20.9112,6.12245,35.93872993,1.46568300878896,NA,3.04579147358526,5.52305963922594,1.6094379124341,1.38629436111989,2.39789527279837,1.09861228866811,3.42208874058472,5.6191924064765,1.79175946922805,1.12059119549558,13.66666667,10.33333333,1.90322580738814,1.03658685535498,0.783760792629291,2.47726816564069,-0.200670695462151,2.19710366589178,3.04016607435212,0.843062408460335,-0.787266862896327,-1.4584351366288,3.85765571718693,-2.50045160763541,0.0678699431728182,0.0762694746414988,0.0758478186660113,19.3223626373626,19.69,18.88,2.62900699376176,1.7509374747078,1.30562645805244,-0.139262067333508,1.26412672714568,4.60423529691545,3.09557760852371,2.84872984431426,2.80880043512454,-Inf,1.51382133999635,1.34748819437954,1.30142001605007,83.2699392891667,87.95627159,711.7789917,212.034917508333,39,23,104
"2016-10-07",50,0.1,1.83226635618297,1.78303112704181,19.9404,5.51459,35.32152417,1.4678513063722,-1.127166904,3.04134278464681,5.47394993519119,3.55534806148941,1.6094379124341,2.484906649788,1.28093384546206,3.4626060097908,5.43372200355424,1.38629436111989,1.02961941718116,7,9,1.22222222222222,0.691268606399231,0.888773922513297,2.43260715054439,1.20397280432594,1.97111599376344,3.11858504502432,1.14746905126088,-0.928842597410027,-1.28551754134876,3.6361740829311,-1.96636570298101,0.0665020510423921,0.0970952214947282,0.098752658057033,18.764469273743,19.44,18.25,1.58719230348678,0.570979546585738,0.582215619852664,-Inf,0.285178942233662,4.60517018598809,3.02626094561098,2.80298186046358,2.8072936569398,0.300303681519683,1.72740064838786,1.55705706029978,1.58606878013719,97.4601796620833,96.49941942,323.1130066,83.38887516375,40,24,105
"2016-10-20",50,0.1,1.43760217028217,1.83226635618297,16.331225,7.37909,36.19431424,1.12263801227078,NA,3.03463242235124,5.29781724150635,1.70474809223843,0.559615787935423,1.87180217690159,1.04731899428056,3.01879754664785,5.19757579656217,1.67397643350917,0.832909122935104,16.83333333,4.333333333,5.11538461493195,1.25528342314492,0.323142267383369,2.26318481915511,0.109199291964996,2.17877824991432,2.60157613140905,0.422797881494732,-0.922023231643954,-1.76309054221802,3.87463895017846,-2.53652263403463,0.0685573627335878,0.0748469712069483,0.0745712924788214,19.2488888888889,19.56,18.63,1.05012207950768,-0.440056552877783,-0.026343975339602,0.043059489460447,-1.66073120682165,4.54706581849856,3.28877463370996,3.07880923144245,3.01259041077722,-Inf,1.70651355815867,1.09663597674402,1.11252349015377,82.6578561304167,87.84336563,631.7050171,179.16387940125,41,25,106
"2016-10-27",50,0.1,1.40456398928636,1.43760217028217,16.23115,7.10326,35.46798123,0.965576011548912,NA,3.03238559136269,5.26991789202634,1.6094379124341,0.916290731874155,1.79175946922805,0.993251773010283,2.98736402371541,5.18664064950977,1.73460105544693,0.832909122935104,19.66666667,4.666666667,5.42857142896939,1.43203048183614,0.339803843114236,2.23753230066364,0.22314355131421,2.19927662579437,2.56680884861299,0.367532222818631,-0.885230745449847,-1.78692267796167,3.89961894097364,-2.53652263403463,0.065821594224593,0.0730817241384306,0.0728151092335637,14.5343333333333,14.94,13.81,1.29800944625232,-0.0345914447696191,-0.155484902840395,0.448524597568611,-1.30933331998376,4.55142795951795,2.98618642961496,2.63182968777567,2.77321566192202,-Inf,2.11618875558625,1.54277988074679,1.32274223253719,82.9310446533333,86.153417085,428.6820068,108.72470728125,42,26,107
"2016-10-31",50,0.1,1.37072973266067,1.40456398928636,16.131075,6.82743,34.74164822,0.779164313452678,NA,3.03013370027132,5.24121777450746,1.50407739677627,1.17865499634165,1.70474809223843,0.936093359170335,2.95491027903374,5.17558460116574,1.79175946922805,0.832909122935104,22.5,5,5.7,1.61696633051078,0.359325851224618,2.21108407423614,0.342944751126831,2.220674322132,2.54262105013861,0.321946728006603,-0.841204081799074,-1.80005442809203,3.91202082867176,-2.56415679973752,0.0671848366638063,0.0713300175093225,0.0718651702449236,15.2366666666667,15.31,15.13,1.49649315341797,0.253090627682162,-0.303811454381665,0.736206670020392,-1.04982212449868,4.49825932661271,2.99222546036597,2.78727221260958,2.76851741162818,-Inf,1.44967953944451,1.17264680588698,1.25975597050451,77.8504948283333,79.349406305,596.7180176,160.927333677083,43,27,108
