"Date","mean_flow","mean_wrt","Temp_inf_mean"
2013-05-15,0.0160159025616304,224.465138021111,15.6645161290323
2013-05-16,0.014969754357737,240.337632855888,15.3409375
2013-05-17,0.0141287990907396,254.802155752909,15.2883333333333
2013-05-18,0.0170094454625517,222.040616530061,14.9034375
2013-05-19,0.0241258206294886,173.901237421773,14.6352083333333
2013-05-20,0.0384857539244875,96.0727024284754,14.3988541666667
2013-05-21,0.0263694638874329,137.33277385204,15.25625
2013-05-22,0.0204119877002752,176.380078523425,16.0263541666667
2013-05-23,0.0196656945769741,184.068491067677,15.6815625
2013-05-24,0.0185724125141043,194.174454010006,13.7594791666667
2013-05-25,0.0161685660370514,223.19940280794,11.8135416666667
2013-05-26,0.0148865345695013,241.561483063816,12.67125
2013-05-27,0.0140876538450736,255.281662083582,12.9691666666667
2013-05-28,0.014075575043094,255.561857403976,14.8189583333333
2013-05-29,0.0139626615332983,257.757822615112,16.2132291666667
2013-05-30,0.0131619857274519,273.699374155366,16.7998958333333
2013-05-31,0.014262179911068,252.667374986175,17.0845833333333
2013-06-01,0.0136316372770663,264.147114206888,17.2772916666667
2013-06-02,0.0174973061760321,227.45453509238,16.981875
2013-06-03,0.0154655996914535,233.090798956896,16.8058333333333
2013-06-04,0.013281937065762,271.201076558053,16.4354166666667
2013-06-05,0.0122696900912955,292.983625123623,16.0663541666667
2013-06-06,0.057704564297598,110.245079559825,15.2288541666667
2013-06-07,0.0458958051563939,79.4850261501669,15.0013541666667
2013-06-08,0.0332050404214443,109.637653577562,15.4023958333333
2013-06-09,0.0245025702869682,147.049812541381,16.3019791666667
2013-06-10,NA,NA,16.6768115942029
2013-06-11,0.0285656256984688,126.864163241884,16.4208333333333
2013-06-12,0.0232515519166539,155.012975645315,17.17
2013-06-13,0.0218824913718019,166.599795284997,17.817037037037
2013-06-14,0.0181639672167969,199.050749216243,16.3373958333333
2013-06-15,0.0158791617277265,226.736042965904,16.3401041666667
2013-06-16,0.0150546858370807,238.833221124755,16.9004166666667
2013-06-17,0.0150718411932283,238.949090350437,17.4588541666667
2013-06-18,0.0175265525004683,214.226945376673,17.2314583333333
2013-06-19,0.0150398454195705,239.738797470538,16.864375
2013-06-20,0.0136732990922902,262.847793869827,17.1284375
2013-06-21,0.0128078479020532,280.756087376616,17.1276041666667
2013-06-22,0.0125120452726828,287.711879885478,16.9171875
2013-06-23,0.0122053840808269,295.167885161463,17.9520833333333
2013-06-24,0.0117178448453305,307.726410471547,18.4985416666667
2013-06-25,0.0115166188901503,312.626677649284,18.6259375
2013-06-26,0.0155427640314238,265.374395723705,18.5155208333333
2013-06-27,0.0127112243441406,283.11728039458,18.0690625
2013-06-28,0.0118905738477368,304.006868895203,18.8083333333333
2013-06-29,0.0112808044690787,326.067842587826,18.5846875
2013-06-30,0.0112887552169895,319.120814802995,18.56625
2013-07-01,0.0109062852962341,330.439356284961,18.653125
2013-07-02,0.0407452779773116,204.265163534618,18.3464583333333
2013-07-03,0.0816473345356487,49.6140543986687,17.1885416666667
2013-07-04,0.0946752142667569,38.6422584078479,17.1304166666667
2013-07-05,0.0584427844985594,63.2608323159472,17.2282291666667
2013-07-06,0.0372269872305884,97.2613812430165,17.5744791666667
2013-07-07,0.030161314084415,119.229027261791,17.6027083333333
2013-07-08,0.026311012419065,137.082788635038,17.4857291666667
2013-07-09,0.0222414573373545,161.971989703432,18.0057291666667
2013-07-10,0.0762928935354466,121.478639413445,18.1315625
2013-07-11,0.0747558500953102,53.3388848173592,17.1228125
2013-07-12,0.0590384920551911,63.0188385467775,16.7646875
2013-07-13,0.0436848734182048,83.5553546600709,16.71625
2013-07-14,0.0422820975913585,85.4310754296403,17.545
2013-07-15,0.0347538252302326,103.650268500126,17.681875
2013-07-16,0.0294009352818673,122.465165031008,18.1255208333333
2013-07-17,0.0264079739535484,136.352065501316,18.5190625
2013-07-18,0.0250351390066214,143.593579858126,18.5863541666667
2013-07-19,0.0234442759375957,153.409854129934,18.778125
2013-07-20,0.0221603786164785,162.234968355232,18.7440625
2013-07-21,0.0220239845467379,163.793540255839,18.5808333333333
2013-07-22,0.020941737309067,171.711875188281,18.580625
2013-07-23,0.0198680491348519,181.211751782651,18.6672916666667
2013-07-24,0.0184739189404454,194.836571319825,18.6217708333333
2013-07-25,0.0170936830420883,210.356214139772,17.8819791666667
2013-07-26,0.0162503590739559,221.152067508212,17.6116666666667
2013-07-27,0.0177949789246137,203.376537296323,17.5373958333333
2013-07-28,0.017035739638845,211.1286791004,17.6270833333333
2013-07-29,0.0152442887729504,236.559891286558,17.2863541666667
2013-07-30,0.0141194495351175,254.951410248901,16.7170833333333
2013-07-31,0.0138885158692127,258.870034204505,16.8929166666667
2013-08-01,0.0148626738978324,242.593358584211,17.3035416666667
2013-08-02,0.0134948044126074,267.473039045265,17.4836458333333
2013-08-03,0.0127798564035829,281.468514257869,17.403125
2013-08-04,0.0124392275406742,290.596437131459,17.6832291666667
2013-08-05,0.0112120633390733,320.941632792748,16.9780208333333
2013-08-06,0.012202467983034,296.359954981664,17.614375
2013-08-07,0.0122684534106227,292.83504702182,17.7992708333333
2013-08-08,0.0215065934410203,244.710482293748,18.2040625
2013-08-09,0.0168298391697254,214.834923447795,18.6921875
2013-08-10,0.0133397618053091,270.482756372202,19.0254166666667
2013-08-11,0.0147577310743938,262.066221013831,18.9964583333333
2013-08-12,0.0139445474240279,259.937637700969,19.0270833333333
2013-08-13,0.0131648779984884,276.710710305279,18.6296875
2013-08-14,0.0115566171731831,315.911140275917,17.44625
2013-08-15,0.0101944967434477,353.445707366272,15.8383333333333
2013-08-16,0.0100854041469201,357.459493862507,15.5865625
2013-08-17,0.0104328819910704,346.323409791604,15.54875
2013-08-18,0.019876396639082,191.807470885043,16.0686458333333
2013-08-19,0.0141508120484891,255.004190878218,16.4855208333333
2013-08-20,0.0121880067838368,296.006294535135,17.3445833333333
2013-08-21,0.0112178661389753,321.089098583512,17.8079166666667
2013-08-22,0.0111749184446439,324.328922478851,18.051875
2013-08-23,0.0101779850331711,354.476198300863,18.065
2013-08-24,0.00967822397395169,373.231199697782,17.0582291666667
2013-08-25,0.00880460153781293,410.807597462175,16.7040625
2013-08-26,0.00855167521301351,422.776846751647,16.85375
2013-08-27,0.0089910832268965,401.580609859039,17.9017708333333
2013-08-28,0.00949447180293456,382.301261993008,18.3145833333333
2013-08-29,0.00906073999400542,399.622569812711,19.0447916666667
2013-08-30,0.00816927243135808,440.947881439704,18.82375
2013-08-31,0.00892890464346986,410.07477470597,18.7621875
2013-09-01,0.008674447619719,416.894044454213,18.7163541666667
2013-09-02,0.00821293852989599,441.306828157654,18.9864583333333
2013-09-03,0.00779626194872936,462.705517773493,19.0504166666667
2013-09-04,0.00690064244176421,523.021891089789,17.629587628866
2013-09-05,0.00688939336502013,526.430633461169,17.5767708333333
2013-09-06,0.00622312402143811,582.997124621432,17.1275
2013-09-07,0.00623777181409058,578.856090668492,16.5517708333333
2013-09-08,0.00659057288631737,548.432549423997,17.4705208333333
2013-09-09,0.00625236496575715,578.628299751503,17.93875
2013-09-10,0.0126194750456611,386.868730117735,18.5991666666667
2013-09-11,0.0238397770240122,155.489387648654,20.09375
2013-09-12,0.0221446192303103,162.526491217074,20.4670833333333
2013-09-13,0.0211107228021231,170.31553251031,19.1359375
2013-09-14,0.0206505678360261,174.037520436709,16.9036458333333
2013-09-15,0.0203234988769827,176.790831208269,16.9534375
2013-09-16,0.0208092893215222,172.697612002797,17.9103125
2013-09-17,0.0201874302974983,178.109081250225,16.5175
2013-09-18,0.0197627379087984,181.861481406224,15.810625
2013-09-19,0.0196951568506709,182.414950935369,17.0146875
2013-09-20,0.0215084298800613,169.804557881285,17.6203125
2013-09-21,0.0245772378704743,153.186215231637,17.5779166666667
2013-09-22,0.0227404079359303,158.364705336614,16.6644791666667
2013-09-23,0.0207073552637063,173.511540402278,15.939375
2013-09-24,0.019980468783847,179.846415674659,16.1780208333333
2013-09-25,0.0199446608690428,180.282856041249,16.4639583333333
2013-09-26,0.0201360993505787,178.373197450372,16.800625
2013-09-27,0.0198701363849706,180.787816668999,16.13
2013-09-28,0.0189941743455177,189.153751209471,16.0029166666667
2013-09-29,0.019326967011895,185.882037317896,15.3435416666667
2013-09-30,0.0184722366260301,194.461786543578,15.7184375
2013-10-01,0.0185202842773846,194.063396631178,16.50375
2013-10-02,0.0184508373561201,194.800289973168,16.8859375
2013-10-03,0.017952760941089,200.19707068514,17.4533333333333
2013-10-04,0.0179059326728252,200.964262471774,17.9701041666667
2013-10-05,0.0179689994327536,200.178103203946,18.4748958333333
2013-10-06,0.0170821976062163,210.315626820638,18.5284375
2013-10-07,0.0293247808203452,147.306258799734,17.5442708333333
2013-10-08,0.0197606668950241,182.807503057239,15.1972916666667
2013-10-09,0.0183540812134836,195.847811529132,14.6460416666667
2013-10-10,0.0208928105484929,173.42646008551,14.56625
2013-10-11,0.019571843381382,183.79670440535,15.8492708333333
2013-10-12,0.0192470738976501,186.657550427409,16.0960416666667
2013-10-13,0.0183560639478362,195.956234446843,16.1608333333333
2013-10-14,0.0189956045160202,190.497226349692,15.8554166666667
2013-10-15,0.0178447916823967,201.54246359093,15.185
2013-10-16,0.0173979368802731,207.058604579946,15.4340625
2013-10-17,0.0174684543597732,206.067470150313,16.0059375
2013-10-18,0.017706357696107,203.648434454399,14.1977083333333
2013-10-19,0.016643276564108,217.070470940641,13.9453125
2013-10-20,0.0172192980547453,209.077951655695,12.4422916666667
2013-10-21,0.0164526815595951,218.963993169168,12.4622916666667
2013-10-22,0.0163537966063144,220.202404901578,13.39125
2013-10-23,0.0179711984780757,201.755077939596,12.3072916666667
2013-10-24,0.0176416724547244,204.060634117095,10.1320833333333
2013-10-25,0.0180215122519006,199.73463624164,9.12572916666667
2013-10-26,0.0169790122417454,212.673718905704,8.84614583333333
2013-10-27,0.0171910608955018,209.352785048947,10.6071875
2013-10-28,0.0173050623187626,208.021726420291,11.3121875
2013-10-29,0.016802950936351,214.146962004703,12.59
2013-10-30,0.0165826301949148,217.278184720622,13.1554166666667
2013-10-31,0.0158106717872575,228.286249181435,13.81375
2013-11-01,0.0176834157547294,205.693938906931,14.6408333333333
2013-11-02,0.0183347458710728,196.609604643357,12.6602083333333
2013-11-03,0.0194177271357299,185.356451933313,10.9240625
2013-11-04,0.018749082915399,192.632929570145,9.453125
2013-11-05,0.0182858375328033,197.531882132187,9.2921875
2013-11-06,0.0177208394141517,202.930748212063,11.2809375
2013-11-07,0.0193786133282933,186.185815573604,11.2535416666667
2013-11-08,0.0203644160217465,176.57605498706,8.6040625
2013-11-09,0.0196531025867165,183.635041269199,8.14052083333333
2013-11-10,0.0201907221915063,179.018676073205,8.99114583333333
2013-11-11,0.0194644320539329,185.709552823834,8.2778125
2013-11-12,0.0213830825919529,169.098781078436,7.97958333333333
2013-11-13,0.0211629931084356,170.774585175703,5.57552083333333
2013-11-14,0.0202593520168864,178.003895521588,6.1878125
2013-11-15,0.0205190285330467,176.929166750501,7.28541666666667
2013-11-16,0.0228613823276015,160.382370822589,9.419375
2013-11-17,0.0198025047581045,182.133754892335,10.4644791666667
2013-11-18,0.0226915843493237,159.351409084848,10.3678125
2013-11-19,0.0223381648403071,161.400688160813,7.51572916666667
2013-11-20,0.0211980226896648,170.095349711072,6.689375
2013-11-21,0.0200919764575783,179.22586017918,7.58989583333333
2013-11-22,0.019477765080116,184.721526096128,9.519375
2013-11-23,0.0216532896646579,167.077324155877,8.5853125
2013-11-24,0.0231689889217113,156.066300482164,3.94041666666667
2013-11-25,0.0214257481160696,168.95825752944,3.7225
2013-11-26,0.0380746810067555,121.303034448538,5.25552083333333
2013-11-27,0.0395246824320514,93.6290131584968,5.71291666666667
2013-11-28,0.0249559244019988,146.252226559095,3.5321875
2013-11-29,0.0209368215751182,172.485941580335,3.93875
2013-11-30,0.0190723124641155,189.443238925836,3.7234375
2013-12-01,0.0187834654937503,192.129905983112,4.05177083333333
2013-12-02,0.0180819334593661,199.114180701513,5.51604166666667
2013-12-03,0.0182518311117437,197.533161974835,6.36739583333333
2013-12-04,0.0174304534512462,207.083967052656,7.64322916666667
2013-12-05,0.0167058176011783,215.870509488718,9.05520833333333
2013-12-06,0.0216675411486609,177.248073031687,11.2435416666667
2013-12-07,0.0327371662950359,113.848551875243,8.71197916666667
2013-12-08,0.0241225732075049,149.957500111599,5.59041666666667
2013-12-09,0.0260740697442475,140.147380220228,5.8421875
2013-12-10,0.0307299233999561,118.21874335271,5.9584375
2013-12-11,0.0268200598129721,135.304439219015,4.21458333333333
2013-12-12,0.0236956751013539,152.568990139319,3.385625
2013-12-13,0.0214903525318792,168.512089687332,3.21114583333333
2013-12-14,0.0211313421425818,172.803132931657,4.33541666666667
2013-12-15,0.0219426151437183,164.915635987815,4.75052083333333
2013-12-16,0.0204985313788668,175.911416671461,4.29229166666667
2013-12-17,0.019839728643381,182.526392664212,4.82052083333333
2013-12-18,0.0204999231698396,176.212342574195,3.5346875
2013-12-19,0.0189192562479285,190.178548805098,4.33229166666667
2013-12-20,0.0184743739352757,195.173377961148,5.5809375
2013-12-21,0.0180986687094038,199.4134161528,7.35541666666667
2013-12-22,0.0198181507822481,185.545589410243,9.93458333333333
2013-12-23,0.0442769504898601,83.9441045810328,9.28916666666667
2013-12-24,0.0326405625628971,110.783673136286,5.09791666666667
2013-12-25,0.0256721786499502,141.495861104363,2.77104166666667
2013-12-26,0.0232180108408683,155.276469584381,3.13875
2013-12-27,0.0215632227659328,167.71576643138,3.38760416666667
2013-12-28,0.0201423353959529,179.436240450081,4.03135416666667
2013-12-29,0.0380854427851192,104.809323883116,5.92552083333333
2013-12-30,0.0324615814695664,111.276927533307,5.93395833333333
2013-12-31,0.0272372376541551,132.198447458554,4.35958333333333
2014-01-01,0.0240452995547625,150.403445374592,3.78760416666667
2014-01-02,0.0224823257414249,160.839265644484,4.23052083333333
2014-01-03,0.0266268616611777,136.432822180365,1.32052083333333
2014-01-04,0.022318076802218,162.373296755757,1.0665625
2014-01-05,0.0213375290946727,169.157785369749,3.471875
2014-01-06,0.0240112882869694,151.859356758442,3.18177083333333
2014-01-07,0.0412303933340384,97.990720697178,0.253229166666667
2014-01-08,0.0332987350457034,119.173841485107,0.280416666666667
2014-01-09,0.0209099024075279,173.06768056236,1.22041666666667
2014-01-10,0.022163084832001,163.201660832581,2.7440625
2014-01-11,0.0339938796212045,114.167582471798,4.64052083333333
2014-01-12,0.0345599929300444,104.634282448658,4.47770833333333
2014-01-13,0.027627961604198,131.729615148934,4.4509375
2014-01-14,0.0265610562335369,135.950250065885,5.34291666666667
2014-01-15,0.0255252683803557,141.23312938618,4.3178125
2014-01-16,0.0245660114966646,147.132185499433,2.81520833333333
2014-01-17,0.0235145697100996,153.776652798816,3.0428125
2014-01-18,0.0243611649022783,148.118389394101,1.73041666666667
2014-01-19,0.0227849545662519,158.045978067149,2.380625
2014-01-20,0.0219898237151009,163.988451568505,3.23364583333333
2014-01-21,0.022778863584966,159.441967902343,2.88552083333333
2014-01-22,0.0258863005189524,139.217445123639,0.421041666666667
2014-01-23,0.026164766816883,138.772566099178,0.3915625
2014-01-24,0.0510704142825776,81.5602023606018,0.250625
2014-01-25,0.0419095854618939,95.1276053488206,0.381354166666667
2014-01-26,0.0218402821272838,166.309425806222,0.776041666666667
2014-01-27,0.02241369514537,160.892401744602,1.98770833333333
2014-01-28,0.0246530231475377,147.271729917525,0.260625
2014-01-29,0.0250837298389248,148.176844629447,0.308125
2014-01-30,0.0300176771927117,127.598979815677,0.292604166666667
2014-01-31,0.020829349514093,173.578356383626,1.19197916666667
2014-02-01,0.0195766581697287,184.855545175874,2.6
2014-02-02,0.0196345606005766,183.566723495228,4.269375
2014-02-03,0.0444951276201808,96.0407975976692,5.1546875
2014-02-04,0.0325210199592119,111.498059384846,4.06604166666667
2014-02-05,0.0279093318057268,129.417586087122,4.29494949494949
2014-02-06,0.0265872803452627,135.61819611026,3.05729166666667
2014-02-07,0.0247413906927372,145.405030172659,2.74802083333333
2014-02-08,0.0234545256665341,153.153445324158,3.27604166666667
2014-02-09,0.0228590970379223,157.104769356712,3.94447916666667
2014-02-10,0.0232406099224865,154.621485526976,3.0775
2014-02-11,0.0227282358071048,158.361946836941,2.10791666666667
2014-02-12,0.031209784173011,134.679969120531,0.692083333333333
2014-02-13,0.0785244333517185,51.4981056679373,0.208125
2014-02-14,0.0263229281362746,141.237182956296,1.844375
2014-02-15,0.0243293283996415,148.062550209443,2.6284375
2014-02-16,0.0228107212350988,158.108102930817,2.14395833333333
2014-02-17,0.0215532971478779,166.833465701702,2.4559375
2014-02-18,0.0221611083232424,162.697123066921,3.496875
2014-02-19,0.0295184681324199,127.735251141426,4.7221875
2014-02-20,0.0308931315232342,116.349705687085,4.45916666666667
2014-02-21,0.0507417731278112,79.3866020589645,5.64791666666667
2014-02-22,0.0400013218181914,90.5470556605601,5.49041666666667
2014-02-23,0.0320077472119843,112.467304303105,6.04791666666667
2014-02-24,0.0285212853351149,126.176769476091,5.13010416666667
2014-02-25,0.0268275738824695,133.919625110259,3.85145833333333
2014-02-26,0.0265481508443056,135.274065547104,3.73302083333333
2014-02-27,0.0261636666200044,137.808130831139,2.58604166666667
2014-02-28,0.0248269472937009,145.032533426899,2.18197916666667
2014-03-01,0.0236173215440153,152.374418315279,2.95604166666667
2014-03-02,0.0240455745653963,149.803050259138,5.54697916666667
2014-03-03,0.0366052703677992,101.446836142707,4.31177083333333
2014-03-04,0.0316996592133356,113.858684904279,2.39822916666667
2014-03-05,0.0282960416197297,127.021750265652,3.98333333333333
2014-03-06,0.0263882780173657,136.156278033715,3.55520833333333
2014-03-07,0.0270617270873146,132.692357466975,3.2046875
2014-03-08,0.0183155957107798,212.159161782794,5.79270833333333
2014-03-09,0.0128279808671465,280.268214185713,7.00833333333333
2014-03-10,0.0124482246403472,288.816777604165,7.01395833333333
2014-03-11,0.0122964001868476,292.116760519103,8.94083333333333
2014-03-12,0.0126104166438088,287.066016076185,8.51625
2014-03-13,0.0129569492344637,280.229157042909,4.05583333333333
2014-03-14,0.0110138935179389,330.228025590331,5.04041666666667
2014-03-15,0.0105954891169559,339.906376485028,7.60072916666667
2014-03-16,0.0114101596614479,319.435503490237,5.675
2014-03-17,0.0120844035185851,297.505802236351,3.383125
2014-03-18,0.012263607382893,295.091338120912,3.97614583333333
2014-03-19,0.0128626868913094,286.402126111892,5.13395833333333
2014-03-20,0.0146765008351748,274.824149192636,6.96416666666667
2014-03-21,0.0264357140203591,150.720485720074,7.44229166666667
2014-03-22,0.0100508692430441,414.700508112923,8.47322916666667
2014-03-23,0.0258223876920094,164.784666577563,6.94072916666667
2014-03-24,0.0489392813335976,88.2115960901278,5.26552083333333
2014-03-25,NA,NA,3.82770833333333
2014-03-26,0.0484856042226106,139.620337544397,3.46
2014-03-27,0.0958210602960275,39.4147506299207,4.610625
2014-03-28,0.0400080764761577,91.4451913774518,6.93572916666667
2014-03-29,NA,NA,8.6478125
2014-03-30,NA,NA,6.30510416666667
2014-03-31,0.0431573881101806,89.2705367624686,7.548125
2014-04-01,0.0394993677350098,106.831986390686,9.72916666666667
2014-04-02,0.0296880537316423,127.910621603,11.60125
2014-04-03,0.0213037202622767,364.142842929636,11.8626041666667
2014-04-04,NA,NA,12.1667708333333
2014-04-05,NA,NA,10.6969791666667
2014-04-06,0.0484171094850427,78.1954240988703,9.39239583333333
2014-04-07,NA,NA,8.71197916666667
2014-04-08,NA,NA,10.1069791666667
2014-04-09,NA,NA,9.63708333333333
2014-04-10,0.0626709213802102,60.1679733956236,10.4907291666667
2014-04-11,0.044843812031501,89.1579743959246,11.7438541666667
2014-04-12,0.0667173804315969,56.1376012254631,12.7872916666667
2014-04-13,0.0472447066713769,81.0790311972221,13.745625
2014-04-14,NA,NA,13.5233333333333
2014-04-15,NA,NA,11.5013541666667
2014-04-16,0.135291225120554,29.7208808239743,8.74520833333333
2014-04-17,0.201303332617271,17.9692842851337,9.16291666666667
2014-04-18,0.138556997667068,27.212590625861,9.13270833333333
2014-04-19,0.0862484079241599,41.883059862988,10.2632291666667
2014-04-20,0.103633239186967,35.0909010710822,11.5219791666667
2014-04-21,0.0420856991207029,186.597917006773,12.0828125
2014-04-22,NA,NA,12.7447916666667
2014-04-23,NA,NA,12.1591666666667
2014-04-24,0.0290558211148723,148.721309888109,11.8853125
2014-04-25,NA,NA,11.8360416666667
2014-04-26,0.00421243018452138,3871.24098722932,13.3246875
2014-04-27,0.0155110856508676,330.538925906269,14.4589583333333
2014-04-28,0.0649664508178962,85.1656381887944,12.4473958333333
2014-04-29,0.0980833287696486,36.692572309767,11.9964583333333
2014-04-30,0.0990888069978679,36.2213864727719,12.6805208333333
2014-05-01,0.0995563195085945,36.0620248923555,13.3479166666667
2014-05-02,0.0945109899724372,37.9775263599986,13.0466666666667
2014-05-03,0.0934516826083001,38.4092043688728,13.2922916666667
2014-05-04,0.0936443081796595,38.3342189400183,13.6697916666667
2014-05-05,0.0926957866980175,38.7190246070515,13.6316666666667
2014-05-06,0.0943125068448838,38.0600833833157,14.0163541666667
2014-05-07,0.0954584109493834,37.5907736178279,14.5348958333333
2014-05-08,0.0963211472178552,37.2643472172596,14.9563541666667
2014-05-09,0.0962398041518217,37.2934594026091,15.0177083333333
2014-05-10,0.0954204428946703,37.6105822763545,14.8069791666667
2014-05-11,0.0944603316431343,37.9912557858702,15.1508333333333
2014-05-12,0.0948296740351929,37.8479038591196,15.5157291666667
2014-05-13,0.0959370668191073,37.4164785928752,15.8023958333333
2014-05-14,0.0941190859508727,38.133243568216,15.92125
2014-05-15,0.107583632964616,34.109551337287,15.5625
2014-05-16,0.109170641958607,32.9783700843725,14.6486458333333
2014-05-17,0.0993163307746273,36.13907067471,14.6852083333333
2014-05-18,0.0969931707433267,36.9979631797295,15.1161458333333
2014-05-19,0.0959793518121853,37.3864128848321,15.476875
2014-05-20,0.0955312409211185,37.5638744728375,16.1153125
2014-05-21,0.0966656917782998,37.1289633573096,16.8329166666667
2014-05-22,0.0960244825886252,37.3804806729819,17.1725
2014-05-23,0.09457273719782,37.947652963402,16.9240625
2014-05-24,0.0940214486902301,38.1679743832583,16.7678125
2014-05-25,0.0939752793174558,38.1907368967241,17.1657291666667
2014-05-26,0.0954304705627502,37.6114613221422,17.61875
2014-05-27,0.0985876361957133,36.4261553014051,18.0373958333333
2014-05-28,0.10001713044818,35.8910347107901,18.188125
2014-05-29,0.0987827183285382,36.3376224183833,17.8802083333333
2014-05-30,0.0992090968221412,36.1742809510717,18.0916666666667
2014-05-31,0.0994753562977002,36.0740674534863,18.0867708333333
2014-06-01,0.0980332174968182,36.6042400958128,17.88875
2014-06-02,0.0994863108708914,36.0763086228125,18.2266666666667
2014-06-03,0.0999876658889865,35.8892852935361,18.6297752808989
2014-06-04,0.102569440102488,35.0795373364163,19.0195833333333
2014-06-05,0.101206421149249,35.4667487537951,19.0382291666667
2014-06-06,0.0990136624752493,36.2440630900178,18.9666666666667
2014-06-07,0.0974936580921201,36.809877863179,19.3865625
2014-06-08,0.0970262245198155,36.9872915216548,19.6675
2014-06-09,0.0967619255364423,37.0913963768157,19.9798958333333
2014-06-10,0.0975972024706428,36.8182982038993,20.3854166666667
2014-06-11,0.101039351915736,35.6481651459022,20.380625
2014-06-12,0.100151593014602,35.8509856362494,20.2892708333333
2014-06-13,0.0977613840059172,36.7123613749514,20.5460416666667
2014-06-14,0.0973412706020197,36.8694115488097,20.51
2014-06-15,0.0949178687864978,37.8135009202979,20.8290625
2014-06-16,0.0956266297942159,37.543524365952,21.5202083333333
2014-06-17,0.0969981886902026,37.1510039566201,21.785625
2014-06-18,0.0971524238368682,36.9515232172901,22.0245833333333
2014-06-19,0.0966575855743609,37.1319557240157,22.1715625
2014-06-20,0.0971287166958123,36.9615646726322,22.1376041666667
2014-06-21,0.0966761342491038,37.1302485992742,22.12875
2014-06-22,0.0934034058533575,38.4275567316193,22.195
2014-06-23,0.0916347747657748,39.166747394096,22.2489583333333
2014-06-24,0.0940565432445913,38.181299525607,22.891875
2014-06-25,0.0964369732757915,37.2272526879361,23.4425
2014-06-26,0.0962883723969197,37.2755626034677,23.48875
2014-06-27,0.0962271804926911,37.3064864515112,23.6713541666667
2014-06-28,0.0966497462228007,37.1355771361555,23.6363541666667
2014-06-29,0.0965437736993898,37.1729401785056,22.9189583333333
2014-06-30,0.0965202814666654,37.1834044346548,23.4110416666667
2014-07-01,0.0966740986953195,37.1265597702715,24.0598958333333
2014-07-02,0.0976899377509092,36.7418258239276,24.4198958333333
2014-07-03,0.112178954978762,33.0949526238731,23.5169791666667
2014-07-04,0.101822754809142,35.2752685652431,22.7420833333333
2014-07-05,0.0979282368046488,36.6435881818632,22.486875
2014-07-06,0.0967049090702384,37.1116360170813,22.8523958333333
2014-07-07,0.0970740840541477,36.9680095587365,23.4298958333333
2014-07-08,0.0969657419388607,37.0193583297374,23.71875
2014-07-09,0.0979145146287323,36.6714907181263,23.5197916666667
2014-07-10,0.0973208406294961,36.9009324888463,23.4784375
2014-07-11,0.0976269173053501,36.7686760497177,23.4807291666667
2014-07-12,0.096126311871645,37.3350383567177,23.9452083333333
2014-07-13,0.0958380531920604,37.4487522073214,24.1351041666667
2014-07-14,0.0959833015022117,37.3941075012409,24.3572916666667
2014-07-15,0.0961590183789994,37.3750471861865,23.8721875
2014-07-16,0.0944207566842058,38.0079710374753,23.0546875
2014-07-17,0.094164890418272,38.1097699607948,22.746875
2014-07-18,0.0927266807292463,38.7039800804665,22.8926041666667
2014-07-19,0.0928131333117858,38.6658795476273,22.8076041666667
2014-07-20,0.0935994618245439,38.340257010059,22.831875
2014-07-21,0.0938932357852772,38.2183209915639,23.081875
2014-07-22,0.0901772256393358,39.8424531191411,23.6660416666667
2014-07-23,0.0879695976249528,40.8192185618382,24.39125
2014-07-24,0.0932122583013942,39.1742049780558,23.8520833333333
2014-07-25,0.0987366751423212,36.8009381116499,23.18625
2014-07-26,0.0890811936085103,40.2957355114236,24.4505208333333
2014-07-27,0.0886710843697107,40.4728010374271,24.4802083333333
2014-07-28,0.0876440651887801,40.9541600305555,23.2076041666667
2014-07-29,0.0870111075919536,41.2432272692655,22.2395833333333
2014-07-30,0.0871752820246486,41.16851062761,22.0233333333333
2014-07-31,0.0875965745151643,40.974201539806,22.5263541666667
2014-08-01,0.0886791708230946,40.4697839187162,22.1123958333333
2014-08-02,0.0882326991159491,40.6708228295244,21.73625
2014-08-03,0.0881955282503688,40.6930463373186,22.1280208333333
2014-08-04,0.0869967119103992,41.2560604130489,22.6192134831461
2014-08-05,0.0869834366662233,41.2660096122666,23.4534375
2014-08-06,0.0871309292363224,41.1958307712978,23.60125
2014-08-07,0.0866167324096249,41.4350419114988,23.7626041666667
2014-08-08,0.0872714637481209,41.131309515401,23.335
2014-08-09,0.0983347152849249,36.7586908376266,21.5925
2014-08-10,0.093182232415466,38.522228568682,21.2203125
2014-08-11,0.0993047519999292,36.5889295849906,20.9296875
2014-08-12,0.119197129673529,30.3332508627509,20.3336458333333
2014-08-13,0.0983810697768036,36.5292648539589,20.591875
2014-08-14,0.091817244646302,39.0906406490493,20.6033333333333
2014-08-15,0.0909544014107205,39.4552871366799,21.2145833333333
2014-08-16,0.0902788363187982,39.7542651248201,21.3911458333333
2014-08-17,0.0906005127588714,39.6108228289575,21.9186458333333
2014-08-18,0.091525806299636,39.256359271862,22.0561458333333
2014-08-19,0.0904063069217558,39.7025973992249,22.2090625
2014-08-20,0.0876354660381054,40.955927645022,22.7220833333333
2014-08-21,0.0871032469585805,41.2187438495203,23.3060416666667
2014-08-22,0.0840169085720334,42.7177395327342,23.1263541666667
2014-08-23,0.0786441094657868,48.7982581554159,22.9547916666667
2014-08-24,0.101394985251855,35.4996509654621,21.7464583333333
2014-08-25,0.0918937808754357,39.0719438411705,21.603125
2014-08-26,0.0875584667595886,40.9944392569402,21.8314583333333
2014-08-27,0.0849790893435679,42.236666345092,22.3444791666667
2014-08-28,0.0762241341457557,47.6851723061411,23.1965625
2014-08-29,0.0533901645485587,67.3338102877839,22.1491666666667
2014-08-30,0.0503805377652543,71.2802169119652,23.1355208333333
2014-08-31,0.0477217227253755,75.2856066287141,23.6165625
2014-09-01,0.0452308874016005,79.4130267241797,23.87875
2014-09-02,0.0447584547321914,80.439871568057,23.9710416666667
2014-09-03,0.0463273082143238,77.7544144732738,23.5520833333333
2014-09-04,0.0472068483043904,77.5501700319825,23.5696875
2014-09-05,0.0469703957134214,76.4599381077294,23.4988541666667
2014-09-06,0.0472469275173979,76.1650315107675,23.5947916666667
2014-09-07,0.0471048369454203,76.1949600666098,22.633125
2014-09-08,0.0458634708314704,78.2577679292595,21.4242708333333
2014-09-09,0.045057507722805,79.667128534287,21.1458333333333
2014-09-10,0.0441432768507856,81.310625687912,21.3807291666667
2014-09-11,0.0438257868783415,81.9458536050718,21.7805208333333
2014-09-12,0.0447054303270487,80.518597134613,21.4609375
2014-09-13,0.0450713041396184,79.6568531434478,20.3444791666667
2014-09-14,0.0416715356316158,86.1429017096287,19.0378125
2014-09-15,0.0415554157020126,86.3744305686271,19.4267708333333
2014-09-16,0.0404496502819258,88.737716756806,19.8286458333333
2014-09-17,0.0389315479035142,92.2028407269473,18.9927083333333
2014-09-18,0.0356146386182805,101.023088571243,19.1122916666667
2014-09-19,0.034791425617656,103.376856694983,18.8952083333333
2014-09-20,0.0336257165856927,106.875736669791,18.9521875
2014-09-21,0.0315475979832204,113.891138644277,19.3430208333333
2014-09-22,0.0284912771498036,126.082552756442,18.0533333333333
2014-09-23,0.026886894223838,133.514506066157,16.6183333333333
2014-09-24,0.0266508642607551,134.6940509168,16.6104166666667
2014-09-25,0.025991491830401,138.196598453541,17.640625
2014-09-26,0.0251616399716361,142.632938349484,18.0295833333333
2014-09-27,0.0247348831086168,145.214190088318,17.6215625
2014-09-28,0.023891045957909,150.305851905378,17.631875
2014-09-29,0.0237231089974947,151.310819652682,18.13625
2014-09-30,0.0240795543927899,149.183650867699,18.3153125
2014-10-01,0.0231282502912569,155.278075823124,18.4257291666667
2014-10-02,0.0227211538505915,158.107178968305,18.6723958333333
2014-10-03,0.0231281347731152,155.467917640594,18.8626041666667
2014-10-04,0.0229127835266602,156.967231157928,16.0615053763441
2014-10-05,0.0216619056179586,165.826732472549,13.779375
2014-10-06,0.0209195928696884,171.756588552235,14.4751041666667
2014-10-07,0.0243486296154178,152.631464694143,15.504375
2014-10-08,0.0285756948315547,126.100984977883,16.1710416666667
2014-10-09,0.0256056077406418,140.725194024872,15.6482291666667
2014-10-10,0.0247277746955109,145.184135151805,16.2240625
2014-10-11,0.0251377603700927,142.829659602482,16.4053125
2014-10-12,0.0307610544619918,118.652312958056,15.028125
2014-10-13,0.0317796236852921,113.034346853848,15.4701041666667
2014-10-14,0.0345727191033191,104.270827343016,17.1189583333333
2014-10-15,0.0540536618122633,67.5727830237589,16.5773958333333
2014-10-16,0.0435190926230553,82.6873664691096,15.5772916666667
2014-10-17,0.0396104825803779,90.6198703656143,15.5608333333333
2014-10-18,0.0375997904242108,95.5134936277997,15.364375
2014-10-19,0.0367555997997534,97.7696126758493,13.7067708333333
2014-10-20,0.0353324389559316,101.729401453746,13.7930208333333
2014-10-21,0.031614092899365,113.770210410312,14.0240625
2014-10-22,0.030490325499704,117.838659320588,12.783125
2014-10-23,0.0269925834834281,135.128696324669,12.18375
2014-10-24,0.0209743992686502,171.621660667029,12.1863541666667
2014-10-25,0.0202410166768215,177.444704794007,12.4135416666667
2014-10-26,0.0159299945186772,242.0515294135,12.9008333333333
2014-10-27,0.00899698465840837,400.950331553368,12.4089583333333
2014-10-28,0.00822693376888535,438.189004654677,13.8734375
2014-10-29,0.00655463243302544,557.881260128713,13.83625
2014-10-30,0.00586089470378328,616.344174570354,11.4784375
2014-10-31,0.00614488498658667,591.713560674625,10.1345833333333
2014-11-01,0.00962637776150273,391.737288677628,9.59416666666667
2014-11-02,0.0060599206451194,618.07206423247,7.48927083333333
2014-11-03,0.00512146231252726,723.070072350297,7.9390625
2014-11-04,0.00494988042374916,729.22367980537,9.94010416666667
2014-11-05,0.00469101926788047,771.312701685777,11.1430208333333
2014-11-06,0.00513730390025915,707.866407522515,11.6860416666667
2014-11-07,0.00495966190485117,731.88640236435,9.29416666666667
2014-11-08,0.00543939484712858,666.347683964099,7.6971875
2014-11-09,0.00548591005493791,656.430641735718,8.73
2014-11-10,0.00548000926981627,661.673827764753,8.99083333333333
2014-11-11,0.00549107062960317,657.312572884172,9.38635416666667
2014-11-12,0.00537435969487255,674.25793619321,10.1226041666667
2014-11-13,0.00492512373404015,737.458770504876,8.49479166666667
2014-11-14,0.00571349939587054,634.780099082492,5.2659375
2014-11-15,0.00548081375344195,672.4950292362,3.79072916666667
2014-11-16,0.00509411133700401,708.726273478581,5.31833333333333
2014-11-17,0.00921528978820176,449.054076312519,6.330625
2014-11-18,0.00761533856892475,481.234363665497,2.66010416666667
2014-11-19,0.00640905396311322,573.737947799734,1.70885416666667
2014-11-20,0.00591857971132099,614.682085503025,3.34322916666667
2014-11-21,0.00639290697069983,566.497482478507,2.80322916666667
2014-11-22,0.00639567872959476,573.245692533069,2.82239583333333
2014-11-23,0.00819007499603104,514.673903579269,4.743125
2014-11-24,0.0124585563744612,317.87636786973,8.75895833333333
2014-11-25,0.00785658101967847,460.786361565439,8.37916666666667
2014-11-26,0.0220202378323651,210.322073181908,6.57479166666667
2014-11-27,0.0150638943676306,240.336822052591,5.93739583333333
2014-11-28,0.0112011956694862,324.67472158619,4.23104166666667
2014-11-29,0.00905133916097629,401.343986479692,4.38572916666667
2014-11-30,0.00782666129348836,461.847264839085,5.88895833333333
2014-12-01,0.00714068949996595,504.737249338138,8.055625
2014-12-02,0.0135011123666957,275.683800212594,7.26375
2014-12-03,0.011662230796579,309.183117770895,7.238125
2014-12-04,0.0105179858625573,342.327136127046,6.81114583333333
2014-12-05,0.0110681313708229,324.602414595359,6.44864583333333
2014-12-06,0.0113579486797476,316.852923394735,7.4625
2014-12-07,0.0117055056794928,309.180437790495,6.20572916666667
2014-12-08,0.0113494499174331,317.032843784382,4.62302083333333
2014-12-09,0.0120115339631633,299.812882002922,5.43114583333333
2014-12-10,0.0117327091349902,307.766883819224,4.77161290322581
2014-12-11,0.0121595377166276,299.001654617139,3.10385416666667
2014-12-12,0.0116017599065093,310.644719313791,3.70447916666667
2014-12-13,0.0113317484938482,319.203312306811,4.1665625
2014-12-14,0.0123269765989891,298.381856624882,4.37583333333333
2014-12-15,0.0110418068848238,326.980635044981,4.61166666666667
2014-12-16,0.010618460223207,339.152034226917,5.81822916666667
2014-12-17,NA,NA,6.19847826086956
2014-12-18,NA,NA,4.33206896551724
2014-12-19,0.0152861155381416,235.73787729887,3.81916666666667
2014-12-20,0.0149826347947695,239.707460395716,3.66395833333333
2014-12-21,0.0145078766330221,247.795529287284,4.56958333333333
2014-12-22,0.0155312292993468,231.320149098341,4.4721875
2014-12-23,0.0162698241572307,221.36792138033,5.31916666666667
2014-12-24,0.0227751817134426,161.796956313558,6.6328125
2014-12-25,0.0224573003523202,160.124034053948,6.15885416666667
2014-12-26,0.0209767654381837,171.487498228191,4.89083333333333
2014-12-27,0.0201825585483719,178.146355851511,5.74510416666667
2014-12-28,0.019517818559548,183.934569804767,6.9703125
2014-12-29,0.0214972748008213,167.160432287842,6.43947916666667
2014-12-30,0.0319981047817301,142.333471058627,4.8253125
2014-12-31,0.0908591164880569,39.515314787637,3.80302083333333
2015-01-01,0.0903229053057831,39.7474898584958,3.64614583333333
2015-01-02,0.0888594594756871,40.3889997892415,4.266875
2015-01-03,0.0895167142859388,40.0911811638521,4.431875
2015-01-04,0.0896285734112297,40.0466710668272,5.20395833333333
2015-01-05,0.0894739574220902,40.1219689001546,3.91177083333333
2015-01-06,0.0881434360199081,40.7240969645229,3.45479166666667
2015-01-07,0.0907428651692931,39.5911738815288,2.2990625
2015-01-08,0.0904397176483202,39.7342199893529,0.938645833333333
2015-01-09,0.0860153069361863,41.7325796554104,1.55916666666667
2015-01-10,0.0870220982940087,41.2694667478399,1.14770833333333
2015-01-11,0.0850546198799152,42.2403587686667,1.66625
2015-01-12,0.0857840186078616,41.8470911489881,2.72104166666667
2015-01-13,0.0849625662453914,42.2416312179016,2.52833333333333
2015-01-14,0.0855712726202425,41.939051444629,2.26416666666667
2015-01-15,0.0852741599013522,42.0967839215025,2.3134375
2015-01-16,0.0845480748435959,42.4522724054936,2.58239583333333
2015-01-17,0.0836244032675576,42.937815979207,2.72614583333333
2015-01-18,0.0829096411399891,43.2985816203736,3.24291666666667
2015-01-19,0.0827646864284885,43.3749127039002,3.3709375
2015-01-20,0.0832084379320966,43.1448049849416,3.71291666666667
2015-01-21,0.0821448798413871,43.6961394665632,3.84479166666667
2015-01-22,0.0827627740660657,43.3699715233055,3.66645833333333
2015-01-23,0.0839989587822075,42.7422603235737,3.47479166666667
2015-01-24,0.0858890211190322,41.7865730685557,3.56260416666667
2015-01-25,0.0833608590156104,43.0639901697421,3.74572916666667
2015-01-26,0.0838748898346963,42.8014896487671,3.83135416666667
2015-01-27,0.0857929120524804,41.8919024006253,2.63083333333333
2015-01-28,0.0808797868401764,44.5154729094891,2.18979166666667
2015-01-29,0.0638740338982486,58.6516579580541,2.48677083333333
2015-01-30,0.0569122694757656,63.9384469923801,2.61208333333333
2015-01-31,0.050639224883517,71.6921327660207,1.881875
2015-02-01,0.0432531623829037,83.0406893863436,3.0465625
2015-02-02,0.0454554513526081,79.3367954487381,3.39270833333333
2015-02-03,0.0458224219679766,79.3616321945058,1.89041666666667
2015-02-04,0.0390152850688585,92.7584991354649,2.70364583333333
2015-02-05,0.0409275152237083,88.1129778939693,2.161875
2015-02-06,0.0370939200659477,98.2263143584938,1.234375
2015-02-07,0.0322188050157326,111.60617683906,2.60333333333333
2015-02-08,0.0308427729536407,116.526254365475,3.95708333333333
2015-02-09,0.0305840356873427,117.365584647094,5.37677083333333
2015-02-10,0.0320445258301026,112.063685617692,4.71083333333333
2015-02-11,0.0311182800691221,115.620600168882,3.83572916666667
2015-02-12,0.0311577806268535,115.724241042897,3.30541666666667
2015-02-13,0.0330573083582577,109.709505517833,1.1121875
2015-02-14,0.03059563184443,117.826072761742,1.7628125
2015-02-15,0.0427865686160746,90.3148225557875,0.2575
2015-02-16,0.0378876054436487,96.4041720663427,0.19
2015-02-17,0.0429572624989897,87.5670924330729,0.4915625
2015-02-18,0.032880992624293,109.510943977686,0.90375
2015-02-19,0.0352742407034808,102.094783633871,0.343541666666667
2015-02-20,0.0306608085429503,163.317012115521,0.33
2015-02-21,0.0338210720381796,107.007044868667,0.486875
2015-02-22,0.0384527570110507,93.4566010296593,1.76
2015-02-23,0.0371903288848906,96.5768508032932,2.12354166666667
2015-02-24,0.0354235500355217,101.351572784059,1.28625
2015-02-25,0.0335381050740548,107.309155139915,1.87760416666667
2015-02-26,0.0338032180348044,106.242630433877,2.1940625
2015-02-27,0.0333702024865,107.782681796552,2.0728125
2015-02-28,0.0330067695574776,109.019544081254,1.48541666666667
2015-03-01,0.0322967201989974,111.217134442693,2.12322916666667
2015-03-02,0.0355086760739343,101.286365049401,3.4521875
2015-03-03,0.0353539386352202,101.541254952219,2.64541666666667
2015-03-04,0.0443079557302138,83.382279240489,3.84260416666667
2015-03-05,0.0883104057861066,42.92431522809,2.89270833333333
2015-03-06,0.0997085232964227,36.0543266655346,2.31354166666667
2015-03-07,0.0920713570794164,39.0052615984097,3.12989583333333
2015-03-08,0.0886840106293743,40.4810128536928,4.02447916666667
2015-03-09,0.0881410471385141,40.7185249749961,4.63927083333333
2015-03-10,0.0865686542744037,41.4535381999205,4.80270833333333
2015-03-11,0.0854622623334755,41.9898419557575,5.17270833333333
2015-03-12,0.0823487330116989,43.6058546888358,5.11333333333333
2015-03-13,0.0793336484125481,45.2661728904106,4.59916666666667
2015-03-14,0.0845485716502199,42.4535823005597,5.461875
2015-03-15,0.0857474886994698,41.8711204294444,6.12510416666667
2015-03-16,0.0810859373961437,44.259449431384,6.785625
2015-03-17,0.0782750857074176,45.8559760771065,7.304375
2015-03-18,0.0722920749889176,49.8427423833582,6.55166666666667
2015-03-19,0.0654234223246899,55.0381494654198,6.04322916666667
2015-03-20,0.0747029923492048,48.0439137354022,6.34458333333333
2015-03-21,0.0704264473499053,50.9907723781235,7.80052083333333
2015-03-22,0.0639612675296992,56.2004669539734,8.49020833333333
2015-03-23,0.0581365130850497,61.7420426067918,8.5890625
2015-03-24,0.0549718919742527,65.3226541627646,8.5034375
2015-03-25,0.0535467904986539,67.0226328294006,8.3471875
2015-03-26,0.0570916439542666,64.2805563109393,10.6498958333333
2015-03-27,0.0930475539614136,38.6197917513645,9.07416666666667
2015-03-28,0.0929826750260432,38.6221585833684,7.185
2015-03-29,0.0851070842343182,42.2321860496282,7.21708333333333
2015-03-30,0.0810557968678453,44.3014066876773,8.41041666666667
2015-03-31,0.0771873929114928,46.6206630814316,9.00771084337349
2015-04-01,0.0691417418487746,52.0024971965851,9.5521875
2015-04-02,0.0627794919127295,57.1783880407295,10.4373958333333
2015-04-03,0.0603621983884858,59.4559620066463,11.7002083333333
2015-04-04,0.0593035295943959,60.6678896275665,11.1021875
2015-04-05,0.0516715686513934,69.583108930096,10.3975
2015-04-06,0.0462063759758347,89.3327950001558,11.9332291666667
2015-04-07,0.0513635143630781,69.9363827748312,13.2828125
2015-04-08,0.0530733375238619,67.6316136309468,14.4351041666667
2015-04-09,0.0655682938571426,54.9494561489053,14.319375
2015-04-10,0.0643781965238953,55.7792223931765,14.2483333333333
2015-04-11,0.0593032931288287,60.6233096172584,13.7041666666667
2015-04-12,0.0545165789136169,65.8482638012504,13.3440625
2015-04-13,0.0536742314994447,66.8774903670876,14.3116666666667
2015-04-14,0.062475968657316,58.8443883499776,14.73125
2015-04-15,0.0737315496480316,48.6799357877645,13.7032291666667
2015-04-16,0.0727209264774013,49.361293425934,13.3611458333333
2015-04-17,0.0741809555814269,48.3876604912177,15.1716666666667
2015-04-18,0.0711259650087086,50.4732896264749,16.5671875
2015-04-19,0.0786677692345062,47.9612691440673,16.044375
2015-04-20,0.125989687269378,29.0499827121363,15.2083333333333
2015-04-21,0.0979460994712306,36.6767386608825,14.64125
2015-04-22,0.0930668313914198,38.5796113178168,14.376875
2015-04-23,0.0903169182985085,39.7550858652929,13.539375
2015-04-24,0.0891148923529339,40.2868763412382,13.0878125
2015-04-25,0.0889089107997581,40.3734224956258,12.3715625
2015-04-26,0.0900796152076121,39.8555963119942,11.9534375
2015-04-27,0.0888393582280383,40.4074449727079,12.2714583333333
2015-04-28,0.0870127322480681,41.2689203454587,12.8115625
2015-04-29,0.0854880015770995,41.9848366276171,13.8019791666667
2015-04-30,0.084630178428465,42.4265616493986,14.3232291666667
2015-05-01,0.0880499061917024,40.7886236928113,13.9123958333333
2015-05-02,0.0852390395690267,42.124337612179,14.32875
2015-05-03,0.0828627652640326,43.320006918109,15.1286458333333
2015-05-04,0.0807502605363007,44.4612983525148,16.3560416666667
2015-05-05,0.0793713170318312,45.2457600704766,17.6367708333333
2015-05-06,0.0756118142372681,47.4915649926887,18.5398958333333
2015-05-07,0.0724430588985965,49.5506432194821,19.0932291666667
2015-05-08,0.0698441126504692,51.3978843610545,19.5709375
2015-05-09,0.0654192719978321,54.8844165508791,20.0965625
2015-05-10,0.0621454628425397,57.7547270875309,20.420625
2015-05-11,0.0600398455444453,59.819125185054,21.0454166666667
2015-05-12,0.0573562308309722,62.6638614260808,21.2425
2015-05-13,0.0524761132556856,68.4606273958461,18.8926041666667
2015-05-14,0.048639428162605,73.7999626732048,17.5455208333333
2015-05-15,0.0470086120247347,76.3381845468089,18.353125
2015-05-16,0.0473745462412382,75.7955171110358,19.6629166666667
2015-05-17,0.0462281293841415,77.6432624613933,20.5769791666667
2015-05-18,0.0505759818408548,72.7268570499213,20.8859375
2015-05-19,0.0525202251511896,68.3896250522545,21.2554166666667
2015-05-20,0.0479997622146682,74.8317855541707,20.0945833333333
2015-05-21,0.0461720263391357,77.8061978266522,18.4244791666667
2015-05-22,0.0449914970870201,79.8759216270464,17.2870833333333
2015-05-23,0.0422159810179197,85.0614375652232,17.5275
2015-05-24,0.0406277688865417,88.3951971585858,18.376875
2015-05-25,0.0387801435365657,92.6055792128297,19.1726041666667
2015-05-26,0.0376928216451686,95.2625960050183,19.9696875
2015-05-27,0.0367452547409477,97.7259908113652,20.87
2015-05-28,0.035355644655063,101.565699871855,21.1655208333333
2015-05-29,0.0338319135260962,106.158705446832,21.39625
2015-05-30,0.0328573935696841,109.33740353959,21.5896875
2015-05-31,0.033117314804795,108.726002130726,21.73875
2015-06-01,0.0376506978669949,96.2214192143955,21.7691666666667
2015-06-02,0.0456604558868695,81.2005471811774,21.4554166666667
2015-06-03,0.0618552208008051,58.0317949405488,20.0835416666667
2015-06-04,0.0618757496204555,58.0111897692042,19.7244791666667
2015-06-05,0.0595451781693686,60.3089369842732,20.1121875
2015-06-06,0.0547805858127515,65.662444690033,21.0928125
2015-06-07,0.0495751664500451,72.4522992973249,21.1755208333333
2015-06-08,0.0604514128532949,65.7423816975185,21.1401219512195
2015-06-09,0.0699550899023419,51.393407257703,21.5275
2015-06-10,0.0625090096228246,57.4698461025867,21.9533333333333
2015-06-11,0.0562733752392978,63.8841783223564,22.9148958333333
2015-06-12,0.0513085021755038,69.9871657964068,23.5328125
2015-06-13,0.0490795439775749,73.1771816487142,23.7526041666667
2015-06-14,0.0473912145722889,75.8078343327563,23.7291666666667
2015-06-15,0.0452420438423139,79.4458748710944,24.2290625
2015-06-16,0.0421049817351185,85.3470704818226,24.48
2015-06-17,0.0437756774564853,85.265659722608,24.0002083333333
2015-06-18,0.0541957435274154,66.536231302917,23.9052083333333
2015-06-19,0.0519985358736661,69.1480841424426,24.0015625
2015-06-20,0.0476596876262611,75.3374843855618,24.2429166666667
2015-06-21,0.0452964609882044,79.3323739189588,24.285625
2015-06-22,0.0412104819887425,87.1832136356699,24.2623958333333
2015-06-23,0.0383715613407069,93.6801470842342,24.7959375
2015-06-24,0.0329761654280967,109.187469765076,24.1988541666667
2015-06-25,0.0292065250770401,123.002548310312,23.83375
2015-06-26,0.0294464635597428,122.322673496324,23.8246875
2015-06-27,0.0353908546858305,102.091787319231,23.1808333333333
2015-06-28,0.03234595445888,111.37315894295,21.4979166666667
2015-06-29,0.0281448459309265,127.663467400945,20.8651041666667
2015-06-30,0.0271857076329821,132.165375102879,21.5695833333333
2015-07-01,0.0278492587037638,129.08044835791,21.6091666666667
2015-07-02,0.0263062792425563,136.463941579172,21.7601041666667
2015-07-03,0.026139772288401,137.336061145669,21.0792708333333
2015-07-04,0.0277535257491732,129.521076643278,21.4879166666667
2015-07-05,0.0292532931624501,128.521710967089,21.6119791666667
2015-07-06,0.0450028877222503,80.4165696743945,21.9238541666667
2015-07-07,0.0440425969680073,81.6192409127395,22.6157291666667
2015-07-08,0.040800029566572,87.9872676810092,22.9734375
2015-07-09,0.0392037507609511,91.8011629651016,23.3596875
2015-07-10,0.0332828821926376,108.010368584405,23.4670833333333
2015-07-11,0.0312056015673885,115.276785507115,23.260625
2015-07-12,0.0286326487533382,125.501003145346,23.0167708333333
2015-07-13,0.0733470650836086,50.2311795967034,22.8191666666667
2015-07-14,0.0700132441098957,51.3846770635066,23.7328125
2015-07-15,0.0578431319489164,62.2203663854045,23.4266666666667
2015-07-16,0.0474328754796483,75.8381708956997,23.3446875
2015-07-17,0.0427572044255797,83.9489723790605,23.3428125
2015-07-18,0.0421100874338031,85.2491878455626,24.0619791666667
2015-07-19,0.0417071448482653,86.1343895411833,24.8528125
2015-07-20,0.0384393815491728,93.5568660071409,25.028125
2015-07-21,0.0334050831307235,107.800614538018,24.5647916666667
2015-07-22,0.0287012605716621,125.333366596295,23.5753125
2015-07-23,0.0256395265133406,140.10530975597,22.8771875
2015-07-24,0.0243586136247403,147.481460707868,23.1622916666667
2015-07-25,0.0229494778177024,156.519732523615,23.2819791666667
2015-07-26,0.0217052185584722,165.685834063901,23.51125
2015-07-27,0.0206104876115763,174.291159925875,23.6628125
2015-07-28,0.0259722707785433,157.980018552376,23.7101041666667
2015-07-29,0.0259729624731345,138.365601625345,23.9136458333333
2015-07-30,0.0246884394005522,145.469102963995,24.1916666666667
2015-07-31,0.0221712768373236,162.428268406194,22.864375
2015-08-01,0.019993704572837,179.933359449838,22.4209375
2015-08-02,0.0179856917292563,199.891246997448,21.5301041666667
2015-08-03,0.0163686299524753,220.298685654436,21.6954444444444
2015-08-04,0.0154503826166724,233.106482118115,22.7536458333333
2015-08-05,0.0146081760502548,246.263998457017,22.895
2015-08-06,0.0134184328563692,267.837727485574,22.1645833333333
2015-08-07,0.0134418493191611,267.183427374663,21.1985416666667
2015-08-08,0.0129245922176786,278.429176814173,21.2711458333333
2015-08-09,0.0120037658306389,300.081521484422,21.6222916666667
2015-08-10,0.0146638917553779,295.231497642975,21.6738541666667
2015-08-11,0.0263684627587258,138.435889871102,22.2982291666667
2015-08-12,0.0230555334726104,155.855754473112,21.8359375
2015-08-13,0.021424893270477,167.754573181348,21.28625
2015-08-14,0.0202128938108803,177.976808082747,21.4882291666667
2015-08-15,0.0191952170274786,187.417010911946,22.1501041666667
2015-08-16,0.0183138904379487,196.664382910835,22.3359375
2015-08-17,0.0171718160340707,209.815913083479,22.664375
2015-08-18,0.016201106341447,221.789358369136,22.65125
2015-08-19,0.016329454217843,220.005411685807,22.9147916666667
2015-08-20,0.0158038449990597,227.386351152589,22.8536458333333
2015-08-21,0.0143526088239978,251.206954624334,21.4691666666667
2015-08-22,0.0129347070727672,277.942307059508,20.7739583333333
2015-08-23,0.0121635149566382,295.962373006518,21.1416666666667
2015-08-24,0.0116011437836702,311.213650904682,21.9013541666667
2015-08-25,0.00955114621576345,379.906022410261,20.3653125
2015-08-26,NA,NA,19.2398780487805
2015-08-27,0.0117042033518393,307.167251407604,18.7961458333333
2015-08-28,0.0111005732786912,324.543204632108,19.3307291666667
2015-08-29,0.0104213507041359,345.329827685298,19.5869791666667
2015-08-30,0.00984520438837887,365.624035761675,19.8975
2015-08-31,0.00963021298010886,374.27783354933,20.2428125
2015-09-01,0.00935807374745234,385.794085147294,20.6805208333333
2015-09-02,0.00879380283804525,411.30493458909,21.1691666666667
2015-09-03,0.00808810478419057,446.539514316171,20.9055208333333
2015-09-04,0.0138614433157938,380.40342618307,20.7429166666667
2015-09-05,0.0162936979815221,220.832867258084,21.185625
2015-09-06,0.0155117105627723,231.82427063475,20.9238541666667
2015-09-07,0.0144242608372641,249.841629766811,20.8823958333333
2015-09-08,0.0137656131468786,261.543178647191,21.3457291666667
2015-09-09,0.0128593997181172,279.92226142261,21.6797916666667
2015-09-10,0.0123424513850439,291.237309053043,21.5729166666667
2015-09-11,0.0117435700137781,307.359878936812,20.4860416666667
2015-09-12,0.0107033692531309,335.73402299786,19.7498958333333
2015-09-13,0.00917181975020888,395.942954662134,16.5894791666667
2015-09-14,0.00730477828984668,498.202532641992,15.3682291666667
2015-09-15,0.00617482394376879,585.863529845383,16.3189583333333
2015-09-16,0.00557334554956003,648.760053432041,16.9079166666667
2015-09-17,0.00524889616764524,692.989808550259,17.1439583333333
2015-09-18,0.00478570293635335,761.882089493316,17.4777083333333
2015-09-19,0.0043661882990264,838.858355189969,17.8454166666667
2015-09-20,0.00380152954619583,958.907823039331,18.58625
2015-09-21,0.0170496585076351,413.674376812587,16.820625
2015-09-22,0.0257988586841722,143.855277061352,17.4509375
2015-09-23,0.0215096780320319,166.957056256187,17.8798958333333
2015-09-24,0.0199187168627209,180.410075191691,17.7380208333333
2015-09-25,0.0189208673400579,189.972390608964,17.5876041666667
2015-09-26,0.0340479773316888,110.388627418039,17.2115625
2015-09-27,0.0655729042078301,61.739452999429,17.4045833333333
2015-09-28,0.0666404865134865,53.8575837983059,18.6292708333333
2015-09-29,0.126431865107188,35.3938502424303,18.7684375
2015-09-30,0.0928046255013571,38.9427405768284,19.2761458333333
2015-10-01,0.0796448207639164,45.0717539667634,18.4483333333333
2015-10-02,0.0867986522809385,41.5791444335337,16.8729166666667
2015-10-03,0.106757187084604,33.7100384576607,15.7251041666667
2015-10-04,0.0938839301287217,38.296167416775,16.0319791666667
2015-10-05,0.083568825492733,43.0541624817731,16.0721875
2015-10-06,0.0776581268374056,46.209577394167,16.2280208333333
2015-10-07,0.0765615371952616,46.8712304200294,17.0689583333333
2015-10-08,0.075774832251769,47.3606814593098,17.6389583333333
2015-10-09,0.0758571339808189,47.3388022496282,18.0735416666667
2015-10-10,0.07552923875109,47.5109579583886,17.15875
2015-10-11,0.0758925609546515,47.283626370476,16.6202083333333
2015-10-12,0.0758408041214781,47.3165662201763,16.8934375
2015-10-13,0.0755758293174097,47.4897102955472,17.1578125
2015-10-14,0.0749693147166848,47.8749922799021,16.62875
2015-10-15,0.0788292826135852,45.5294222082827,15.9964583333333
2015-10-16,0.079580979691486,45.0960421981297,15.7972916666667
2015-10-17,0.0798752712099289,44.9301758940836,14.5722916666667
2015-10-18,0.0804722569150958,44.5969683661039,13.5066666666667
2015-10-19,0.0777279827708578,46.2036292149245,13.2733333333333
2015-10-20,0.0749596637998208,47.9296172523449,13.8144791666667
2015-10-21,0.0681467821758143,52.7413239524501,14.2932291666667
2015-10-22,0.061206658972674,58.6977481462761,14.6509375
2015-10-23,0.0528813282967034,68.1257514049776,15.36375
2015-10-24,0.0435763342255918,82.4567872861681,14.736875
2015-10-25,0.0399227014849316,89.926993428285,14.8684375
2015-10-26,0.0357657106488355,100.415049271889,13.5646875
2015-10-27,0.0415194225478929,89.6659951685749,12.5619791666667
2015-10-28,0.102764601949467,35.8553183957528,13.8003125
2015-10-29,0.0869888027875413,41.3662493140414,13.9666666666667
2015-10-30,0.0767961709509018,46.7959597478647,12.8684375
2015-10-31,0.0788418343692154,45.6157826364617,12.4428260869565
2015-11-01,0.0796479543559484,45.0810897917659,13.4288541666667
2015-11-02,0.075565958603807,47.5720053159432,13.6452083333333
2015-11-03,0.0746534247106864,48.1132326132885,13.948125
2015-11-04,0.0689315046774212,52.0876382785993,14.4738541666667
2015-11-05,0.0673872268493367,53.2840580843458,15.2325
2015-11-06,0.0628186966420353,57.5253473771829,15.937671957672
2015-11-07,0.0584645806979111,61.5665944248613,15.3814285714286
2015-11-08,0.0528761834038625,68.0127915041929,12.7610928961749
2015-11-09,0.0603223224351937,62.0702902324849,11.8531216931217
2015-11-10,0.0824575334494414,43.6005985817259,12.9791758241758
2015-11-11,0.0771689364904753,46.5973917178889,12.4078651685393
2015-11-12,0.0732717775278865,49.1349925345202,12.6025789473684
2015-11-13,0.0684393715730958,52.6358400425506,11.2304232804233
2015-11-14,0.0625956974311002,57.465964184248,10.1303225806452
2015-11-15,0.0565679886421653,63.5847910698434,10.12
2015-11-16,0.0519280070628501,69.2406974014423,10.4239664804469
2015-11-17,0.0478309282599293,75.1255792751325,10.7878804347826
2015-11-18,0.0494436057707731,72.7319120506824,11.0932978723404
2015-11-19,0.0961864800177638,38.7389211595598,12.1735978835979
2015-11-20,0.089369284403456,40.1899843996042,10.1998395721925
2015-11-21,0.0856418847035871,41.9965392381103,9.39336898395722
2015-11-22,0.0805075215438024,44.6332412269476,9.06347826086957
2015-11-23,0.0769037878983537,46.7525612700706,7.98647058823529
2015-11-24,0.0729418170925107,49.2746433335309,8.02896739130435
2015-11-25,0.0698337502856291,51.5384420936893,7.98813186813187
2015-11-26,0.0617022939699907,58.4373492296898,8.65491891891892
2015-11-27,0.0594155944643434,60.5326510477428,9.25728723404255
2015-11-28,0.0552301582336551,65.161956484854,9.83796703296703
2015-11-29,0.0519260685836933,69.383421431377,10.5485945945946
2015-11-30,0.0580500670409252,62.2019520950325,9.3825
2015-12-01,0.0935971362342926,39.7735227367116,9.2138829787234
2015-12-02,0.100731505163262,35.759450104352,9.98593582887701
2015-12-03,0.089813325186196,40.0481428950214,8.3468253968254
2015-12-04,0.0862573405263486,41.6650278183962,7.68954802259887
2015-12-05,0.0841034490950904,42.7231806258321,7.64789772727273
2015-12-06,0.0842336774636547,42.6874044188119,7.57128342245989
2015-12-07,0.083767519544286,42.9302781825642,7.91983870967742
2015-12-08,0.0815796097378299,44.0541806299865,7.73535519125683
2015-12-09,0.079096206803355,45.452039131583,7.8255737704918
2015-12-10,0.0782856443994704,45.8982376316371,8.25928961748634
2015-12-11,0.074769867037881,48.0897634883638,8.7472972972973
2015-12-12,0.0731707945061992,49.0929642289776,9.67661202185792
2015-12-13,0.070870249523841,50.7001921096486,10.2044919786096
2015-12-14,0.070412744809336,51.1202323808867,10.9725531914894
2015-12-15,0.0674718205523833,53.271697886513,10.2226203208556
2015-12-16,0.0644028542140389,55.7982167796546,9.206
2015-12-17,0.0708268513158589,51.2299222816753,9.59855614973262
2015-12-18,0.0719190456262066,50.0268678351494,8.34835164835165
2015-12-19,0.0679803893360151,52.9506479639272,6.55155913978495
2015-12-20,0.0647406463614614,55.5443935754898,6.55157894736842
2015-12-21,0.0629339415673147,57.1733300797437,7.11698412698413
2015-12-22,0.0621390604947786,58.0020503828431,8.17578947368421
2015-12-23,0.0707077279461864,51.1892103154342,9.11574468085106
2015-12-24,0.0855223496752228,42.2140730893934,10.263825136612
2015-12-25,0.0865715095382416,41.5403594990343,10.7378571428571
2015-12-26,0.0825715814063839,43.5364642652641,10.9871739130435
2015-12-27,0.0832589917037848,43.190062502686,11.4914973262032
2015-12-28,0.0807384151942637,44.5796094089861,10.7347593582888
2015-12-29,0.086355400709561,41.6483841329513,10.086455026455
2015-12-30,0.0849065572034834,42.3168626526033,10.3864705882353
2015-12-31,0.0838879070641932,42.8355619899238,10.0745698924731
2016-01-01,0.0835552896554451,43.0042238549144,8.37362637362637
2016-01-02,0.0844657187676757,42.5514277122581,7.035
2016-01-03,0.0821653517571592,43.7389420984551,6.68702702702703
2016-01-04,0.0804541758238149,44.674353449421,5.79566844919786
2016-01-05,0.0773782750730234,46.4625581067009,4.63610169491525
2016-01-06,0.0746299463235128,48.2350340553638,4.29748663101604
2016-01-07,0.0707576859709697,50.8888173486961,4.63440860215054
2016-01-08,0.0678838871298064,52.9359230205767,5.16426229508197
2016-01-09,0.0689139257539516,52.3410017068445,5.81634920634921
2016-01-10,0.0808449948305338,44.6260693118239,5.95704301075269
2016-01-11,0.0791657249084895,45.3908121348579,3.94828947368421
2016-01-12,0.0755580714721878,47.5751764124417,3.94270833333333
2016-01-13,0.0727584146115989,49.5484845313549,2.98020833333333
2016-01-14,0.0597933798992206,60.3052172752628,3.89270833333333
2016-01-15,0.0642285442932833,56.8527197207214,4.06552083333333
2016-01-16,0.0737635878143563,48.6984400994178,4.5515625
2016-01-17,0.0729674794965583,49.3055432833916,3.86791666666667
2016-01-18,0.0776684886997579,46.3507294944498,2.07302083333333
2016-01-19,0.0757061459487808,47.5363473804031,1.16625
2016-01-20,0.0551571592518037,65.4716931299619,1.50010416666667
2016-01-21,0.0540550701580853,66.67658482312,1.87041666666667
2016-01-22,0.0637279335778202,58.171365891282,0.502604166666667
2016-01-23,0.0897467229452528,40.0769907651099,1.1675
2016-01-24,0.0814665998742435,44.2276156611569,1.76802083333333
2016-01-25,0.070686874993586,51.9463023804634,2.42989583333333
2016-01-26,0.0606074315751879,61.1975458790902,2.87541666666667
2016-01-27,0.0671521303953676,54.4335948188496,2.91354166666667
2016-01-28,0.0668440098422658,55.317484421096,2.6971875
2016-01-29,0.0620477294287415,58.5950771117969,2.734375
2016-01-30,0.055272940559779,66.2433495957262,2.96145833333333
2016-01-31,0.0601057948943846,61.352627976558,3.65625
2016-02-01,0.0659090943238217,56.5382236638352,4.1428125
2016-02-02,0.0864279619141092,41.5634595024833,4.25947916666667
2016-02-03,0.110494870270921,33.8440626939029,4.83260416666667
2016-02-04,0.11198626552225,32.1461002434228,4.77385416666667
2016-02-05,0.103771911755271,34.652700838817,3.634375
2016-02-06,0.0966353051186873,37.2008134944505,3.51770833333333
2016-02-07,0.0951937149922026,37.7514041038686,3.66895833333333
2016-02-08,0.0946683001141491,37.9474236929658,3.7321875
2016-02-09,0.0962471892128502,37.3078652229926,3.35260416666667
2016-02-10,0.0975079988527088,36.8376287568585,2.61541666666667
2016-02-11,0.0965690209715911,37.2030058803522,2.160625
2016-02-12,0.0919249102683671,39.0979658044406,2.36479166666667
2016-02-13,0.0975791612937625,36.825049451405,1.6834375
2016-02-14,0.0940071546181325,38.2568693741202,1.44927083333333
2016-02-15,0.0916830848128981,39.1889347252509,1.268125
2016-02-16,0.119647359156509,30.5871175158442,2.87552083333333
2016-02-17,0.106052972329545,33.8900603065027,3.48572916666667
2016-02-18,0.100287599152032,35.8326181867074,3.43927083333333
2016-02-19,0.0954223771714922,37.6908072713313,3.55625
2016-02-20,0.0984127248950548,36.5160789431328,4.45052083333333
2016-02-21,0.104445827159948,34.4076095689357,4.94114583333333
2016-02-22,0.104048158375852,34.5201843250037,5.114375
2016-02-23,0.106102581424461,33.8578248765769,4.9834375
2016-02-24,0.110683185938953,32.5777108672328,5.4615625
2016-02-25,0.114154199778299,31.5048258276086,4.73510416666667
2016-02-26,0.106358993151235,33.7744798684111,4.11177083333333
2016-02-27,0.0999500341405268,35.9274322798505,4.306875
2016-02-28,0.0976454482437859,36.7856580063961,5.094375
2016-02-29,0.0988753903202339,36.3291137710027,5.84375
2016-03-01,0.094120255730641,38.2320059855059,6.28354166666667
2016-03-02,0.101014430612432,35.5768083162472,5.62291666666667
2016-03-03,0.0961019821748755,37.4187489043213,4.87739583333333
2016-03-04,0.0970876173215936,36.993768688264,5.4840625
2016-03-05,0.0950420474785345,37.8127273846079,5.7090625
2016-03-06,0.0953135157780989,37.684401767112,6.35
2016-03-07,0.093412989010064,38.4473945108332,6.8684375
2016-03-08,0.0928528788927422,38.6692240338082,8.25635416666667
2016-03-09,0.0927982415114207,38.6945986359232,9.1978125
2016-03-10,0.091219782314199,39.3539478765901,10.5922916666667
2016-03-11,0.092741541531937,38.7151098641793,11.6582291666667
2016-03-12,0.089616841094955,40.0626877615493,12.3222916666667
2016-03-13,0.089058724837349,40.4244890693707,12.7292391304348
2016-03-14,0.0955465521334086,38.0450540676105,12.51875
2016-03-15,0.104232802414529,34.5318033318518,12.8003125
2016-03-16,0.0994412609284179,36.2410283120801,13.2010416666667
2016-03-17,0.0971244726928422,37.2432623614566,12.6088541666667
2016-03-18,0.0954737631836332,37.7915256201302,12.2764583333333
2016-03-19,0.0972686311497673,37.0962065568515,11.01375
2016-03-20,0.0944053049272442,38.2302739494525,10.2144791666667
2016-03-21,0.100121696527083,36.0631409536957,9.3071875
2016-03-22,0.092248244341057,39.2511584522787,9.61125
2016-03-23,0.0936833063259968,38.4206340924164,10.4727472527473
2016-03-24,0.0901759706619206,39.818454665498,11.539375
2016-03-25,0.0923194361286381,38.9073151914072,12.5502083333333
2016-03-26,0.0913065655645874,39.3371974290872,11.6488541666667
2016-03-27,0.0884837286510835,40.5804625430517,11.8479166666667
2016-03-28,0.0925009917334734,38.8290009946147,12.1548958333333
2016-03-29,0.0922380685829318,38.9363484535623,11.4063541666667
2016-03-30,0.0897304065986692,40.0430663655484,11.5330208333333
2016-03-31,0.0873936450825529,41.0896420950809,12.233125
2016-04-01,0.0918635009298878,39.1655487488657,13.546875
2016-04-02,0.0905385611201239,39.7588312734309,13.171875
2016-04-03,0.0914649922800867,39.3303942478569,11.0776041666667
2016-04-04,0.0892461109830779,40.2435044166809,12.0502083333333
2016-04-05,0.0913589195489382,39.347042896992,11.0434375
2016-04-06,0.0873846761306702,41.1124119046336,10.6645833333333
2016-04-07,0.0901462475248368,39.8972825327421,11.2953125
2016-04-08,0.0896699037392251,40.0547374599744,10.4209375
2016-04-09,0.0930353581321342,38.6325199938474,9.23739583333333
2016-04-10,0.0895440235658154,40.1518582611587,9.38052083333333
2016-04-11,0.087296438605292,41.1467817621012,11.1530208333333
2016-04-12,0.0889702889520369,40.3633856811504,12.2382291666667
2016-04-13,0.0878769990485277,40.8656895937402,11.6788541666667
2016-04-14,0.0885895096780908,40.5221328097504,12.075625
2016-04-15,0.0878507831494143,40.8697243562073,12.336875
2016-04-16,0.0874904476333363,41.0318335790226,12.8219791666667
2016-04-17,0.0871944103131003,41.1695570339096,13.9155208333333
2016-04-18,0.0892025332436661,40.2674570125553,15.2090425531915
2016-04-19,0.0906269382267441,39.6068050221134,16.1655208333333
2016-04-20,0.0876259525984657,40.9775285574474,15.9172916666667
2016-04-21,0.0855516950115671,41.9592512006457,16.1101041666667
2016-04-22,0.0879958072752066,40.9752119794341,16.0229166666667
2016-04-23,0.0886996128283523,40.4737063707471,15.8648958333333
2016-04-24,0.0855088212856276,41.9902944377618,15.7583333333333
2016-04-25,0.084072870144127,42.6960160549148,16.8129166666667
2016-04-26,0.0835501429036637,42.9595918380222,17.94625
2016-04-27,0.0825447010700753,43.5188043929854,18.448125
2016-04-28,0.0809740257625514,44.3761700365569,18.7155208333333
2016-04-29,0.0796342787513662,45.0936330337588,18.8895833333333
2016-04-30,0.0758090806386191,47.3843803835925,17.7030208333333
2016-05-01,0.0921854879346568,39.2198928021824,17.0395833333333
2016-05-02,0.0911895133183334,39.5559549953325,18.214375
2016-05-03,0.0910220484515683,39.4785750638245,18.2073958333333
2016-05-04,0.0856168236428915,41.9369790636802,17.4120833333333
2016-05-05,0.0946386170408568,38.1255149713136,15.8170833333333
2016-05-06,0.0941278770072112,38.1513001326575,15.2220833333333
2016-05-07,0.0882667464609699,40.6847687539277,15.8390625
2016-05-08,0.0864151838709456,41.5541554595334,16.5955208333333
2016-05-09,0.0829647410832107,43.2748764422155,16.6798958333333
2016-05-10,0.0821108038774891,43.7513919653917,17.2726041666667
2016-05-11,0.0865744540863712,41.9218652596861,17.6679166666667
2016-05-12,0.085739735865699,41.8973675402659,18.4710416666667
2016-05-13,0.0851612360920765,42.1608668430848,18.6017708333333
2016-05-14,0.0827206935744524,43.4275949048034,17.6888541666667
2016-05-15,0.0814180878475529,44.1712975725826,15.6817708333333
2016-05-16,0.077838367694619,46.1851411022813,15.396875
2016-05-17,0.0762477755561291,47.1141921244427,15.855
2016-05-18,0.0757887740206673,47.4048895020303,15.5039583333333
2016-05-19,0.0740033444793254,48.5293312938549,15.670625
2016-05-20,0.0681669414886496,52.7847252686636,15.6638541666667
2016-05-21,0.0877808867212239,41.4150742965628,15.9884375
2016-05-22,0.0944761829761141,38.0038190194693,16.0147916666667
2016-05-23,0.0879970971217541,40.8399551002246,16.0580208333333
2016-05-24,0.0842488309439518,42.6279841182951,17.0123958333333
2016-05-25,0.0811737852512813,44.2260232836397,18.2820833333333
2016-05-26,0.079717851962685,45.0480518971289,19.6797916666667
2016-05-27,0.0788762578035941,45.5087790489916,20.8761458333333
2016-05-28,0.0764110352505561,46.9846654774667,21.5776041666667
2016-05-29,0.0746090829931021,48.2240463696981,20.8070833333333
2016-05-30,0.0777985144013953,46.2210529766575,20.866875
2016-05-31,0.0780986492200978,45.971733844694,21.84125
2016-06-01,0.0743580801801796,48.3028994319609,22.3945833333333
2016-06-02,0.0685998301634941,52.3988054036425,22.6773958333333
2016-06-03,0.0640571733127786,56.1428767835254,22.7040625
2016-06-04,0.0604412458998526,59.5974438635969,22.9096875
2016-06-05,0.0654849490980212,54.8768379934828,22.8436458333333
2016-06-06,0.0607654514708872,59.2068685889249,22.2815625
2016-06-07,0.0537878006840069,67.0958755333351,21.7479166666667
2016-06-08,0.0475332042434239,75.6650521209573,19.9370833333333
2016-06-09,0.044056328704081,81.6263718511293,19.6555072463768
2016-06-10,0.0425830833166677,84.4255527403894,20.4057837837838
2016-06-11,0.0423355193627318,84.9258650870934,21.6307692307692
2016-06-12,0.0410036899142678,87.7375760421047,22.2513333333333
2016-06-13,0.0376381013561509,95.5722680902703,20.6175824175824
2016-06-14,0.0351071228297411,102.397199902631,20.9007142857143
2016-06-15,0.042330726834174,96.1441750304923,21.3989071038251
2016-06-16,0.05922556341794,65.2633176087158,22.4074316939891
2016-06-17,0.0718436561684016,50.080103562527,22.034126984127
2016-06-18,0.0616968658148833,58.5083927455237,21.5641758241758
2016-06-19,0.0514274960790265,70.204137068401,21.3730409356725
2016-06-20,0.0471249191788537,76.3082919993299,22.0353513513514
2016-06-21,0.0466176551437815,77.1801944781235,22.6910285714286
2016-06-22,0.0451444717613737,79.6667188977727,22.1400561797753
2016-06-23,0.0566869004929542,68.6997637846706,21.6390374331551
2016-06-24,0.0789554241945306,45.5151164615161,21.721404494382
2016-06-25,0.0712672487396374,50.4754428166115,22.1340106951872
2016-06-26,0.0643208627074295,55.9060334437581,22.4496629213483
2016-06-27,0.0588118722118933,61.0904083888338,22.7982080924855
2016-06-28,0.0550796830585699,65.3939218087345,23.1353888888889
2016-06-29,0.0477173972321479,75.4622989094059,22.8005494505495
2016-06-30,0.045240958518428,79.4489059040816,22.240988372093
2016-07-01,0.0437258910391747,82.2444037455032,22.9854644808743
2016-07-02,0.0450719403876833,81.1674915691592,23.0648314606742
2016-07-03,0.059660996890682,60.7686636850358,22.3108287292818
2016-07-04,0.0609367821298866,59.3911261939552,21.8301621621622
2016-07-05,0.0690546042453372,52.111666159009,22.5953005464481
2016-07-06,0.0593356300126958,60.8228609952803,23.2380446927374
2016-07-07,0.0514782110228858,69.8952972869877,23.2465363128492
2016-07-08,0.0512499186742441,70.5178633001817,22.8237704918033
2016-07-09,0.0499096523706408,72.1610416557349,22.9566285714286
2016-07-10,0.044624243854444,80.5496779115758,22.8456756756757
2016-07-11,0.0420346736990313,85.4892759183929,23.0805056179775
2016-07-12,0.0535056239886594,73.5481965733007,23.4269886363636
2016-07-13,0.0559231268988877,64.3451028811592,23.558453038674
2016-07-14,0.049123883010353,73.4148088236414,24.026797752809
2016-07-15,0.0449072250102392,80.1029969781805,24.1681460674157
2016-07-16,0.0430462807170795,83.5107619020733,23.9411111111111
2016-07-17,0.0410836912286894,87.5092477233362,24.1347727272727
2016-07-18,0.0401219335049138,89.6611935126721,24.8716393442623
2016-07-19,0.0370435762109611,97.0407807048454,24.641043956044
2016-07-20,0.0336634893313891,106.952942800377,24.2403428571429
2016-07-21,0.0294718849435903,122.138279028171,24.1844943820225
2016-07-22,0.0270764711680138,132.866780990077,24.6363218390805
2016-07-23,0.0257674835540974,139.58844113721,24.9166480446927
2016-07-24,0.024468972866459,147.373114888318,25.2974011299435
2016-07-25,0.0251427637224875,145.052296817551,25.2679661016949
2016-07-26,0.0267552023643256,203.225518224883,25.5671666666667
2016-07-27,0.0296181832599779,121.538163820343,25.4028409090909
2016-07-28,0.0338073763473779,115.873821656372,25.3590607734807
2016-07-29,0.0400442751632276,90.2247804754372,25.0049438202247
2016-07-30,0.0376372292580079,95.5962084016628,25.4787431693989
2016-07-31,0.0406725187731281,93.9897595164177,25.2967415730337
2016-08-01,0.0391017090079595,92.1140377479432,25.2309289617486
2016-08-02,0.0358237938740028,100.345145861736,25.2464285714286
2016-08-03,0.0371798076379531,97.7089191679126,24.3257865168539
2016-08-04,0.040240632616094,89.3829099152217,23.1733333333333
2016-08-05,0.0424408045639086,85.9785330834593,23.3716
2016-08-06,0.0440411332946203,81.6507084226446,24.0886206896552
2016-08-07,0.0399533693524492,89.9194421540998,24.0036956521739
2016-08-08,0.0403080048572562,89.2114694858727,22.9674860335196
2016-08-09,0.0395767059230477,90.8353128991355,22.5624864864865
2016-08-10,0.0446058285940239,80.8245999356971,23.3303370786517
2016-08-11,0.0403609650560129,89.0388561248711,24.1633333333333
2016-08-12,0.0375558639756906,95.747828549866,24.9282702702703
2016-08-13,0.035426627753085,101.523675935202,25.3508938547486
2016-08-14,0.0327145981368827,110.168371811465,25.2659668508287
2016-08-15,0.0316346010037346,115.097904360056,24.7143406593407
2016-08-16,0.0325537426126546,110.560093249129,24.7882681564246
2016-08-17,0.0316290748855829,113.850341700939,24.6491208791209
2016-08-18,0.0278299824475904,129.417436108648,24.1444632768362
2016-08-19,0.025683295331108,139.94249611982,23.7913636363636
2016-08-20,0.0245768992770784,146.228050286439,23.8199401197605
2016-08-21,0.0250118614793938,143.998727398113,23.6781318681319
2016-08-22,0.0223855160358311,160.914223217241,22.0859788359788
2016-08-23,0.0202594106874681,177.514857948255,21.7201657458564
2016-08-24,0.0192448577947039,186.820208298311,22.3298870056497
2016-08-25,0.0193738018123651,185.800083123445,23.3330337078652
2016-08-26,0.0188374681018877,191.144683964815,24.0792777777778
2016-08-27,0.0179412992299235,200.890665059642,24.2686263736264
2016-08-28,0.0166464246169402,216.874171286711,23.5425405405405
2016-08-29,0.0148901876722015,242.330723427998,23.2174011299435
2016-08-30,0.0140854294298361,256.07218285041,23.4486885245902
2016-08-31,0.0143064404343932,253.033594068222,23.4165934065934
2016-09-01,0.0185287519497982,208.707509727509,22.5946195652174
2016-09-02,0.01557028592727,231.591399047918,21.0840883977901
2016-09-03,0.0141025330514512,255.699584797596,20.3441111111111
2016-09-04,0.0131918945200511,273.07238946682,20.5109944751381
2016-09-05,0.0122158889963627,295.009712885457,20.7147457627119
2016-09-06,0.0116145639113867,311.912262630024,21.3053038674033
2016-09-07,0.0105008991189904,344.619114002264,22.0446666666667
2016-09-08,0.00998173141862809,363.296308863128,22.3189265536723
2016-09-09,0.00927052967880495,390.57253006905,22.5028488372093
2016-09-10,0.0086019970154827,422.790885949141,22.6858241758242
2016-09-11,0.00781828659324554,470.944031547648,21.6366666666667
2016-09-12,0.00607793254602754,597.469257063456,20.0346927374302
2016-09-13,0.0055411014017476,655.098755410632,21.1206010928962
2016-09-14,0.00569835721221656,640.280947558851,21.4600549450549
2016-09-15,0.00446753384654572,822.112177967298,20.4403825136612
2016-09-16,0.00390811447406585,931.706668673721,19.6703428571429
2016-09-17,0.00378754116028779,967.712854438242,19.9497752808989
2016-09-18,0.00384568584744261,952.090686000429,20.1828333333333
2016-09-19,0.0427097953470196,210.156933198572,21.2855434782609
2016-09-20,0.0321008318353426,112.209042462594,21.9491573033708
2016-09-21,0.0279409208060645,128.996753736726,21.7315168539326
2016-09-22,0.0232695189533891,154.781332618775,21.4167415730337
2016-09-23,0.020906186207399,172.144511251042,21.3943820224719
2016-09-24,0.0195354894032138,184.24340472908,21.7557541899441
2016-09-25,0.017516579743249,205.622306861264,20.9360773480663
2016-09-26,0.0193693027609406,195.87407551056,20.0712777777778
2016-09-27,0.0305796107284162,119.977965277368,20.7094578313253
2016-09-28,0.0370358999450675,115.532510629936,20.5207262569832
2016-09-29,0.0996840432637401,43.3560905531388,20.0653142857143
2016-09-30,0.137902409464855,27.7996640874095,19.1700540540541
2016-10-01,0.0862263899296962,41.686098952005,19.741640625
2016-10-02,0.0836396002515751,43.0060473893986,20.0515753424658
2016-10-03,0.0776043603147118,46.309681726361,19.9142076502732
2016-10-04,0.0770558620096461,46.6154988357754,19.8647058823529
2016-10-05,0.0758478186660113,47.3542094863257,19.3223626373626
2016-10-06,0.0752587310185463,47.7286227396403,18.9986263736264
2016-10-07,0.098752658057033,37.9463789492096,18.764469273743
2016-10-08,0.141558393360615,26.6031522120675,17.9049484536082
2016-10-09,0.0976531394652064,37.0289223359815,16.8443150684931
2016-10-10,0.0852773937902071,42.1570204731571,16.3226486486486
2016-10-11,0.0816145345081562,44.0302247850384,16.0081111111111
2016-10-12,0.0798770267688343,44.975984704651,16.0447701149425
2016-10-13,0.080178837831714,44.8128678176846,16.3835326086957
2016-10-14,0.0777680628502791,46.1929975389607,15.7965178571429
2016-10-15,0.0747798280412069,48.0313481995665,16.5177358490566
2016-10-16,0.07389287498764,48.6086062554898,16.9307594936709
2016-10-17,0.0750646138531728,47.8701657013537,17.6217073170732
2016-10-18,0.0767619287126097,46.7915887391282,17.9951764705882
2016-10-19,0.0783404094528743,45.8544291908955,18.4143396226415
2016-10-20,0.0745712924788214,48.1653050765769,19.2488888888889
2016-10-21,0.0750481612194698,47.9078395919911,17.9036470588235
2016-10-22,0.074890497989454,48.0254090124715,14.9542592592593
2016-10-23,0.0746013447026432,48.1481872818007,15.0854929577465
2016-10-24,0.0761444945891401,47.1864922889188,15.2203333333333
2016-10-25,0.0728533795380172,49.3353706624465,14.5605454545455
2016-10-26,0.07168416750195,50.1567986215848,14.0870833333333
2016-10-27,0.0728151092335637,49.3836274426843,14.5343333333333
2016-10-28,0.0730871106237069,49.1371521128109,14.6515873015873
2016-10-29,0.0729702447819467,49.2519351059324,15.0098507462687
2016-10-30,0.0728394006686927,49.3459582678293,15.3001388888889
2016-10-31,0.0718651702449236,49.9998911622992,15.2366666666667
2016-11-02,0.0723012464295368,49.6583672199427,15.7245283018868
2016-11-03,0.0717468838516329,50.0516252323592,15.706582278481
2016-11-04,0.0738835744652885,48.6161708418936,14.9526984126984
2016-11-05,0.0719243875827726,49.9363914224697,14.2171666666667
2016-11-06,0.0726838663019348,49.4320449638816,14.0437313432836
2016-11-07,0.0731052130349361,49.130599259296,13.7853125
2016-11-08,0.0764047952533726,46.9944277094242,13.7332352941176
2016-11-09,0.0733081918899855,49.0535030474434,13.143
2016-11-10,0.0749752407633636,47.9223547340361,12.48453125
2016-11-11,0.0715709015104794,50.2643354406143,12.4783333333333
2016-11-12,0.0682498213688191,52.6595171685051,11.3518644067797
2016-11-13,0.0666611854036847,53.9853574553497,11.1263076923077
2016-11-14,0.0658332807943895,54.5589321143524,11.0468421052632
2016-11-15,0.0543397561748729,66.2794565158954,11.0661818181818
2016-11-16,0.0476727705953419,75.7863668830149,11.2541538461538
2016-11-17,0.0432621048007533,83.3002269878784,11.5089473684211
2016-11-18,0.0417985861391082,86.2238978490084,11.9798245614035
2016-11-19,0.0370067998190462,97.9638022767366,10.3881578947368
2016-11-20,0.0407216392793516,88.4190501061446,7.86938775510204
2016-11-21,0.0330162132116988,109.253260901636,7.19607142857143
2016-11-22,0.0297624229119861,120.923430394841,7.4335
2016-11-24,0.0279788976787283,129.569340561271,9.58196078431373
2016-11-25,0.0278236825778683,129.490210952763,10.1032692307692
2016-11-26,0.0259089849030167,139.460918483427,7.90585365853659
2016-11-27,0.0249957686937755,144.344502620281,7.51075
2016-11-28,0.0242856481183186,148.748632800864,8.19266666666667
2016-11-29,0.0392866929227777,91.9028300374275,10.0588461538462
2016-12-01,0.0445695969654096,80.7911444244026,8.42254901960784
2016-12-02,0.0413884959569377,86.9599694625924,7.85636363636364
2016-12-03,0.0411838748610799,88.0944084975417,7.21571428571429
2016-12-05,0.037684180252077,95.8076148391514,7.839
2016-12-07,0.0599672541769185,59.9453101041324,7.3986
2016-12-09,0.0377884738064977,95.403639370927,4.58594594594595
2016-12-10,0.0284238854076193,127.790692857955,4.085
2016-12-11,0.0241722275888007,149.142358429193,4.3145
2016-12-12,0.0195337094483822,184.882314403502,7.27909090909091
2016-12-13,0.0226370879074609,158.499316591884,6.63
2016-12-14,0.0167526070661703,215.055566769735,5.5475
2016-12-15,0.0106052379874764,355.708437699874,2.04172413793103
2016-12-16,0.0106421587342584,339.917351555253,0.9925
2016-12-17,0.00499107220840985,739.40936980728,5.00677419354839
2016-12-19,0.00310142861541397,1219.64578259347,4.751875
2016-12-20,0.00299433182415429,1390.30037277588,2.6352
2016-12-21,0.000919546191110535,21307.5097796027,3.80906976744186
2016-12-22,NA,NA,4.97890909090909
2016-12-23,NA,NA,4.29791666666667
2016-12-27,NA,NA,9.38461538461539
2016-12-28,NA,NA,5.88686274509804
2016-12-29,NA,NA,6.30576923076923
2016-12-30,NA,NA,3.55868421052632
2016-12-31,0.000868541547729912,8931.73970707076,2.82636363636364
2017-01-01,NA,NA,6.00888888888889
2017-01-04,0.00199086721531495,2242.63676660509,6.73447368421053
2017-01-05,0.00162958684625157,2201.76234928265,4.13
2017-01-07,0.000910430080249218,6197.99210252081,1.26
2017-01-08,0.00510919231051059,6292.37826399361,0.276410256410256
2017-01-09,0.0067517379862427,2960.42609649453,0.27063829787234
2017-01-10,0.000513841714348777,7496.46675167104,0.5
2017-01-11,0.00176746962056536,2333.19823721484,3.585
2017-01-12,0.00153558758503921,2779.90676286027,6.93096153846154
2017-01-13,NA,NA,8.66972972972973
2017-01-14,0.0028812669295542,1269.38198519156,7
2017-01-18,NA,NA,8.1016
2017-01-19,NA,NA,7.17543209876543
2017-01-20,NA,NA,8.00863636363636
2017-01-21,0.0019378376459749,2238.61030834697,7.99142857142857
2017-01-24,0.0244490089825677,148.004839116477,7.73759259259259
2017-01-25,0.0233382604914098,154.621876329273,7.73942028985507
2017-01-26,0.0188874581481515,192.55389349493,7.48629032258065
2017-01-27,0.0195663627352809,186.263555527346,5.56285714285714
2017-01-28,0.0175092387093701,206.429991182651,5.19296296296296
2017-01-29,0.0177452019507068,202.965457106395,5.44714285714286
2017-01-30,0.0144499089164818,250.354779447682,4.05857142857143
2017-01-31,0.0121773379129892,303.719887234932,5.56636363636364
2017-02-01,0.0121152866324306,300.018639701086,5.68297872340426
2017-02-02,0.00954636325378865,381.936406509189,5.82382978723404
2017-02-03,0.0122995555569921,294.503836292578,4.28555555555556
2017-02-04,0.00665903110219803,552.863046889176,2.58854545454545
2017-02-05,0.00438354861559494,871.220712027165,5.23
2017-02-06,0.00340377362395943,1074.48615280008,6.4015625
2017-02-07,0.00297097014564001,1231.48872990749,8.49116883116883
2017-02-08,0.00267093859953834,1372.26483373867,9.21066666666667
2017-02-09,0.00299480710531215,1413.37303503569,5.46516129032258
2017-02-10,0.00153262840401502,2350.45909243744,3.63
2017-02-11,0.000782526945295442,4868.2470777347,7.97
2017-02-12,0.000972062462879066,4658.71216889418,10.7388
2017-02-13,0.000790207666399402,8013.04754246609,6.00363636363636
2017-02-14,0.000319570845230583,106139.842036093,4.96285714285714
2017-02-15,0.00034143595514612,40882.503443072,6.05111111111111
2017-02-16,NA,NA,4.18672131147541
2017-02-17,NA,NA,6.60627118644068
2017-02-18,NA,NA,7.22862068965517
2017-02-19,NA,NA,9.68854545454546
2017-02-20,NA,NA,8.59711538461539
2017-02-21,NA,NA,9.26388888888889
2017-02-22,NA,NA,8.02117647058824
2017-02-23,NA,NA,11.592
2017-02-24,NA,NA,11.463023255814
2017-02-25,NA,NA,10.6013541666667
2017-02-26,NA,NA,6.96065573770492
2017-02-27,NA,NA,6.19157894736842
2017-02-28,NA,NA,9.53839285714286
2017-03-01,NA,NA,10.4948275862069
2017-03-02,NA,NA,7.87549295774648
2017-03-03,NA,NA,5.63065789473684
2017-03-04,NA,NA,5.31983050847458
2017-03-05,NA,NA,5.14028169014084
2017-03-06,NA,NA,6.322375
2017-03-07,NA,NA,8.93747126436782
2017-03-08,NA,NA,9.5688
2017-03-09,NA,NA,8.89604166666667
2017-03-10,NA,NA,8.04916666666667
2017-03-11,NA,NA,4.72072916666667
2017-03-12,NA,NA,4.89565217391304
2017-03-13,NA,NA,4.3190625
2017-03-14,NA,NA,3.8478125
2017-03-15,NA,NA,1.05052083333333
2017-03-16,NA,NA,1.90729166666667
2017-03-17,NA,NA,3.09614583333333
2017-03-18,NA,NA,6.31635416666667
2017-03-19,NA,NA,6.4590625
2017-03-20,NA,NA,6.7303125
2017-03-21,NA,NA,9.89708333333333
2017-03-22,NA,NA,8.63510416666667
2017-03-23,NA,NA,6.29557894736842
2017-03-24,NA,NA,8.073125
2017-03-25,NA,NA,10.8123958333333
2017-03-26,NA,NA,11.049375
2017-03-27,NA,NA,13.3785416666667
2017-03-28,NA,NA,13.5911458333333
2017-03-29,NA,NA,13.5241666666667
2017-03-30,NA,NA,11.48
2017-03-31,NA,NA,11.5947916666667
2017-04-01,0.00432606998881337,1196.87735996457,11.789375
2017-04-02,NA,NA,10.9908333333333
2017-04-03,NA,NA,10.5602083333333
2017-04-04,0.00416959852715932,1127.28672159758,13.4919791666667
2017-04-05,NA,NA,12.7771875
2017-04-06,NA,NA,12.3978125
2017-04-07,0.00226193220189163,4061.28906669211,8.10645833333333
2017-04-08,NA,NA,9.40125
2017-04-09,NA,NA,10.8352083333333
2017-04-10,NA,NA,12.3602083333333
2017-04-11,NA,NA,14.3184375
2017-04-12,NA,NA,15.1284375
2017-04-13,NA,NA,14.6245833333333
2017-04-14,NA,NA,15.268125
2017-04-15,NA,NA,15.5109375
2017-04-16,NA,NA,16.0701041666667
2017-04-17,NA,NA,15.3738541666667
2017-04-18,NA,NA,15.19625
2017-04-19,NA,NA,12.8169791666667
2017-04-20,NA,NA,15.0447916666667
2017-04-21,NA,NA,16.5690625
2017-04-22,NA,NA,15.2105208333333
2017-04-23,0.00469840499770967,1530.6070664917,11.9180208333333
2017-04-24,0.0390899368036227,100.752029983048,11.2897916666667
2017-04-25,0.0603922812550568,60.8499450115769,12.1892708333333
2017-04-26,0.0444632491221701,81.3252873432447,14.5346875
2017-04-27,0.0439855838405583,82.2808016101813,15.7507291666667
2017-04-28,0.0447182543375506,80.7837878042907,17.0330208333333
2017-04-29,0.0417920406825202,86.4051990618358,18.8516666666667
2017-04-30,0.0378999856314489,95.5116876217842,19.5683333333333
2017-05-01,0.0351153906983705,103.493993901157,19.1206153846154
2017-05-02,0.0356879133342668,101.449753504303,17.2605208333333
2017-05-03,0.0268716912006522,136.844271334154,16.1802083333333
2017-05-04,0.0198783909368586,196.123766140249,14.9428125
2017-05-05,0.148876343302069,33.5390198265208,15.55875
2017-05-06,0.0982587079458864,36.5900377177419,14.8434375
2017-05-07,0.0879164241411772,40.9381815164201,14.4551041666667
2017-05-08,0.0829168955549113,43.4396979426764,14.3538541666667
2017-05-09,0.0783666806651222,45.9476321578818,14.2314583333333
2017-05-10,0.0776256895777787,46.3796460879004,15.9309375
2017-05-11,0.0754583643695364,47.8453749573718,17.4142105263158
2017-05-12,0.0752773158682909,47.8921845183651,15.3076041666667
2017-05-13,0.0795125879951716,45.2100947279626,15.18875
2017-05-14,0.0739021982570603,48.6311408365085,16.0623958333333
2017-05-15,0.0695585276840761,51.8450837022751,17.0705208333333
2017-05-16,0.056531277691315,63.8758513937569,17.4342708333333
2017-05-17,0.0490954685477663,73.5849098038365,19.2659375
2017-05-18,0.0406324683055305,89.0114168361604,20.1608333333333
2017-05-19,0.0360837171173786,100.637918282873,20.5691666666667
2017-05-20,0.032302215673173,112.910239111977,20.3436458333333
2017-05-21,0.0260162212896285,140.480990127859,18.3179166666667
2017-05-22,0.0287247230237469,126.863712711958,18.2265625
2017-05-23,0.0309652980901752,138.340831368936,17.1277894736842
2017-05-24,0.0653469791370141,61.0313861360106,16.5141666666667
2017-05-25,0.119174574106125,30.6611747765219,16.293125
2017-05-26,0.0942449208422073,38.2897809507122,17.3465625
2017-05-27,0.0845606593834596,42.4838999469508,18.6727083333333
2017-05-28,0.0798297111586381,45.1089354332268,19.8096875
2017-05-29,0.0799928937136984,45.0060941950986,20.0284375
2017-05-30,0.0749440875168307,47.9924685282955,20.4683333333333
2017-05-31,0.0688671624605667,52.3637609402642,20.2572916666667
2017-06-01,0.0613028988282672,58.7173764976236,20.2417708333333
2017-06-02,0.0515555545163731,70.0163029245211,19.9794791666667
2017-06-03,0.0420094907911001,85.866354732847,19.9555208333333
2017-06-04,0.0347302099366689,104.4279118303,20.4442708333333
2017-06-05,0.0420450878729163,87.9095059146866,20.2025
2017-06-06,0.0412234748831886,87.4650694699915,19.7489583333333
2017-06-07,0.0332818156830459,108.31857914238,18.4816666666667
2017-06-08,0.0268133679294968,134.862274651673,17.7302083333333
2017-06-09,0.0262904818980281,138.006102281144,18.1017708333333
2017-06-10,0.0238362456400698,152.619154008909,19.1185416666667
2017-06-11,0.0209109405503768,173.521964667492,20.1830208333333
2017-06-12,0.0185054382593816,198.478829975347,20.708125
2017-06-13,0.021111580757832,189.950971114046,20.869375
2017-06-14,0.0205894884827145,178.905284823265,20.8963157894737
2017-06-15,0.0191222099131868,193.822489590269,21.0336842105263
2017-06-16,0.0190895285487045,190.803901141147,20.9334375
2017-06-17,0.0313148284529544,138.087012347022,20.7458333333333
2017-06-18,0.0422097285208784,85.7413814798243,22.2266666666667
2017-06-19,0.0417285789820027,90.0012023605604,22.1407291666667
2017-06-20,0.0429693443016393,83.870483225036,21.8445833333333
2017-06-21,0.0356929574644358,101.824581664283,22.3085106382979
2017-06-22,0.0218789986938481,167.562408726593,21.9245833333333
2017-06-23,0.0140406029909764,264.621054849716,21.6977083333333
2017-06-24,0.014447201991339,271.440953164177,20.8586458333333
2017-06-25,0.00578625375956928,727.73681033114,19.0051041666667
2017-06-26,NA,NA,17.253125
2017-06-27,NA,NA,16.7651041666667
2017-06-28,NA,NA,16.3839583333333
2017-06-29,NA,NA,17.5159375
2017-06-30,NA,NA,18.3103125
2017-07-01,NA,NA,19.1730769230769
2017-07-02,NA,NA,19.2890625
2017-07-03,NA,NA,19.0235789473684
2017-07-04,NA,NA,19.0996875
2017-07-05,NA,NA,18.6661458333333
2017-07-06,NA,NA,18.7588541666667
2017-07-07,0.00122906466194062,12077.8203309004,19.370625
2017-07-08,NA,NA,19.2663541666667
2017-07-09,NA,NA,18.76
2017-07-10,NA,NA,19.0978723404255
2017-07-11,NA,NA,19.4264210526316
2017-07-12,NA,NA,19.9510989010989
2017-07-13,NA,NA,20.2805263157895
2017-07-14,NA,NA,20.5983516483516
2017-07-15,NA,NA,20.4187777777778
2017-07-16,NA,NA,19.5448936170213
2017-07-17,NA,NA,19.5016666666667
2017-07-18,NA,NA,19.5088172043011
2017-07-19,NA,NA,19.6597894736842
2017-07-20,NA,NA,20.3962365591398
2017-07-21,NA,NA,20.5883695652174
2017-07-22,NA,NA,21.1365217391304
2017-07-23,NA,NA,21.441724137931
2017-07-24,0.002896880768705,6236.93237418762,20.8173404255319
2017-07-25,NA,NA,20.5791666666667
2017-07-26,NA,NA,19.4643157894737
2017-07-27,NA,NA,19.6720833333333
2017-07-28,NA,NA,19.546875
2017-07-29,NA,NA,18.8022916666667
2017-07-30,NA,NA,17.626875
2017-07-31,NA,NA,17.8369473684211
2017-08-01,NA,NA,18.7371875
2017-08-02,NA,NA,18.6745833333333
2017-08-03,NA,NA,19.0409473684211
2017-08-04,NA,NA,19.3365263157895
2017-08-05,NA,NA,18.5247916666667
2017-08-06,NA,NA,17.4690625
2017-08-07,NA,NA,18.7580208333333
2017-08-08,NA,NA,18.8635416666667
2017-08-09,NA,NA,18.2447916666667
2017-08-10,NA,NA,17.744375
2017-08-11,NA,NA,18.405625
2017-08-12,NA,NA,19.1110416666667
2017-08-13,NA,NA,19.5067021276596
2017-08-14,NA,NA,19.0691666666667
2017-08-15,NA,NA,19.4585263157895
2017-08-16,NA,NA,19.9828723404255
2017-08-17,NA,NA,20.4237634408602
2017-08-18,NA,NA,21.0562765957447
2017-08-19,NA,NA,20.5042105263158
2017-08-20,NA,NA,20.2244086021505
2017-08-21,NA,NA,20.621914893617
2017-08-22,NA,NA,20.9110227272727
2017-08-23,NA,NA,20.7481914893617
2017-08-24,NA,NA,18.8126041666667
2017-08-25,NA,NA,17.6943617021277
2017-08-26,NA,NA,17.9186315789474
2017-08-27,NA,NA,18.0165625
2017-08-28,NA,NA,17.0603448275862
2017-08-29,NA,NA,16.6029166666667
2017-08-30,NA,NA,17.1789583333333
2017-08-31,NA,NA,17.8504166666667
2017-09-01,NA,NA,16.6919791666667
2017-09-02,NA,NA,14.7228125
2017-09-03,NA,NA,15.8682978723404
2017-09-04,NA,NA,16.7655913978495
2017-09-05,NA,NA,17.7755208333333
2017-09-06,NA,NA,16.3115625
2017-09-07,NA,NA,14.2051041666667
2017-09-08,NA,NA,13.9286458333333
2017-09-09,NA,NA,14.3455208333333
2017-09-10,NA,NA,13.6209375
2017-09-11,NA,NA,13.6620833333333
2017-09-12,NA,NA,14.475625
2017-09-13,NA,NA,16.397816091954
2017-09-14,NA,NA,16.5091666666667
2017-09-15,NA,NA,16.400625
2017-09-16,NA,NA,16.9205208333333
2017-09-17,NA,NA,17.3980208333333
2017-09-18,NA,NA,17.7365625
2017-09-19,NA,NA,17.8245833333333
2017-09-20,NA,NA,18.1838541666667
2017-09-21,NA,NA,18.1350819672131
2017-09-22,NA,NA,19.1847368421053
2017-09-23,NA,NA,18.4069791666667
2017-09-24,NA,NA,18.0107291666667
2017-09-25,NA,NA,18.4338947368421
2017-09-26,NA,NA,18.876914893617
2017-09-27,NA,NA,19.0626041666667
2017-09-28,NA,NA,19.1204166666667
2017-09-29,NA,NA,16.9175
2017-09-30,NA,NA,15.2890625
2017-10-01,NA,NA,12.92625
2017-10-02,NA,NA,12.8915625
2017-10-03,NA,NA,13.6857291666667
2017-10-04,NA,NA,14.1139583333333
2017-10-05,NA,NA,15.1213684210526
2017-10-06,NA,NA,15.9504301075269
2017-10-07,NA,NA,16.3247916666667
2017-10-08,NA,NA,17.6561458333333
2017-10-09,NA,NA,19.3392708333333
2017-10-10,NA,NA,19.2573958333333
2017-10-11,NA,NA,19.5654166666667
2017-10-12,NA,NA,18.4558333333333
2017-10-13,NA,NA,16.3458064516129
2017-10-14,NA,NA,17.2324
2017-10-15,NA,NA,17.0414583333333
2017-10-16,NA,NA,15.1366666666667
2017-10-17,NA,NA,11.9058333333333
2017-10-18,NA,NA,10.9980208333333
2017-10-19,NA,NA,11.1725
2017-10-20,NA,NA,13.629375
2017-10-21,NA,NA,14.1790526315789
2017-10-22,NA,NA,14.8107291666667
2017-10-23,NA,NA,15.3339130434783
2017-10-24,0.0928412414878099,39.1120755185809,14.1751851851852
2017-10-25,0.0939895702238724,38.5180471746907,9.22083333333333
2017-10-26,0.067607960338962,57.594360240013,7.82552083333333
2017-10-27,0.0357493890703897,102.804464384621,9.61833333333333
2017-10-28,0.0637176654245041,60.6684494423251,12.0897183098592
2017-10-29,0.252705912028947,14.2335080178119,7.50214285714286
2017-10-30,0.0943475045440259,38.0932217840388,9.69115384615385
2017-10-31,0.0170998955979697,223.008084350334,11.78625
2017-11-01,0.00441064738566477,1587.55242849848,11.5016666666667
2017-11-02,NA,NA,16.1337735849057
2017-11-03,0.0153329348905077,269.092555287371,16.1203125
2017-11-04,NA,NA,11.1641666666667
2017-11-05,0.0176353880918751,275.745696528441,10.6189583333333
2017-11-06,0.0460342272438375,82.9113691188111,13.6531632653061
2017-11-07,0.0412885869855578,92.6353893425755,10.5758904109589
2017-11-10,NA,NA,4.53557692307692
2017-11-11,NA,NA,-0.571666666666667
2017-11-12,NA,NA,2.87958333333333
2017-11-13,0.00421062694862262,1198.85435309271,7.06208333333333
2017-11-14,0.00339909357020669,1067.28810800677,7.29512195121951
2017-11-15,0.00332941028940973,1089.66722037103,7.33745454545455
2017-11-16,0.0032857446645079,1120.18156499895,7.54895833333333
2017-11-17,0.00291567551036183,1287.33791536697,6.18916666666667
2017-11-18,0.00289484889011403,1268.02385619581,7.40354166666667
2017-11-19,0.00366500447238849,1029.15371110243,7.68822916666667
2017-11-20,0.00290181125642721,1271.05269448258,5.28979166666667
2017-11-21,0.00308744845265735,1177.79446788431,5.94791666666667
2017-11-22,0.00423661967128344,866.520261806363,7.00291666666667
2017-11-23,0.00422663609439086,875.757567616658,4.62270833333333
2017-11-24,0.00363067479877528,1046.04497193205,4.85197916666667
2017-11-25,0.00333527320749477,1098.05073005362,6.14010416666667
2017-11-26,0.0033911197984049,1104.73098541036,6.0946875
2017-11-27,0.00321509427191149,1155.79707400621,5.62697916666667
2017-11-28,0.00314209919568565,1164.50345707839,5.8890625
2017-11-29,0.0028770905057102,1288.379180046,6.47833333333333
2017-11-30,0.00238619653362469,1532.5154764861,7.04427083333333
2017-12-01,0.00270759475886353,1371.83701256722,7.12354166666667
2017-12-02,0.00169528907801431,2221.58887803449,6.4228125
2017-12-03,0.00183537559512683,2012.46601214954,6.63302083333333
2017-12-04,0.00148735163569511,2538.4165910062,6.35572916666667
2017-12-05,0.00133633450670171,2929.64093222644,7.46729166666667
2017-12-06,0.00142907775942994,3016.73341250079,6.69047058823529
2017-12-07,0.000938212979860866,4768.14244975767,5.59078431372549
2017-12-08,0.0011517926783798,3440.81829710225,4.31395833333333
2017-12-09,0.00126101957141314,3032.90252602734,3.928
2017-12-10,0.000686988563138044,8273.70159685118,2.71836363636364
2017-12-11,0.000599625499181255,9001.83334852795,2.94940677966102
2017-12-12,0.00119943388872072,5015.42551699799,3.30132947976879
2017-12-13,0.001966029075328,2298.09594511652,0.857284768211921
2017-12-14,0.000957910412532489,4903.91074338819,2.53276243093923
2017-12-15,0.00101661977886054,3945.57270966711,2.10544871794872
2017-12-16,0.000738571204297513,7930.69819457528,2.13796460176991
2017-12-17,0.00075173684882326,5482.13637371897,3.22980392156863
2017-12-18,0.00152576860133676,2436.31411855273,5.2754954954955
2017-12-19,0.00193592486618323,1982.12677394489,5.95453781512605
2017-12-20,0.0011126987841152,3401.526998742,6.73964285714286
2017-12-21,0.00111290439376325,3702.51124070204,4.79869565217391
2017-12-22,0.00108876932365421,3642.86524748357,5.61781512605042
2017-12-23,0.00183171564745745,2071.35718955717,7.86447916666667
2017-12-24,0.00112653448236208,3258.85953081156,6.03822916666667
2017-12-25,0.000973674645727111,5184.55169838348,2.48449541284404
2017-12-26,0.000840918122854066,9830.53132470956,1.62990476190476
2017-12-27,0.00100579445996668,3995.42812063521,1.50838095238095
2017-12-28,0.00124367392828617,4480.87949988036,0.277064220183486
2017-12-29,NA,NA,0.26036036036036
2017-12-30,0.000792347767530492,6337.27441645549,0.255520833333333
2017-12-31,0.00334893240936024,1283.08531282449,0.21375
